"ID","Bin","TaxonRelativeAbundance","Kingdom","Phylum","Class","Order","Family","Genus","Species"
"ASV1","Bin56",0.0327719155844156,"Bacteria","Firmicutes","Bacilli","Lactobacillales","Enterococcaceae","Enterococcus","uncultured bacterium"
"ASV2","Bin56",0.030661525974026,"Bacteria","Firmicutes","Bacilli","Lactobacillales","Enterococcaceae","Enterococcus","uncultured bacterium"
"ASV3","Bin56",0.0299229075496544,"Bacteria","Firmicutes","Bacilli","Lactobacillales","Enterococcaceae","Enterococcus","uncultured bacterium"
"ASV4","Bin56",0.0224837662337662,"Bacteria","Firmicutes","Bacilli","Lactobacillales","Enterococcaceae","Enterococcus","uncultured bacterium"
"ASV5","Bin56",0.0121043019480519,"Bacteria","Firmicutes","Bacilli","Lactobacillales","Enterococcaceae","Enterococcus","uncultured bacterium"
"ASV6","Bin56",0.011231737012987,"Bacteria","Firmicutes","Bacilli","Lactobacillales","Enterococcaceae","Enterococcus","uncultured bacterium"
"ASV7","Bin56",0.0105519480519481,"Bacteria","Firmicutes","Bacilli","Lactobacillales","Enterococcaceae","Enterococcus","uncultured bacterium"
"ASV8","Bin48",0.00681889436898979,"Bacteria","Cyanobacteria","Cyanobacteriia","Chloroplast",NA,"uncultured","uncultured bacterium"
"ASV9","Bin48",0.00580395868444533,"Bacteria","Cyanobacteria","Cyanobacteriia","Chloroplast",NA,"uncultured","uncultured bacterium"
"ASV10","Bin65",0.00479996100100968,"Bacteria","Proteobacteria","Gammaproteobacteria","Burkholderiales","Gallionellaceae","Sideroxydans","uncultured bacterium"
"ASV11","Bin99",0.00454810094181779,"Bacteria","Myxococcota","Myxococcia","Myxococcales","Myxococcaceae","uncultured","uncultured bacterium"
"ASV12","Bin65",0.0043857463444115,"Bacteria","Proteobacteria","Gammaproteobacteria","Burkholderiales","Gallionellaceae","Sideroxydans","uncultured bacterium"
"ASV13","Bin65",0.0041817289203159,"Bacteria","Proteobacteria","Gammaproteobacteria","Burkholderiales","Gallionellaceae","Sideroxydans","uncultured bacterium"
"ASV14","Bin99",0.00370582184990582,"Bacteria","Myxococcota","Myxococcia","Myxococcales","Myxococcaceae","uncultured","uncultured bacterium"
"ASV15","Bin61",0.00346529063928437,"Bacteria","Bdellovibrionota","Bdellovibrionia","Bacteriovoracales","Bacteriovoracaceae","Bacteriovorax","uncultured bacterium"
"ASV17","Bin65",0.00306811642601171,"Bacteria","Proteobacteria","Gammaproteobacteria","Burkholderiales","Gallionellaceae","Sideroxydans","uncultured bacterium"
"ASV20","Bin26",0.00286790646327531,"Bacteria","Bacteroidota","Bacteroidia","Chitinophagales","Chitinophagaceae","uncultured","uncultured bacterium"
"ASV22","Bin50",0.00276103267941525,"Bacteria","Proteobacteria","Alphaproteobacteria","Rickettsiales","Mitochondria","uncultured","uncultured bacterium"
"ASV23","Bin62",0.00163258764988986,"Bacteria","Proteobacteria","Gammaproteobacteria","Burkholderiales","Rhodocyclaceae","Azospira","uncultured bacterium"
"ASV24","Bin62",0.00178676195788976,"Bacteria","Proteobacteria","Gammaproteobacteria","Burkholderiales","Rhodocyclaceae","Azospira","uncultured bacterium"
"ASV25","Bin63",0.00252991526405346,"Bacteria","Proteobacteria","Gammaproteobacteria","Burkholderiales","SC-I-84","uncultured","uncultured bacterium"
"ASV26","Bin26",0.00256817823543602,"Bacteria","Bacteroidota","Bacteroidia","Chitinophagales","Chitinophagaceae","uncultured","uncultured bacterium"
"ASV27","Bin26",0.00253527404551018,"Bacteria","Bacteroidota","Bacteroidia","Chitinophagales","Chitinophagaceae","uncultured","uncultured bacterium"
"ASV31","Bin4",0.00239772267683372,"Bacteria","Chloroflexi","Anaerolineae","SBR1031","A4b","uncultured","uncultured bacterium"
"ASV32","Bin50",0.0023378418203378,"Bacteria","Proteobacteria","Alphaproteobacteria","Rickettsiales","Mitochondria","uncultured","uncultured bacterium"
"ASV33","Bin1",0.00223505927194507,"Bacteria","Chloroflexi","Anaerolineae","SBR1031","A4b","OLB15","uncultured bacterium"
"ASV34","Bin27",0.00226153052394055,"Bacteria","Bacteroidota","Bacteroidia","Chitinophagales","Chitinophagaceae","Terrimonas","uncultured bacterium"
"ASV35","Bin15",0.000662352646792688,"Bacteria","Bacteroidota","Ignavibacteria","Ignavibacteriales","Ignavibacteriaceae","Ignavibacterium","uncultured bacterium"
"ASV36","Bin64",0.000826525655856679,"Bacteria","Proteobacteria","Gammaproteobacteria","Burkholderiales","Rhodocyclaceae","Denitratisoma","oestradiolicum"
"ASV38","Bin1",0.00221884690703638,"Bacteria","Chloroflexi","Anaerolineae","SBR1031","A4b","OLB15","uncultured bacterium"
"ASV39","Bin27",0.00214164129308196,"Bacteria","Bacteroidota","Bacteroidia","Chitinophagales","Chitinophagaceae","Terrimonas","uncultured bacterium"
"ASV41","Bin61",0.00223244184488994,"Bacteria","Bdellovibrionota","Bdellovibrionia","Bacteriovoracales","Bacteriovoracaceae","Bacteriovorax","uncultured bacterium"
"ASV42","Bin90",0.00132036826307413,"Bacteria","Proteobacteria","Alphaproteobacteria","Rhizobiales","Xanthobacteraceae","Pseudorhodoplanes","uncultured bacterium"
"ASV43","Bin15",0.000412611087600508,"Bacteria","Bacteroidota","Ignavibacteria","Ignavibacteriales","Ignavibacteriaceae","Ignavibacterium","uncultured bacterium"
"ASV44","Bin36",0.00199945783805484,"Bacteria","Planctomycetota","Planctomycetes","Pirellulales","Pirellulaceae","Pir4 lineage","uncultured bacterium"
"ASV45","Bin71",0.00143372649092338,"Bacteria","Proteobacteria","Gammaproteobacteria","Burkholderiales","Comamonadaceae","Ottowia","uncultured bacterium"
"ASV48","Bin62",0.00196386340811658,"Bacteria","Proteobacteria","Gammaproteobacteria","HOC36",NA,"uncultured","uncultured bacterium"
"ASV49","Bin4",0.0019434780869536,"Bacteria","Chloroflexi","Anaerolineae","SBR1031","A4b","uncultured","uncultured bacterium"
"ASV50","Bin50",0.0019176601070685,"Bacteria","Proteobacteria","Alphaproteobacteria","Rickettsiales","Mitochondria","uncultured","uncultured bacterium"
"ASV52","Bin62",0.00108971646212442,"Bacteria","Proteobacteria","Gammaproteobacteria","Burkholderiales","Rhodocyclaceae","Azospira","uncultured bacterium"
"ASV53","Bin61",0.00191989998660535,"Bacteria","Bdellovibrionota","Bdellovibrionia","Bacteriovoracales","Bacteriovoracaceae","Bacteriovorax","uncultured bacterium"
"ASV55","Bin64",0.000423190859077444,"Bacteria","Proteobacteria","Gammaproteobacteria","Burkholderiales","Rhodocyclaceae","Denitratisoma","uncultured bacterium"
"ASV56","Bin62",0.00177095291828839,"Bacteria","Proteobacteria","Gammaproteobacteria","Burkholderiales","Rhodocyclaceae","Propionivibrio","uncultured bacterium"
"ASV57","Bin108",0.00176235945269275,"Bacteria","Actinobacteriota","Actinobacteria","Kineosporiales","Kineosporiaceae","uncultured","uncultured bacterium"
"ASV58","Bin57",0.00178426149436103,"Bacteria","Firmicutes","Clostridia","Clostridiales","Clostridiaceae","Clostridium sensu stricto 1","uncultured bacterium"
"ASV59","Bin92",0.00173304753290991,"Bacteria","Proteobacteria","Alphaproteobacteria","Rhizobiales","Rhizobiales Incertae Sedis","uncultured","uncultured bacterium"
"ASV60","Bin92",0.00172596238791805,"Bacteria","Proteobacteria","Alphaproteobacteria","Rhizobiales","Rhizobiales Incertae Sedis","uncultured","uncultured bacterium"
"ASV61","Bin71",0.00104340419948228,"Bacteria","Proteobacteria","Gammaproteobacteria","Burkholderiales","Comamonadaceae","uncultured","uncultured bacterium"
"ASV62","Bin64",0.000543209435507362,"Bacteria","Proteobacteria","Gammaproteobacteria","Burkholderiales","Rhodocyclaceae","Denitratisoma","uncultured bacterium"
"ASV63","Bin83",0.00168457854168732,"Bacteria","Proteobacteria","Alphaproteobacteria","Sphingomonadales","Sphingomonadaceae","Sphingobium","uncultured bacterium"
"ASV64","Bin4",0.00169502937646034,"Bacteria","Chloroflexi","Anaerolineae","SBR1031","A4b","uncultured","uncultured bacterium"
"ASV65","Bin62",0.000983230719530503,"Bacteria","Proteobacteria","Gammaproteobacteria","Burkholderiales","Rhodocyclaceae","Azospira","uncultured bacterium"
"ASV66","Bin47",0.00113417351497883,"Bacteria","Acidobacteriota","Blastocatellia","Blastocatellales","Blastocatellaceae","Stenotrophobacter","uncultured bacterium"
"ASV67","Bin37",0.00152392370512349,"Bacteria","Planctomycetota","Planctomycetes","Pirellulales","Pirellulaceae","Pir4 lineage","uncultured bacterium"
"ASV68","Bin1",0.00167122032526914,"Bacteria","Chloroflexi","Anaerolineae","SBR1031","A4b","OLB15","uncultured bacterium"
"ASV69","Bin64",0.00164791425245761,"Bacteria","Proteobacteria","Gammaproteobacteria","Burkholderiales","Rhodocyclaceae","Sulfuritalea","uncultured bacterium"
"ASV70","Bin92",0.00161639052741152,"Bacteria","Proteobacteria","Alphaproteobacteria","Rhizobiales","Rhizobiales Incertae Sedis","uncultured","uncultured bacterium"
"ASV71","Bin67",0.00170036258069109,"Bacteria","Proteobacteria","Gammaproteobacteria","Burkholderiales","Alcaligenaceae","Parvibium","uncultured bacterium"
"ASV72","Bin108",0.0016418658519795,"Bacteria","Actinobacteriota","Actinobacteria","Kineosporiales","Kineosporiaceae","Quadrisphaera","uncultured bacterium"
"ASV74","Bin67",0.00168549359289191,"Bacteria","Proteobacteria","Gammaproteobacteria","Burkholderiales","Alcaligenaceae","Parvibium","uncultured bacterium"
"ASV75","Bin62",0.00150863847292588,"Bacteria","Proteobacteria","Gammaproteobacteria","HOC36",NA,"uncultured","uncultured bacterium"
"ASV76","Bin87",0.00161591790405834,"Bacteria","Proteobacteria","Alphaproteobacteria","Rhizobiales","Devosiaceae","Devosia","uncultured bacterium"
"ASV78","Bin15",0.000370292001692763,"Bacteria","Bacteroidota","Ignavibacteria","Ignavibacteriales","Ignavibacteriaceae","Ignavibacterium","uncultured bacterium"
"ASV79","Bin43",0.000878121032585696,"Bacteria","Nitrospirota","Nitrospiria","Nitrospirales","Nitrospiraceae","Nitrospira","uncultured bacterium"
"ASV80","Bin43",0.001152494749664,"Bacteria","Nitrospirota","Nitrospiria","Nitrospirales","Nitrospiraceae","Nitrospira","uncultured bacterium"
"ASV81","Bin74",0.00151387184562441,"Bacteria","Desulfobacterota","Desulfovibrionia","Desulfovibrionales","Desulfovibrionaceae","Desulfovibrio","uncultured bacterium"
"ASV82","Bin61",0.00164084475599411,"Bacteria","Bdellovibrionota","Bdellovibrionia","Bacteriovoracales","Bacteriovoracaceae","Bacteriovorax","uncultured bacterium"
"ASV84","Bin15",0.00152438233343845,"Bacteria","Bacteroidota","Ignavibacteria","Ignavibacteriales","PHOS-HE36","uncultured","uncultured bacterium"
"ASV85","Bin87",0.00151943900155575,"Bacteria","Proteobacteria","Alphaproteobacteria","Rhizobiales","Devosiaceae","uncultured","uncultured bacterium"
"ASV86","Bin74",0.00153018866958389,"Bacteria","Desulfobacterota","Desulfovibrionia","Desulfovibrionales","Desulfomicrobiaceae","Desulfomicrobium","uncultured bacterium"
"ASV87","Bin59",0.00146262479788024,"Bacteria","Proteobacteria","Gammaproteobacteria","R7C24",NA,"uncultured","uncultured bacterium"
"ASV88","Bin87",0.00129454702483443,"Bacteria","Proteobacteria","Alphaproteobacteria","Rhizobiales","Devosiaceae","Devosia","uncultured bacterium"
"ASV89","Bin60",0.00075903022726258,"Bacteria","Proteobacteria","Gammaproteobacteria","Steroidobacterales","Steroidobacteraceae","Steroidobacter","uncultured bacterium"
"ASV90","Bin62",0.0014724810528533,"Bacteria","Proteobacteria","Gammaproteobacteria","HOC36",NA,"uncultured","uncultured bacterium"
"ASV91","Bin70",0.00150659928798495,"Bacteria","Proteobacteria","Gammaproteobacteria","Burkholderiales","Comamonadaceae","uncultured","uncultured bacterium"
"ASV92","Bin56",0.00150700585045834,"Bacteria","Firmicutes","Clostridia","Peptostreptococcales-Tissierellales","Peptostreptococcaceae","Romboutsia","uncultured bacterium"
"ASV93","Bin16",0.000502299415100237,"Bacteria","Bacteroidota","Bacteroidia","Cytophagales","Microscillaceae","Chryseolinea","uncultured bacterium"
"ASV94","Bin94",0.00144876644710276,"Bacteria","Proteobacteria","Alphaproteobacteria","Rhizobiales","A0839","uncultured","uncultured bacterium"
"ASV95","Bin59",0.00146476228852602,"Bacteria","Proteobacteria","Gammaproteobacteria","R7C24",NA,"uncultured","uncultured bacterium"
"ASV96","Bin60",0.000763064749801255,"Bacteria","Proteobacteria","Gammaproteobacteria","CCD24",NA,"uncultured","uncultured bacterium"
"ASV97","Bin2",0.00141109077864341,"Bacteria","Chloroflexi","Anaerolineae","SBR1031","A4b","uncultured","uncultured bacterium"
"ASV98","Bin92",0.00141099488662171,"Bacteria","Proteobacteria","Alphaproteobacteria","Rhizobiales","Rhizobiales Incertae Sedis","uncultured","uncultured bacterium"
"ASV99","Bin82",0.00136707254088961,"Bacteria","Proteobacteria","Alphaproteobacteria","Rhizobiales","Rhizobiaceae","Shinella","uncultured bacterium"
"ASV100","Bin90",0.00141179524890607,"Bacteria","Proteobacteria","Alphaproteobacteria","Rhizobiales","Xanthobacteraceae","Bradyrhizobium","uncultured bacterium"
"ASV101","Bin72",0.00134478250577362,"Bacteria","Proteobacteria","Gammaproteobacteria","Xanthomonadales","Rhodanobacteraceae","Aquimonas","uncultured bacterium"
"ASV103","Bin92",0.000963973470899081,"Bacteria","Proteobacteria","Alphaproteobacteria","Rhizobiales","Hyphomicrobiaceae","Hyphomicrobium","uncultured bacterium"
"ASV104","Bin65",0.00134043016273654,"Bacteria","Proteobacteria","Gammaproteobacteria","Burkholderiales","Rhodocyclaceae","Sulfuritalea","uncultured bacterium"
"ASV105","Bin71",0.00134823907009022,"Bacteria","Proteobacteria","Gammaproteobacteria","Burkholderiales","Comamonadaceae","Hydrogenophaga","uncultured bacterium"
"ASV107","Bin11",0.00135564804525073,"Bacteria","Chloroflexi","KD4-96",NA,NA,"uncultured","uncultured bacterium"
"ASV108","Bin40",0.0012439524019591,"Bacteria","Planctomycetota","Planctomycetes","Gemmatales","Gemmataceae","uncultured","uncultured bacterium"
"ASV109","Bin87",0.00134265203331172,"Bacteria","Proteobacteria","Alphaproteobacteria","Rhizobiales","Devosiaceae","uncultured","uncultured bacterium"
"ASV110","Bin50",0.0012907321201862,"Bacteria","Proteobacteria","Alphaproteobacteria","Rickettsiales","Mitochondria","uncultured","uncultured bacterium"
"ASV112","Bin107",0.00130104719496835,"Bacteria","Actinobacteriota","Actinobacteria","Frankiales","Sporichthyaceae","Longivirga","uncultured bacterium"
"ASV113","Bin60",0.00129820791888219,"Bacteria","Proteobacteria","Gammaproteobacteria","Acidithiobacillales","Acidithiobacillaceae","KCM-B-112","uncultured bacterium"
"ASV114","Bin79",0.00129479327564954,"Bacteria","Proteobacteria","Alphaproteobacteria","Ferrovibrionales","Ferrovibrionaceae","Ferrovibrio","uncultured bacterium"
"ASV115","Bin77",0.00128113254036056,"Bacteria","Proteobacteria","Alphaproteobacteria","Dongiales","Dongiaceae","Dongia","uncultured bacterium"
"ASV116","Bin64",0.000306813372831147,"Bacteria","Proteobacteria","Gammaproteobacteria","Burkholderiales","Rhodocyclaceae","Denitratisoma","uncultured bacterium"
"ASV117","Bin62",0.00128156909884009,"Bacteria","Proteobacteria","Gammaproteobacteria","Burkholderiales","Rhodocyclaceae","Azospira","uncultured bacterium"
"ASV118","Bin105",0.00130701712660717,"Bacteria","Actinobacteriota","Thermoleophilia","Gaiellales","Gaiellaceae","Gaiella","uncultured bacterium"
"ASV119","Bin28",0.00125157888300478,"Bacteria","Bacteroidota","Bacteroidia","Chitinophagales","Saprospiraceae","uncultured","uncultured bacterium"
"ASV121","Bin71",0.00127595935794856,"Bacteria","Proteobacteria","Gammaproteobacteria","Burkholderiales","Comamonadaceae","Ramlibacter","uncultured bacterium"
"ASV122","Bin25",0.00129326074083701,"Bacteria","Bacteroidota","Bacteroidia","Chitinophagales","Chitinophagaceae","Terrimonas","uncultured bacterium"
"ASV123","Bin83",0.00130597847926062,"Bacteria","Proteobacteria","Alphaproteobacteria","Sphingomonadales","Sphingomonadaceae","Sphingomonas","uncultured bacterium"
"ASV124","Bin43",0.000680894762691432,"Bacteria","Nitrospirota","Nitrospiria","Nitrospirales","Nitrospiraceae","Nitrospira","uncultured bacterium"
"ASV125","Bin10",0.00127589967284624,"Bacteria","Chloroflexi","Anaerolineae","Anaerolineales","Anaerolineaceae","uncultured","uncultured bacterium"
"ASV126","Bin104",0.00125145626514443,"Bacteria","Actinobacteriota","Thermoleophilia","Solirubrobacterales","67-14","uncultured","uncultured bacterium"
"ASV127","Bin38",0.00127733457058166,"Bacteria","Planctomycetota","Planctomycetes","Pirellulales","Pirellulaceae","Pirellula","uncultured bacterium"
"ASV128","Bin65",0.00122064388083303,"Bacteria","Proteobacteria","Gammaproteobacteria","Burkholderiales","Rhodocyclaceae","Sulfuritalea","uncultured bacterium"
"ASV130","Bin52",0.0012625731879401,"Bacteria","Patescibacteria","Saccharimonadia","Saccharimonadales",NA,"uncultured","uncultured bacterium"
"ASV131","Bin4",0.000941599661447313,"Bacteria","Chloroflexi","Anaerolineae","SBR1031","A4b","uncultured","uncultured bacterium"
"ASV132","Bin62",0.00124152675894735,"Bacteria","Proteobacteria","Gammaproteobacteria","Burkholderiales","Nitrosomonadaceae","Ellin6067","uncultured bacterium"
"ASV133","Bin65",0.00124950378684947,"Bacteria","Proteobacteria","Gammaproteobacteria","Burkholderiales","Rhodocyclaceae","Georgfuchsia","uncultured bacterium"
"ASV134","Bin52",0.00122430214330835,"Bacteria","Patescibacteria","Saccharimonadia","Saccharimonadales",NA,"uncultured","uncultured bacterium"
"ASV136","Bin108",0.00120575705706523,"Bacteria","Actinobacteriota","Actinobacteria","Kineosporiales","Kineosporiaceae","uncultured","uncultured bacterium"
"ASV137","Bin6",0.00121512527626586,"Bacteria","Chloroflexi","Anaerolineae","Ardenticatenales",NA,"uncultured","uncultured bacterium"
"ASV138","Bin82",0.000491137205875787,"Bacteria","Proteobacteria","Alphaproteobacteria","Rhizobiales","Rhizobiaceae","Allorhizobium-Neorhizobium-Pararhizobium-Rhizobium","uncultured bacterium"
"ASV139","Bin59",0.001200459785646,"Bacteria","Proteobacteria","Gammaproteobacteria","R7C24",NA,"uncultured","uncultured bacterium"
"ASV140","Bin4",0.000993141859293584,"Bacteria","Chloroflexi","Anaerolineae","SBR1031","A4b","uncultured","uncultured bacterium"
"ASV141","Bin37",0.00116323618511754,"Bacteria","Planctomycetota","Planctomycetes","Pirellulales","Pirellulaceae","Pir4 lineage","uncultured bacterium"
"ASV142","Bin60",0.00111087600507829,"Bacteria","Proteobacteria","Gammaproteobacteria","Acidithiobacillales","Acidithiobacillaceae","KCM-B-112","uncultured bacterium"
"ASV143","Bin107",0.00116328106287822,"Bacteria","Actinobacteriota","Actinobacteria","Micromonosporales","Micromonosporaceae","Phytohabitans","uncultured bacterium"
"ASV144","Bin105",0.00118862790156267,"Bacteria","Actinobacteriota","Thermoleophilia","Gaiellales",NA,"uncultured","uncultured bacterium"
"ASV145","Bin72",0.00115758160038138,"Bacteria","Proteobacteria","Gammaproteobacteria","Xanthomonadales","Rhodanobacteraceae","Aquimonas","uncultured bacterium"
"ASV146","Bin90",0.00112387172151162,"Bacteria","Proteobacteria","Alphaproteobacteria","Rhizobiales","Xanthobacteraceae","Pseudorhodoplanes","uncultured bacterium"
"ASV147","Bin38",0.00111295417447555,"Bacteria","Planctomycetota","Planctomycetes","Pirellulales","Pirellulaceae","Pirellula","uncultured bacterium"
"ASV148","Bin13",0.0011459181619508,"Bacteria","Fibrobacterota","Chitinivibrionia",NA,NA,"uncultured","uncultured bacterium"
"ASV149","Bin63",0.000424163950529089,"Bacteria","Proteobacteria","Gammaproteobacteria","Burkholderiales","B1-7BS","uncultured","uncultured bacterium"
"ASV150","Bin93",0.00113275631980118,"Bacteria","Proteobacteria","Alphaproteobacteria","Rhizobiales","Rhizobiales Incertae Sedis","Nordella","uncultured bacterium"
"ASV151","Bin72",0.00112991497878739,"Bacteria","Proteobacteria","Gammaproteobacteria","Xanthomonadales","Xanthomonadaceae","Pseudoxanthomonas","uncultured bacterium"
"ASV152","Bin62",0.00114358101937354,"Bacteria","Proteobacteria","Gammaproteobacteria","Burkholderiales","Nitrosomonadaceae","Ellin6067","uncultured bacterium"
"ASV153","Bin59",0.0011415563919975,"Bacteria","Proteobacteria","Gammaproteobacteria","R7C24",NA,"uncultured","uncultured bacterium"
"ASV154","Bin67",0.00116086975934277,"Bacteria","Proteobacteria","Gammaproteobacteria","Burkholderiales","Alcaligenaceae","Parvibium","uncultured bacterium"
"ASV155","Bin37",0.00115084349053798,"Bacteria","Planctomycetota","Planctomycetes","Pirellulales","Pirellulaceae","Pir4 lineage","uncultured bacterium"
"ASV156","Bin78",0.00113698981169471,"Bacteria","Proteobacteria","Alphaproteobacteria","Defluviicoccales","Defluviicoccaceae","Defluviicoccus","uncultured bacterium"
"ASV157","Bin70",0.00110701617694044,"Bacteria","Proteobacteria","Gammaproteobacteria","Burkholderiales","Comamonadaceae","uncultured","uncultured bacterium"
"ASV158","Bin59",0.00112496337949937,"Bacteria","Proteobacteria","Gammaproteobacteria","Gammaproteobacteria Incertae Sedis","Unknown Family","Acidibacter","uncultured bacterium"
"ASV159","Bin16",0.00110334749445025,"Bacteria","Bacteroidota","Bacteroidia","Cytophagales","Microscillaceae","Hassallia","uncultured bacterium"
"ASV160","Bin41",0.0011136357448136,"Bacteria","Planctomycetota","Phycisphaerae","Tepidisphaerales","WD2101 soil group","uncultured","uncultured bacterium"
"ASV161","Bin98",0.00111981746952172,"Bacteria","Desulfobacterota","Desulfuromonadia","Geobacterales","Geobacteraceae","uncultured","uncultured bacterium"
"ASV162","Bin92",0.00110870258205506,"Bacteria","Proteobacteria","Alphaproteobacteria","Rhizobiales","Hyphomicrobiaceae","Hyphomicrobium","uncultured bacterium"
"ASV163","Bin108",0.00111301397202496,"Bacteria","Actinobacteriota","Actinobacteria","Streptomycetales","Streptomycetaceae","Streptomyces","uncultured bacterium"
"ASV164","Bin4",0.00107800743744195,"Bacteria","Chloroflexi","Anaerolineae","SBR1031","A4b","uncultured","uncultured bacterium"
"ASV165","Bin93",0.0010815875696506,"Bacteria","Proteobacteria","Alphaproteobacteria","Rhizobiales","Rhizobiales Incertae Sedis","uncultured","uncultured bacterium"
"ASV168","Bin56",0.00113854534089387,"Bacteria","Firmicutes","Bacilli","Bacillales","Bacillaceae","Bacillus","uncultured bacterium"
"ASV169","Bin26",0.00110034966657827,"Bacteria","Bacteroidota","Bacteroidia","Chitinophagales","Chitinophagaceae","Dinghuibacter","uncultured bacterium"
"ASV171","Bin46",0.0010965139310512,"Bacteria","Acidobacteriota","Vicinamibacteria","Vicinamibacterales",NA,"uncultured","uncultured bacterium"
"ASV172","Bin62",0.00104297053190145,"Bacteria","Proteobacteria","Gammaproteobacteria","Burkholderiales","Rhodocyclaceae","Propionivibrio","uncultured bacterium"
"ASV173","Bin52",0.00106346576469019,"Bacteria","Patescibacteria","Saccharimonadia","Saccharimonadales",NA,"uncultured","uncultured bacterium"
"ASV175","Bin90",0.00108709903506929,"Bacteria","Proteobacteria","Alphaproteobacteria","Rhizobiales","Beijerinckiaceae","Microvirga","uncultured bacterium"
"ASV176","Bin55",0.00110131006114554,"Bacteria","Firmicutes","Bacilli","Alicyclobacillales","Alicyclobacillaceae","Tumebacillus","uncultured bacterium"
"ASV177","Bin107",0.00103661659482379,"Bacteria","Actinobacteriota","Actinobacteria","Micromonosporales","Micromonosporaceae","Phytohabitans","uncultured bacterium"
"ASV178","Bin52",0.00107988623971448,"Bacteria","Patescibacteria","Saccharimonadia","Saccharimonadales",NA,"uncultured","uncultured bacterium"
"ASV179","Bin24",0.000412611087600508,"Bacteria","Bacteroidota","Bacteroidia","Chitinophagales","Chitinophagaceae","Terrimonas","uncultured bacterium"
"ASV180","Bin63",0.00105027688752861,"Bacteria","Proteobacteria","Gammaproteobacteria","Burkholderiales","B1-7BS","uncultured","uncultured bacterium"
"ASV181","Bin63",0.000719424460431655,"Bacteria","Proteobacteria","Gammaproteobacteria","Burkholderiales","Nitrosomonadaceae","IS-44","uncultured bacterium"
"ASV182","Bin46",0.000435326159753538,"Bacteria","Acidobacteriota","Vicinamibacteria","Vicinamibacterales",NA,"uncultured","uncultured bacterium"
"ASV183","Bin76",0.00104073128295815,"Bacteria","Proteobacteria","Alphaproteobacteria",NA,NA,"uncultured","uncultured bacterium"
"ASV184","Bin14",0.00101322780583784,"Bacteria","Bacteroidota","Ignavibacteria","SJA-28",NA,"uncultured","uncultured bacterium"
"ASV185","Bin46",0.00104351918164483,"Bacteria","Acidobacteriota","Vicinamibacteria","Vicinamibacterales","Vicinamibacteraceae","Luteitalea","uncultured bacterium"
"ASV186","Bin56",0.00104961235607141,"Bacteria","Firmicutes","Bacilli","Bacillales","Bacillaceae","Bacillus","uncultured bacterium"
"ASV187","Bin36",0.0010336177399371,"Bacteria","Planctomycetota","Planctomycetes","Pirellulales","Pirellulaceae","Pir4 lineage","uncultured bacterium"
"ASV188","Bin24",0.00102264740263726,"Bacteria","Bacteroidota","Bacteroidia","Chitinophagales","Chitinophagaceae","Terrimonas","uncultured bacterium"
"ASV189","Bin24",0.00101266787527782,"Bacteria","Bacteroidota","Bacteroidia","Chitinophagales","Chitinophagaceae","Terrimonas","uncultured bacterium"
"ASV190","Bin78",0.00102711503269276,"Bacteria","Proteobacteria","Alphaproteobacteria","Defluviicoccales","Defluviicoccaceae","Defluviicoccus","uncultured bacterium"
"ASV191","Bin86",0.00101954334197508,"Bacteria","Proteobacteria","Alphaproteobacteria","Rhizobiales","Rhizobiaceae","Mesorhizobium","uncultured bacterium"
"ASV192","Bin16",0.000549373895009781,"Bacteria","Bacteroidota","Bacteroidia","Cytophagales","Microscillaceae","Ohtaekwangia","uncultured bacterium"
"ASV193","Bin87",0.00101960732857703,"Bacteria","Proteobacteria","Alphaproteobacteria","Rhizobiales","Devosiaceae","uncultured","uncultured bacterium"
"ASV194","Bin107",0.00103808545787382,"Bacteria","Actinobacteriota","Actinobacteria","Micromonosporales","Micromonosporaceae","Actinoplanes","uncultured bacterium"
"ASV195","Bin36",0.00103808545787382,"Bacteria","Planctomycetota","Planctomycetes","Pirellulales","Pirellulaceae","Pir4 lineage","uncultured bacterium"
"ASV196","Bin79",0.00102427548546747,"Bacteria","Proteobacteria","Alphaproteobacteria","Tistrellales","Geminicoccaceae","Candidatus Alysiosphaera","uncultured bacterium"
"ASV197","Bin37",0.000969607717187595,"Bacteria","Planctomycetota","Planctomycetes","Pirellulales","Pirellulaceae","Pir4 lineage","uncultured bacterium"
"ASV199","Bin16",0.000680894762691432,"Bacteria","Bacteroidota","Bacteroidia","Cytophagales","Microscillaceae","Ohtaekwangia","uncultured bacterium"
"ASV200","Bin36",0.000951655596836511,"Bacteria","Planctomycetota","Planctomycetes","Pirellulales","Pirellulaceae","Pir4 lineage","uncultured bacterium"
"ASV201","Bin27",0.000989932026410432,"Bacteria","Bacteroidota","Bacteroidia","Chitinophagales","Chitinophagaceae","Edaphobaculum","uncultured bacterium"
"ASV202","Bin88",0.00100327153762268,"Bacteria","Proteobacteria","Alphaproteobacteria","Rhizobiales","Rhodomicrobiaceae","Rhodomicrobium","uncultured bacterium"
"ASV203","Bin53",0.000981259913750372,"Bacteria","Spirochaetota","Spirochaetia","Spirochaetales","Spirochaetaceae","uncultured","uncultured bacterium"
"ASV204","Bin69",0.000979741870724695,"Bacteria","Proteobacteria","Gammaproteobacteria","Burkholderiales","Comamonadaceae","Rubrivivax","uncultured bacterium"
"ASV205","Bin36",0.000962759204401185,"Bacteria","Planctomycetota","Planctomycetes","Pirellulales","Pirellulaceae","Pir4 lineage","uncultured bacterium"
"ASV206","Bin56",0.000978701547069484,"Bacteria","Firmicutes","Bacilli","Bacillales",NA,"uncultured","uncultured bacterium"
"ASV207","Bin88",0.000992366412213741,"Bacteria","Proteobacteria","Alphaproteobacteria","Rhizobiales","Rhodomicrobiaceae","Rhodomicrobium","uncultured bacterium"
"ASV208","Bin105",0.000978154805825058,"Bacteria","Actinobacteriota","Thermoleophilia","Gaiellales","Gaiellaceae","Gaiella","uncultured bacterium"
"ASV209","Bin50",0.000952179432924249,"Bacteria","Proteobacteria","Alphaproteobacteria","Rickettsiales","Mitochondria","uncultured","uncultured bacterium"
"ASV210","Bin71",0.000993436620976024,"Bacteria","Proteobacteria","Gammaproteobacteria","Burkholderiales","Comamonadaceae","Ramlibacter","uncultured bacterium"
"ASV211","Bin36",0.000968391797832939,"Bacteria","Planctomycetota","Planctomycetes","Pirellulales","Pirellulaceae","Pir4 lineage","uncultured bacterium"
"ASV212","Bin1",0.000964128810800029,"Bacteria","Chloroflexi","Anaerolineae","SBR1031","A4b","uncultured","uncultured bacterium"
"ASV213","Bin92",0.000948094977104446,"Bacteria","Proteobacteria","Alphaproteobacteria","Rhizobiales","Hyphomicrobiaceae","Hyphomicrobium","uncultured bacterium"
"ASV214","Bin89",0.000954288464795551,"Bacteria","Proteobacteria","Alphaproteobacteria","Rhizobiales","Ancalomicrobiaceae","Ancalomicrobium","uncultured bacterium"
"ASV215","Bin19",0.000945290998203484,"Bacteria","Bacteroidota","Bacteroidia","Bacteroidales","Bacteroidetes vadinHA17","uncultured","uncultured bacterium"
"ASV216","Bin64",0.000668155263605699,"Bacteria","Proteobacteria","Gammaproteobacteria","Burkholderiales","Rhodocyclaceae","Denitratisoma","uncultured bacterium"
"ASV217","Bin88",0.000970556161395856,"Bacteria","Proteobacteria","Alphaproteobacteria","Rhizobiales","Rhodomicrobiaceae","Rhodomicrobium","uncultured bacterium"
"ASV219","Bin7",0.000975076064917364,"Bacteria","Chloroflexi","Anaerolineae","Caldilineales","Caldilineaceae","uncultured","uncultured bacterium"
"ASV220","Bin32",0.000973019394393304,"Bacteria","Planctomycetota","Planctomycetes","Planctomycetales","Rubinisphaeraceae","SH-PL14","uncultured bacterium"
"ASV221","Bin38",0.000949075460143298,"Bacteria","Planctomycetota","Planctomycetes","Pirellulales","Pirellulaceae","Pirellula","uncultured bacterium"
"ASV222","Bin37",0.000937217665294148,"Bacteria","Planctomycetota","Planctomycetes","Pirellulales","Pirellulaceae","Pir4 lineage","uncultured bacterium"
"ASV223","Bin5",0.000946962232638676,"Bacteria","Chloroflexi","Anaerolineae","SBR1031",NA,"uncultured","uncultured bacterium"
"ASV224","Bin100",0.000959651035986914,"Bacteria","Myxococcota","Polyangia","Haliangiales","Haliangiaceae","Haliangium","uncultured bacterium"
"ASV225","Bin36",0.000919422895806483,"Bacteria","Planctomycetota","Planctomycetes","Pirellulales","Pirellulaceae","Pir4 lineage","uncultured bacterium"
"ASV226","Bin37",0.000950144443616634,"Bacteria","Planctomycetota","Planctomycetes","Pirellulales","Pirellulaceae","Pir4 lineage","uncultured bacterium"
"ASV227","Bin92",0.00092593197174144,"Bacteria","Proteobacteria","Alphaproteobacteria","Rhizobiales","Hyphomicrobiaceae","Hyphomicrobium","uncultured bacterium"
"ASV228","Bin72",0.000919142006649639,"Bacteria","Proteobacteria","Gammaproteobacteria","Xanthomonadales","Xanthomonadaceae","Pseudoxanthomonas","uncultured bacterium"
"ASV230","Bin1",0.000959949993302674,"Bacteria","Chloroflexi","Anaerolineae","SBR1031","A4b","OLB15","uncultured bacterium"
"ASV231","Bin105",0.00071738947112404,"Bacteria","Actinobacteriota","Thermoleophilia","Gaiellales","Gaiellaceae","Gaiella","uncultured bacterium"
"ASV233","Bin71",0.000881935111262864,"Bacteria","Proteobacteria","Gammaproteobacteria","Burkholderiales","Comamonadaceae","Xylophilus","uncultured bacterium"
"ASV234","Bin55",0.000909086125225608,"Bacteria","Firmicutes","Bacilli","Alicyclobacillales","Alicyclobacillaceae","Tumebacillus","uncultured bacterium"
"ASV235","Bin1",0.00090617393648804,"Bacteria","Chloroflexi","Anaerolineae","SBR1031","A4b","uncultured","uncultured bacterium"
"ASV236","Bin71",0.000895279752209147,"Bacteria","Proteobacteria","Gammaproteobacteria","Burkholderiales","Comamonadaceae","Xylophilus","uncultured bacterium"
"ASV237","Bin93",0.000906415111534291,"Bacteria","Proteobacteria","Alphaproteobacteria","Rhizobiales","Rhizobiales Incertae Sedis","Nordella","uncultured bacterium"
"ASV238","Bin4",0.000878121032585696,"Bacteria","Chloroflexi","Anaerolineae","SBR1031","A4b","uncultured","uncultured bacterium"
"ASV239","Bin98",0.000877041612967186,"Bacteria","Desulfobacterota","Desulfuromonadia","Geobacterales","Geobacteraceae","uncultured","uncultured bacterium"
"ASV241","Bin59",0.000910641654424767,"Bacteria","Proteobacteria","Gammaproteobacteria","R7C24",NA,"uncultured","uncultured bacterium"
"ASV242","Bin74",0.000888882417867885,"Bacteria","Desulfobacterota","Desulfovibrionia","Desulfovibrionales","Desulfovibrionaceae","Desulfovibrio","uncultured bacterium"
"ASV243","Bin93",0.00037951511363129,"Bacteria","Proteobacteria","Alphaproteobacteria","Rhizobiales","Rhizobiales Incertae Sedis","uncultured","uncultured bacterium"
"ASV244","Bin60",0.00086754126110876,"Bacteria","Proteobacteria","Gammaproteobacteria","Acidithiobacillales","Acidithiobacillaceae","KCM-B-112","uncultured bacterium"
"ASV245","Bin74",0.00086754126110876,"Bacteria","Desulfobacterota","Desulfovibrionia","Desulfovibrionales",NA,"uncultured","uncultured bacterium"
"ASV246","Bin107",0.000877952586932955,"Bacteria","Actinobacteriota","Actinobacteria","Corynebacteriales","Mycobacteriaceae","Mycobacterium","uncultured bacterium"
"ASV247","Bin71",0.000894220283533261,"Bacteria","Proteobacteria","Gammaproteobacteria","Burkholderiales","Comamonadaceae","Hydrogenophaga","uncultured bacterium"
"ASV248","Bin9",0.000885871046892039,"Bacteria","Chloroflexi","Anaerolineae","Anaerolineales","Anaerolineaceae","uncultured","uncultured bacterium"
"ASV249","Bin62",0.00087220865966095,"Bacteria","Proteobacteria","Gammaproteobacteria","Burkholderiales","Rhodocyclaceae","Dechloromonas","uncultured bacterium"
"ASV250","Bin46",0.000904138947180426,"Bacteria","Acidobacteriota","Vicinamibacteria","Vicinamibacterales",NA,"uncultured","uncultured bacterium"
"ASV251","Bin65",0.000904138947180426,"Bacteria","Proteobacteria","Gammaproteobacteria","Burkholderiales","Rhodocyclaceae","Georgfuchsia","uncultured bacterium"
"ASV252","Bin105",0.000887830690250045,"Bacteria","Actinobacteriota","Thermoleophilia","Gaiellales","Gaiellaceae","Gaiella","uncultured bacterium"
"ASV253","Bin94",0.000877083741675578,"Bacteria","Proteobacteria","Alphaproteobacteria","Caulobacterales","Caulobacteraceae","uncultured","uncultured bacterium"
"ASV254","Bin88",0.000861631932741981,"Bacteria","Proteobacteria","Alphaproteobacteria","Rhizobiales","Rhodomicrobiaceae","Rhodomicrobium","uncultured bacterium"
"ASV255","Bin14",0.000423190859077444,"Bacteria","Bacteroidota","Kryptonia","Kryptoniales","BSV26","uncultured","uncultured bacterium"
"ASV256","Bin52",0.000883315158124318,"Bacteria","Patescibacteria","Saccharimonadia","Saccharimonadales",NA,"uncultured","uncultured bacterium"
"ASV257","Bin53",0.000883315158124318,"Bacteria","Spirochaetota","Spirochaetia","Spirochaetales","Spirochaetaceae","uncultured","uncultured bacterium"
"ASV258","Bin28",0.000821834415584416,"Bacteria","Bacteroidota","Bacteroidia","Chitinophagales","Saprospiraceae","uncultured","uncultured bacterium"
"ASV260","Bin62",0.000846381718154888,"Bacteria","Proteobacteria","Gammaproteobacteria","Burkholderiales","Hydrogenophilaceae","uncultured","uncultured bacterium"
"ASV261","Bin52",0.000864168696737453,"Bacteria","Patescibacteria","Saccharimonadia","Saccharimonadales",NA,"uncultured","uncultured bacterium"
"ASV264","Bin1",0.000881814528731527,"Bacteria","Chloroflexi","Anaerolineae","SBR1031","A4b","OLB15","uncultured bacterium"
"ASV265","Bin16",0.000881814528731527,"Bacteria","Bacteroidota","Bacteroidia","Cytophagales","Microscillaceae","Ohtaekwangia","uncultured bacterium"
"ASV266","Bin55",0.000870165773781254,"Bacteria","Firmicutes","Bacilli","Alicyclobacillales","Alicyclobacillaceae","Tumebacillus","uncultured bacterium"
"ASV267","Bin74",0.000832766273612126,"Bacteria","Desulfobacterota","Desulfovibrionia","Desulfovibrionales","Desulfovibrionaceae","Desulfovibrio","uncultured bacterium"
"ASV268","Bin10",0.000692413502528006,"Bacteria","Chloroflexi","Anaerolineae","Anaerolineales","Anaerolineaceae","UTCFX1","uncultured bacterium"
"ASV269","Bin103",0.000172483766233766,"Bacteria","Verrucomicrobiota","Verrucomicrobiae","Pedosphaerales","Pedosphaeraceae","uncultured","uncultured bacterium"
"ASV270","Bin63",0.000870652319507077,"Bacteria","Proteobacteria","Gammaproteobacteria","Burkholderiales","Nitrosomonadaceae","MND1","uncultured bacterium"
"ASV271","Bin24",0.000843860183121451,"Bacteria","Bacteroidota","Bacteroidia","Chitinophagales","Chitinophagaceae","Terrimonas","uncultured bacterium"
"ASV272","Bin59",0.000842265406762394,"Bacteria","Proteobacteria","Gammaproteobacteria","R7C24",NA,"uncultured","uncultured bacterium"
"ASV273","Bin59",0.000838702510160814,"Bacteria","Proteobacteria","Gammaproteobacteria","R7C24",NA,"uncultured","uncultured bacterium"
"ASV274","Bin22",0.000842140579665333,"Bacteria","Bacteroidota","Bacteroidia","Sphingobacteriales","Lentimicrobiaceae","uncultured","uncultured bacterium"
"ASV275","Bin10",0.000648451153760422,"Bacteria","Chloroflexi","Anaerolineae","Anaerolineales","Anaerolineaceae","UTCFX1","uncultured bacterium"
"ASV276","Bin52",0.000845394118985394,"Bacteria","Patescibacteria","Saccharimonadia","Saccharimonadales",NA,"uncultured","uncultured bacterium"
"ASV277","Bin84",0.000846044826849406,"Bacteria","Proteobacteria","Alphaproteobacteria","Sphingomonadales","Sphingomonadaceae","Altererythrobacter","uncultured bacterium"
"ASV278","Bin1",0.000850599781897492,"Bacteria","Chloroflexi","Anaerolineae","SBR1031","A4b","OLB15","uncultured bacterium"
"ASV279","Bin21",0.000859490110282627,"Bacteria","Bacteroidota","Bacteroidia","Bacteroidetes VC2.1 Bac22",NA,"uncultured","uncultured bacterium"
"ASV280","Bin16",0.000842016977857219,"Bacteria","Bacteroidota","Bacteroidia","Cytophagales","Microscillaceae","uncultured","uncultured bacterium"
"ASV281","Bin88",0.000825586888540692,"Bacteria","Proteobacteria","Alphaproteobacteria","Rhizobiales","Rhodomicrobiaceae","Rhodomicrobium","uncultured bacterium"
"ASV282","Bin13",0.000497249259415997,"Bacteria","Fibrobacterota","Chitinivibrionia",NA,NA,"uncultured","uncultured bacterium"
"ASV285","Bin46",0.00083260208187531,"Bacteria","Acidobacteriota","Vicinamibacteria","Vicinamibacterales","Vicinamibacteraceae","uncultured","uncultured bacterium"
"ASV286","Bin45",0.000817844741207803,"Bacteria","Acidobacteriota","Vicinamibacteria","Vicinamibacterales","Vicinamibacteraceae","uncultured","uncultured bacterium"
"ASV287","Bin65",0.000806386038913123,"Bacteria","Proteobacteria","Gammaproteobacteria","Burkholderiales","Rhodocyclaceae","Georgfuchsia","uncultured bacterium"
"ASV288","Bin74",0.000804062632247143,"Bacteria","Desulfobacterota","Desulfovibrionia","Desulfovibrionales","Desulfovibrionaceae","Desulfovibrio","uncultured bacterium"
"ASV289","Bin101",0.000806018885694458,"Bacteria","Desulfobacterota","Desulfobulbia","Desulfobulbales","Desulfobulbaceae","Desulfobulbus","uncultured bacterium"
"ASV290","Bin62",0.000837165691833728,"Bacteria","Proteobacteria","Gammaproteobacteria","Burkholderiales","Nitrosomonadaceae","Ellin6067","uncultured bacterium"
"ASV291","Bin82",0.000793482860770207,"Bacteria","Proteobacteria","Alphaproteobacteria","Rhizobiales","Rhizobiaceae","Allorhizobium-Neorhizobium-Pararhizobium-Rhizobium","uncultured bacterium"
"ASV292","Bin15",0.000804544894458415,"Bacteria","Bacteroidota","Kryptonia","Kryptoniales","BSV26","uncultured","uncultured bacterium"
"ASV293","Bin15",0.000817884405670665,"Bacteria","Bacteroidota","Ignavibacteria","Ignavibacteriales","Ignavibacteriaceae","Ignavibacterium","uncultured bacterium"
"ASV297","Bin63",0.000820604722483621,"Bacteria","Proteobacteria","Gammaproteobacteria","Burkholderiales","B1-7BS","uncultured","uncultured bacterium"
"ASV298","Bin83",0.000805035723698788,"Bacteria","Proteobacteria","Alphaproteobacteria","Sphingomonadales","Sphingomonadaceae","Sphingomonas","uncultured bacterium"
"ASV299","Bin92",0.000795903418662888,"Bacteria","Proteobacteria","Alphaproteobacteria","Rhizobiales","Hyphomicrobiaceae","Hyphomicrobium","uncultured bacterium"
"ASV300","Bin27",0.000782903089293271,"Bacteria","Bacteroidota","Bacteroidia","Chitinophagales","Chitinophagaceae","Terrimonas","uncultured bacterium"
"ASV301","Bin90",0.000782903089293271,"Bacteria","Proteobacteria","Alphaproteobacteria","Rhizobiales","Xanthobacteraceae","Rhodoplanes","uncultured bacterium"
"ASV302","Bin50",0.000806979280261723,"Bacteria","Proteobacteria","Alphaproteobacteria","Rickettsiales","Mitochondria","uncultured","uncultured bacterium"
"ASV303","Bin9",0.000806979280261723,"Bacteria","Chloroflexi","Anaerolineae","Anaerolineales","Anaerolineaceae","Leptolinea","uncultured bacterium"
"ASV305","Bin15",0.000797873741561333,"Bacteria","Bacteroidota","Ignavibacteria","Ignavibacteriales","Melioribacteraceae","IheB3-7","uncultured bacterium"
"ASV306","Bin47",0.000772323317816335,"Bacteria","Acidobacteriota","Blastocatellia","Pyrinomonadales","Pyrinomonadaceae","RB41","uncultured bacterium"
"ASV307","Bin49",0.000285653829877275,"Archaea","Crenarchaeota","Nitrososphaeria","Nitrosopumilales","Nitrosopumilaceae","Candidatus Nitrosotenuis","uncultured bacterium"
"ASV308","Bin53",0.000796074154852781,"Bacteria","Spirochaetota","Spirochaetia","Spirochaetales","Spirochaetaceae","uncultured","uncultured bacterium"
"ASV309","Bin57",0.000771785466441955,"Bacteria","Firmicutes","Clostridia","Gracilibacteraceae",NA,"uncultured","uncultured bacterium"
"ASV311","Bin72",0.000803679064160379,"Bacteria","Proteobacteria","Gammaproteobacteria","Xanthomonadales","Xanthomonadaceae","Arenimonas","uncultured bacterium"
"ASV312","Bin1",0.000803679064160379,"Bacteria","Chloroflexi","Anaerolineae","SBR1031","A4b","OLB15","uncultured bacterium"
"ASV313","Bin6",0.000785389168250154,"Bacteria","Chloroflexi","Anaerolineae","Ardenticatenales",NA,"uncultured","uncultured bacterium"
"ASV314","Bin46",0.000768901332843533,"Bacteria","Acidobacteriota","Vicinamibacteria","Vicinamibacterales",NA,"uncultured","uncultured bacterium"
"ASV315","Bin63",0.000770747620699911,"Bacteria","Proteobacteria","Gammaproteobacteria","Burkholderiales","SC-I-84","uncultured","uncultured bacterium"
"ASV317","Bin17",0.000726470008593451,"Bacteria","Bacteroidota","Bacteroidia","Cytophagales","Microscillaceae","OLB12","uncultured bacterium"
"ASV318","Bin82",0.000751163774862463,"Bacteria","Proteobacteria","Alphaproteobacteria","Rhizobiales","Rhizobiaceae","uncultured","uncultured bacterium"
"ASV319","Bin2",0.000774263904034896,"Bacteria","Chloroflexi","Anaerolineae","SBR1031","A4b","uncultured","uncultured bacterium"
"ASV320","Bin15",0.000746939129572717,"Bacteria","Bacteroidota","Kryptonia","Kryptoniales","BSV26","uncultured","uncultured bacterium"
"ASV321","Bin90",0.000720373376623377,"Bacteria","Proteobacteria","Alphaproteobacteria","Rhizobiales","Xanthobacteraceae","Bradyrhizobium","uncultured bacterium"
"ASV327","Bin60",0.000740584003385527,"Bacteria","Proteobacteria","Gammaproteobacteria","Acidithiobacillales","Acidithiobacillaceae","KCM-B-112","uncultured bacterium"
"ASV328","Bin74",0.000740584003385527,"Bacteria","Desulfobacterota","Desulfovibrionia","Desulfovibrionales","Desulfovibrionaceae","Desulfovibrio","uncultured bacterium"
"ASV329","Bin94",0.000736247327577205,"Bacteria","Proteobacteria","Alphaproteobacteria","Micropepsales","Micropepsaceae","uncultured","uncultured bacterium"
"ASV330","Bin16",0.000763358778625954,"Bacteria","Bacteroidota","Bacteroidia","Cytophagales","Microscillaceae","Hassallia","uncultured bacterium"
"ASV331","Bin28",0.000710227272727273,"Bacteria","Bacteroidota","Bacteroidia","Chitinophagales","Saprospiraceae","uncultured","uncultured bacterium"
"ASV335","Bin91",0.00077019243648703,"Bacteria","Proteobacteria","Alphaproteobacteria","Rhizobiales","Pleomorphomonadaceae","Chthonobacter","uncultured bacterium"
"ASV336","Bin89",0.00077019243648703,"Bacteria","Proteobacteria","Alphaproteobacteria","Rhizobiales","Rhizobiales Incertae Sedis","Bauldia","uncultured bacterium"
"ASV337","Bin36",0.00074281786235389,"Bacteria","Planctomycetota","Planctomycetes","Pirellulales","Pirellulaceae","Pir4 lineage","uncultured bacterium"
"ASV338","Bin7",0.000728923986319025,"Bacteria","Chloroflexi","Anaerolineae","Caldilineales","Caldilineaceae","uncultured","uncultured bacterium"
"ASV340","Bin11",0.00075903022726258,"Bacteria","Chloroflexi","KD4-96",NA,NA,"uncultured","uncultured bacterium"
"ASV341","Bin70",0.00075903022726258,"Bacteria","Proteobacteria","Gammaproteobacteria","Burkholderiales","Comamonadaceae","uncultured","uncultured bacterium"
"ASV342","Bin85",0.00075903022726258,"Bacteria","Proteobacteria","Alphaproteobacteria","Sphingomonadales","Sphingomonadaceae","Novosphingobium","uncultured bacterium"
"ASV343","Bin56",0.000753374383321415,"Bacteria","Firmicutes","Bacilli","Bacillales","Bacillaceae","Fictibacillus","uncultured bacterium"
"ASV344","Bin47",0.000753117299505907,"Bacteria","Acidobacteriota","Blastocatellia","Blastocatellales","Blastocatellaceae","Stenotrophobacter","uncultured bacterium"
"ASV345","Bin87",0.000723082151944741,"Bacteria","Proteobacteria","Alphaproteobacteria","Rhizobiales","Devosiaceae","Devosia","uncultured bacterium"
"ASV346","Bin62",0.000719424460431655,"Bacteria","Proteobacteria","Gammaproteobacteria","Burkholderiales","Rhodocyclaceae","uncultured","uncultured bacterium"
"ASV347","Bin87",0.00074154852780807,"Bacteria","Proteobacteria","Alphaproteobacteria","Rhizobiales","Devosiaceae","Devosia","uncultured bacterium"
"ASV348","Bin78",0.00074154852780807,"Bacteria","Proteobacteria","Alphaproteobacteria","Defluviicoccales","Defluviicoccaceae","Defluviicoccus","uncultured bacterium"
"ASV349","Bin53",0.00074154852780807,"Bacteria","Spirochaetota","Spirochaetia","Spirochaetales","Spirochaetaceae","uncultured","uncultured bacterium"
"ASV350","Bin16",0.000730594227456251,"Bacteria","Bacteroidota","Bacteroidia","Cytophagales","Microscillaceae","uncultured","uncultured bacterium"
"ASV351","Bin93",0.000708844688954719,"Bacteria","Proteobacteria","Alphaproteobacteria","Rhizobiales","Rhizobiales Incertae Sedis","uncultured","uncultured bacterium"
"ASV352","Bin18",0.000730643402399128,"Bacteria","Bacteroidota","Bacteroidia","Bacteroidales","Paludibacteraceae","uncultured","uncultured bacterium"
"ASV355","Bin107",0.000712319280933381,"Bacteria","Actinobacteriota","Actinobacteria","Corynebacteriales","Mycobacteriaceae","Mycobacterium","uncultured bacterium"
"ASV356","Bin93",0.000717637900029216,"Bacteria","Proteobacteria","Alphaproteobacteria","Rhizobiales","Rhizobiales Incertae Sedis","Nordella","uncultured bacterium"
"ASV357","Bin76",0.000709913672428055,"Bacteria","Proteobacteria","Alphaproteobacteria",NA,NA,"uncultured","uncultured bacterium"
"ASV358","Bin24",0.000708748796933027,"Bacteria","Bacteroidota","Bacteroidia","Chitinophagales","Chitinophagaceae","Terrimonas","uncultured bacterium"
"ASV359","Bin13",0.000698264917477783,"Bacteria","Fibrobacterota","Chitinivibrionia",NA,NA,"uncultured","uncultured bacterium"
"ASV360","Bin62",0.000698264917477783,"Bacteria","Proteobacteria","Gammaproteobacteria","HOC36",NA,"uncultured","uncultured bacterium"
"ASV361","Bin56",0.000691759903765299,"Bacteria","Firmicutes","Clostridia","Peptostreptococcales-Tissierellales","Peptostreptococcaceae","Romboutsia","uncultured bacterium"
"ASV362","Bin14",0.000169276343630978,"Bacteria","Bacteroidota","Kryptonia","Kryptoniales","BSV26","uncultured","uncultured bacterium"
"ASV363","Bin53",0.000719738276990185,"Bacteria","Spirochaetota","Spirochaetia","Spirochaetales","Spirochaetaceae","uncultured","uncultured bacterium"
"ASV364","Bin19",0.000719738276990185,"Bacteria","Bacteroidota","Bacteroidia","Bacteroidales","Bacteroidetes BD2-2","uncultured","uncultured bacterium"
"ASV365","Bin89",0.000719738276990185,"Bacteria","Proteobacteria","Alphaproteobacteria","Rhizobiales","Ancalomicrobiaceae","Ancalomicrobium","uncultured bacterium"
"ASV366","Bin71",0.000719738276990185,"Bacteria","Proteobacteria","Gammaproteobacteria","Burkholderiales","Comamonadaceae","Hydrogenophaga","uncultured bacterium"
"ASV367","Bin8",0.000709870997323287,"Bacteria","Chloroflexi","Anaerolineae","Ardenticatenales",NA,"uncultured","uncultured bacterium"
"ASV368","Bin4",0.000669642857142857,"Bacteria","Chloroflexi","Anaerolineae","SBR1031","A4b","uncultured","uncultured bacterium"
"ASV372","Bin98",0.000725543599589231,"Bacteria","Desulfobacterota","Desulfuromonadia","Geobacterales","Geobacteraceae","Geobacter","uncultured bacterium"
"ASV373","Bin102",0.000725543599589231,"Bacteria","Bdellovibrionota","Bdellovibrionia","Bdellovibrionales","Bdellovibrionaceae","Bdellovibrio","uncultured bacterium"
"ASV374","Bin8",0.000725543599589231,"Bacteria","Chloroflexi","Anaerolineae","RBG-13-54-9",NA,"uncultured","uncultured bacterium"
"ASV375","Bin17",0.000710400218153877,"Bacteria","Bacteroidota","Bacteroidia","Cytophagales","Microscillaceae","uncultured","uncultured bacterium"
"ASV376","Bin35",0.000687685146000846,"Bacteria","Planctomycetota","Planctomycetes","Pirellulales","Pirellulaceae","Pirellula","uncultured bacterium"
"ASV377","Bin62",0.000689857613760286,"Bacteria","Proteobacteria","Gammaproteobacteria","Burkholderiales","Rhodocyclaceae","Dechloromonas","uncultured bacterium"
"ASV384","Bin80",0.000518408802369869,"Bacteria","Proteobacteria","Alphaproteobacteria","Caulobacterales","Hyphomonadaceae","SWB02","uncultured bacterium"
"ASV385","Bin30",0.000697928026172301,"Bacteria","Acidobacteriota","Thermoanaerobaculia","Thermoanaerobaculales","Thermoanaerobaculaceae","Subgroup 10","uncultured bacterium"
"ASV386","Bin70",0.000669844230197284,"Bacteria","Proteobacteria","Gammaproteobacteria","Burkholderiales","Comamonadaceae","Sphaerotilus","uncultured bacterium"
"ASV391","Bin6",0.000703219181140331,"Bacteria","Chloroflexi","Anaerolineae","Ardenticatenales",NA,"uncultured","uncultured bacterium"
"ASV392","Bin11",0.000703219181140331,"Bacteria","Chloroflexi","KD4-96",NA,NA,"uncultured","uncultured bacterium"
"ASV393","Bin90",0.000683311750792845,"Bacteria","Proteobacteria","Alphaproteobacteria","Rhizobiales","Xanthobacteraceae","Pseudorhodoplanes","uncultured bacterium"
"ASV394","Bin49",5.58110461222485e-05,"Archaea","Crenarchaeota","Nitrososphaeria","Nitrosopumilales","Nitrosopumilaceae","Candidatus Nitrosotenuis","uncultured bacterium"
"ASV395","Bin12",0.000687022900763359,"Bacteria","Firmicutes","Negativicutes","Veillonellales-Selenomonadales","Sporomusaceae","uncultured","uncultured bacterium"
"ASV396","Bin91",0.000671083448993754,"Bacteria","Proteobacteria","Alphaproteobacteria","Rhizobiales","Pleomorphomonadaceae","Pleomorphomonas","uncultured bacterium"
"ASV400","Bin83",0.000687943630867762,"Bacteria","Proteobacteria","Alphaproteobacteria","Sphingomonadales","Sphingomonadaceae","Ellin6055","uncultured bacterium"
"ASV401","Bin89",0.000655945831570038,"Bacteria","Proteobacteria","Alphaproteobacteria","Rhizobiales","Ancalomicrobiaceae","Ancalomicrobium","uncultured bacterium"
"ASV402","Bin43",0.000655945831570038,"Bacteria","Nitrospirota","Nitrospiria","Nitrospirales","Nitrospiraceae","Nitrospira","uncultured bacterium"
"ASV403","Bin27",0.000655945831570038,"Bacteria","Bacteroidota","Bacteroidia","Chitinophagales","Chitinophagaceae","uncultured","uncultured bacterium"
"ASV404","Bin90",0.000655945831570038,"Bacteria","Proteobacteria","Alphaproteobacteria","Rhizobiales","Xanthobacteraceae","Pseudolabrys","uncultured bacterium"
"ASV405","Bin13",0.000655945831570038,"Bacteria","DTB120",NA,NA,NA,"uncultured","uncultured bacterium"
"ASV406","Bin89",0.000655945831570038,"Bacteria","Proteobacteria","Alphaproteobacteria","Rhizobiales","Ancalomicrobiaceae","Ancalomicrobium","uncultured bacterium"
"ASV407","Bin68",0.00065605497118992,"Bacteria","Proteobacteria","Gammaproteobacteria","Burkholderiales","Comamonadaceae","Rhizobacter","uncultured bacterium"
"ASV408","Bin72",0.000349132458738891,"Bacteria","Proteobacteria","Gammaproteobacteria","Xanthomonadales","Xanthomonadaceae","Lysobacter","uncultured bacterium"
"ASV409","Bin25",0.000275074058400339,"Bacteria","Bacteroidota","Bacteroidia","Chitinophagales","Chitinophagaceae","Terrimonas","uncultured bacterium"
"ASV410","Bin92",0.000670912112442319,"Bacteria","Proteobacteria","Alphaproteobacteria","Rhizobiales","Hyphomicrobiaceae","Hyphomicrobium","uncultured bacterium"
"ASV411","Bin71",0.000492697608252134,"Bacteria","Proteobacteria","Gammaproteobacteria","Burkholderiales","Comamonadaceae","uncultured","uncultured bacterium"
"ASV412","Bin91",0.000676117775354417,"Bacteria","Proteobacteria","Alphaproteobacteria","Rhizobiales","Pleomorphomonadaceae","Pleomorphomonas","uncultured bacterium"
"ASV415","Bin35",0.000680894762691432,"Bacteria","Planctomycetota","Planctomycetes","Pirellulales","Pirellulaceae","Pirellula","uncultured bacterium"
"ASV416","Bin31",0.000665751381256078,"Bacteria","Planctomycetota","Planctomycetes","Planctomycetales",NA,"uncultured","uncultured bacterium"
"ASV417","Bin93",0.000649603661593483,"Bacteria","Proteobacteria","Alphaproteobacteria","Rhizobiales","Rhizobiales Incertae Sedis","Nordella","uncultured bacterium"
"ASV418","Bin75",0.000645366060093102,"Bacteria","Campylobacterota","Campylobacteria","Campylobacterales",NA,"uncultured","uncultured bacterium"
"ASV419","Bin13",0.000645366060093102,"Bacteria","Fibrobacterota","Chitinivibrionia",NA,NA,"uncultured","uncultured bacterium"
"ASV420","Bin27",0.00019043588658485,"Bacteria","Bacteroidota","Bacteroidia","Chitinophagales","Chitinophagaceae","Flavihumibacter","uncultured bacterium"
"ASV421","Bin4",0.000665212649945474,"Bacteria","Chloroflexi","Anaerolineae","SBR1031","A4b","uncultured","uncultured bacterium"
"ASV422","Bin91",0.000640923961534649,"Bacteria","Proteobacteria","Alphaproteobacteria","Rhizobiales","Pleomorphomonadaceae","Pleomorphomonas","uncultured bacterium"
"ASV427","Bin90",0.000669732553466982,"Bacteria","Proteobacteria","Alphaproteobacteria","Rhizobiales","Xanthobacteraceae","uncultured","uncultured bacterium"
"ASV428","Bin46",0.000669732553466982,"Bacteria","Acidobacteriota","Vicinamibacteria","Vicinamibacterales",NA,"uncultured","uncultured bacterium"
"ASV429","Bin43",0.000332768957998125,"Bacteria","Nitrospirota","Nitrospiria","Nitrospirales","Nitrospiraceae","Nitrospira","uncultured bacterium"
"ASV430","Bin49",5.28988573846805e-05,"Bacteria","Margulisbacteria",NA,NA,NA,"uncultured","uncultured bacterium"
"ASV431","Bin28",0.000626982750074353,"Bacteria","Bacteroidota","Bacteroidia","Chitinophagales","Saprospiraceae","uncultured","uncultured bacterium"
"ASV438","Bin16",0.000323704067509041,"Bacteria","Bacteroidota","Bacteroidia","Cytophagales","Microscillaceae","Hassallia","uncultured bacterium"
"ASV439","Bin95",0.00062420651713923,"Bacteria","Proteobacteria","Alphaproteobacteria","Micavibrionales",NA,"uncultured","uncultured bacterium"
"ASV440","Bin86",0.00062420651713923,"Bacteria","Proteobacteria","Alphaproteobacteria","Rhizobiales","Rhizobiaceae","Pseudaminobacter","uncultured bacterium"
"ASV441","Bin89",0.000628436118255309,"Bacteria","Proteobacteria","Alphaproteobacteria","Rhizobiales","Rhizobiales Incertae Sedis","Bauldia","uncultured bacterium"
"ASV442","Bin108",0.00064340239912759,"Bacteria","Actinobacteriota","Actinobacteria","PeM15",NA,"uncultured","uncultured bacterium"
"ASV443","Bin10",0.00064340239912759,"Bacteria","Chloroflexi","Anaerolineae","Anaerolineales","Anaerolineaceae","uncultured","uncultured bacterium"
"ASV446","Bin26",0.000647408135018083,"Bacteria","Bacteroidota","Bacteroidia","Chitinophagales","Chitinophagaceae","Niastella","uncultured bacterium"
"ASV447","Bin7",0.000635759380067811,"Bacteria","Chloroflexi","Chloroflexia","Thermomicrobiales","JG30-KF-CM45","uncultured","uncultured bacterium"
"ASV448","Bin37",0.000638924369106335,"Bacteria","Planctomycetota","Planctomycetes","Pirellulales","Pirellulaceae","Pir4 lineage","uncultured bacterium"
"ASV449","Bin13",0.000626440376107593,"Bacteria","Fibrobacterota","Fibrobacteria","Fibrobacterales","Fibrobacteraceae","possible genus 04","uncultured bacterium"
"ASV450","Bin14",0.000111622092244497,"Bacteria","Bacteroidota","Kryptonia","Kryptoniales","BSV26","uncultured","uncultured bacterium"
"ASV451","Bin54",0.000632497273718648,"Bacteria","Spirochaetota","Spirochaetia","Spirochaetales","Spirochaetaceae","Treponema","uncultured bacterium"
"ASV454","Bin20",0.000636245925793633,"Bacteria","Bacteroidota","Bacteroidia","Flavobacteriales","Flavobacteriaceae","Flavobacterium","uncultured bacterium"
"ASV455","Bin107",0.000636245925793633,"Bacteria","Actinobacteriota","Actinobacteria","Micromonosporales","Micromonosporaceae","uncultured","uncultured bacterium"
"ASV456","Bin34",0.000611783540398062,"Bacteria","Planctomycetota","Planctomycetes","Pirellulales","Pirellulaceae","uncultured","uncultured bacterium"
"ASV457","Bin79",0.000603046974185358,"Bacteria","Proteobacteria","Alphaproteobacteria","Ferrovibrionales","Ferrovibrionaceae","Ferrovibrio","uncultured bacterium"
"ASV458","Bin61",0.000601312303862029,"Bacteria","Proteobacteria","Gammaproteobacteria","Methylococcales","Methylococcaceae","Methyloparacoccus","uncultured bacterium"
"ASV459","Bin2",0.000621592148309706,"Bacteria","Chloroflexi","Anaerolineae","SBR1031","A4b","uncultured","uncultured bacterium"
"ASV460","Bin72",0.00023336038961039,"Bacteria","Proteobacteria","Gammaproteobacteria","Xanthomonadales","Xanthomonadaceae","Pseudoxanthomonas","uncultured bacterium"
"ASV466","Bin17",0.000625083716569183,"Bacteria","Bacteroidota","Bacteroidia","Cytophagales","Microscillaceae","uncultured","uncultured bacterium"
"ASV467","Bin1",0.000625083716569183,"Bacteria","Chloroflexi","Anaerolineae","SBR1031","A4b","uncultured","uncultured bacterium"
"ASV468","Bin84",0.000625083716569183,"Bacteria","Proteobacteria","Alphaproteobacteria","Sphingomonadales","Sphingomonadaceae","Altererythrobacter","uncultured bacterium"
"ASV469","Bin87",0.000607196679930233,"Bacteria","Proteobacteria","Alphaproteobacteria","Rhizobiales","Devosiaceae","Devosia","uncultured bacterium"
"ASV470","Bin42",0.000598874017931071,"Bacteria","Planctomycetota","vadinHA49",NA,NA,"uncultured","uncultured bacterium"
"ASV471","Bin6",0.000592467202708422,"Bacteria","Chloroflexi","Anaerolineae","SBR1031",NA,"uncultured","uncultured bacterium"
"ASV472","Bin91",0.000592467202708422,"Bacteria","Proteobacteria","Alphaproteobacteria","Rhizobiales","Pleomorphomonadaceae","Pleomorphomonas","uncultured bacterium"
"ASV473","Bin44",7.40584003385527e-05,"Bacteria","Sumerlaeota","Sumerlaeia",NA,NA,"uncultured","uncultured bacterium"
"ASV474","Bin13",0.000610687022900763,"Bacteria","Fibrobacterota","Fibrobacteria","Fibrobacterales","Fibrobacteraceae","possible genus 04","uncultured bacterium"
"ASV475","Bin58",0.000610687022900763,"Bacteria","Firmicutes","Clostridia","Oscillospirales","Hungateiclostridiaceae","Ruminiclostridium","uncultured bacterium"
"ASV476","Bin24",0.000568181818181818,"Bacteria","Bacteroidota","Bacteroidia","Chitinophagales","Chitinophagaceae","Terrimonas","uncultured bacterium"
"ASV480","Bin65",0.000613921507344734,"Bacteria","Proteobacteria","Gammaproteobacteria","Burkholderiales","Rhodocyclaceae","Georgfuchsia","uncultured bacterium"
"ASV481","Bin105",0.000601690314646948,"Bacteria","Actinobacteriota","Thermoleophilia","Gaiellales","Gaiellaceae","Gaiella","uncultured bacterium"
"ASV482","Bin36",0.000594118623929271,"Bacteria","Planctomycetota","Planctomycetes","Pirellulales","Pirellulaceae","Pir4 lineage","uncultured bacterium"
"ASV483","Bin43",0.000167433138366746,"Bacteria","Nitrospirota","Nitrospiria","Nitrospirales","Nitrospiraceae","Nitrospira","japonica"
"ASV484","Bin59",0.000581887431231485,"Bacteria","Proteobacteria","Gammaproteobacteria",NA,NA,"uncultured","uncultured bacterium"
"ASV485","Bin2",0.000599781897491821,"Bacteria","Chloroflexi","Anaerolineae","SBR1031","A4b","uncultured","uncultured bacterium"
"ASV486","Bin11",0.000599781897491821,"Bacteria","Firmicutes","Incertae Sedis","DTU014",NA,"uncultured","uncultured bacterium"
"ASV487","Bin86",0.000572457123029642,"Bacteria","Proteobacteria","Alphaproteobacteria","Rhizobiales","Rhizobiaceae","Pseudaminobacter","uncultured bacterium"
"ASV493","Bin104",0.000602759298120284,"Bacteria","Actinobacteriota","Thermoleophilia","Solirubrobacterales","67-14","uncultured","uncultured bacterium"
"ASV494","Bin45",0.000598131789441149,"Bacteria","Acidobacteriota","Vicinamibacteria","Vicinamibacterales","Vicinamibacteraceae","uncultured","uncultured bacterium"
"ASV495","Bin108",0.000591110543170012,"Bacteria","Actinobacteriota","MB-A2-108",NA,NA,"uncultured","uncultured bacterium"
"ASV496","Bin46",0.000595818035101581,"Bacteria","Acidobacteriota","Vicinamibacteria","Vicinamibacterales","Vicinamibacteraceae","uncultured","uncultured bacterium"
"ASV497","Bin107",0.000594532616024044,"Bacteria","Actinobacteriota","Actinobacteria","Corynebacteriales","Mycobacteriaceae","Mycobacterium","uncultured bacterium"
"ASV498","Bin71",0.000588876772082879,"Bacteria","Proteobacteria","Gammaproteobacteria","Burkholderiales","Comamonadaceae","uncultured","uncultured bacterium"
"ASV499","Bin37",0.000588876772082879,"Bacteria","Planctomycetota","Planctomycetes","Pirellulales","Pirellulaceae","Pir4 lineage","uncultured bacterium"
"ASV500","Bin87",0.000588876772082879,"Bacteria","Proteobacteria","Alphaproteobacteria","Rhizobiales","Devosiaceae","Devosia","uncultured bacterium"
"ASV501","Bin14",0.000582804599980173,"Bacteria","Bacteroidota","Kryptonia","Kryptoniales","BSV26","uncultured","uncultured bacterium"
"ASV502","Bin65",0.000574455363338951,"Bacteria","Proteobacteria","Gammaproteobacteria","Burkholderiales","Rhodocyclaceae","uncultured","uncultured bacterium"
"ASV503","Bin65",0.000571419277287598,"Bacteria","Proteobacteria","Gammaproteobacteria","Burkholderiales","Rhodocyclaceae","uncultured","uncultured bacterium"
"ASV504","Bin70",0.000566865148210568,"Bacteria","Proteobacteria","Gammaproteobacteria","Burkholderiales","Comamonadaceae","Ideonella","dechloratans"
"ASV505","Bin71",0.00039058627441261,"Bacteria","Proteobacteria","Gammaproteobacteria","Burkholderiales","Comamonadaceae","Giesbergeria","uncultured bacterium"
"ASV511","Bin7",0.000591597088895834,"Bacteria","Chloroflexi","Chloroflexia","Thermomicrobiales","JG30-KF-CM45","uncultured","uncultured bacterium"
"ASV512","Bin100",0.000591597088895834,"Bacteria","Myxococcota","Polyangia","Haliangiales","Haliangiaceae","Haliangium","uncultured bacterium"
"ASV513","Bin105",0.000584025398178157,"Bacteria","Actinobacteriota","Thermoleophilia","Gaiellales","Gaiellaceae","Gaiella","uncultured bacterium"
"ASV514","Bin17",0.000578783458450535,"Bacteria","Bacteroidota","Bacteroidia","Cytophagales","Microscillaceae","uncultured","uncultured bacterium"
"ASV515","Bin55",0.000312541858284592,"Bacteria","Firmicutes","Bacilli","Alicyclobacillales","Alicyclobacillaceae","Tumebacillus","uncultured bacterium"
"ASV516","Bin34",0.000575288831965453,"Bacteria","Planctomycetota","Planctomycetes","Pirellulales","Pirellulaceae","uncultured","uncultured bacterium"
"ASV517","Bin84",0.000560727888277613,"Bacteria","Proteobacteria","Alphaproteobacteria","Sphingomonadales","Sphingomonadaceae","Altererythrobacter","buctensis"
"ASV518","Bin25",0.000560727888277613,"Bacteria","Bacteroidota","Bacteroidia","Chitinophagales","Chitinophagaceae","Terrimonas","uncultured bacterium"
"ASV519","Bin64",0.000267268041945359,"Bacteria","Proteobacteria","Gammaproteobacteria","Burkholderiales","Rhodocyclaceae","Denitratisoma","uncultured bacterium"
"ASV520","Bin56",0.000577971646673937,"Bacteria","Firmicutes","Clostridia","Christensenellales","Christensenellaceae","Christensenellaceae R-7 group","uncultured bacterium"
"ASV521","Bin18",0.000370774263904035,"Bacteria","Bacteroidota","Bacteroidia","Bacteroidales","Paludibacteraceae","uncultured","uncultured bacterium"
"ASV522","Bin85",0.000555201001288788,"Bacteria","Proteobacteria","Alphaproteobacteria","Sphingomonadales","Sphingomonadaceae","Novosphingobium","uncultured bacterium"
"ASV530","Bin104",0.000580434879671385,"Bacteria","Actinobacteriota","Thermoleophilia","Solirubrobacterales","67-14","uncultured","uncultured bacterium"
"ASV531","Bin23",0.000578635292962832,"Bacteria","Bacteroidota","Bacteroidia","Sphingobacteriales","env.OPS 17","uncultured","uncultured bacterium"
"ASV532","Bin34",0.000560631996255922,"Bacteria","Planctomycetota","Planctomycetes","Pirellulales","Pirellulaceae","uncultured","uncultured bacterium"
"ASV533","Bin101",0.000189757556815645,"Bacteria","Desulfobacterota",NA,NA,NA,"uncultured","uncultured bacterium"
"ASV534","Bin87",0.000551162933325387,"Bacteria","Proteobacteria","Alphaproteobacteria","Rhizobiales","Devosiaceae","Devosia","uncultured bacterium"
"ASV535","Bin45",0.000569380275604562,"Bacteria","Acidobacteriota","Vicinamibacteria","Vicinamibacterales","Vicinamibacteraceae","uncultured","uncultured bacterium"
"ASV536","Bin58",0.000550148116800677,"Bacteria","Firmicutes","Clostridia","Oscillospirales","Hungateiclostridiaceae","HN-HF0106","uncultured bacterium"
"ASV537","Bin36",0.000550148116800677,"Bacteria","Planctomycetota","Planctomycetes","Pirellulales","Pirellulaceae","Pir4 lineage","uncultured bacterium"
"ASV538","Bin48",0.000550148116800677,"Bacteria","Cyanobacteria","Cyanobacteriia","Chloroplast",NA,"uncultured","uncultured bacterium"
"ASV539","Bin14",0.000567066521264995,"Bacteria","Bacteroidota","Ignavibacteria","SJA-28",NA,"uncultured","uncultured bacterium"
"ASV540","Bin57",0.000567066521264995,"Bacteria","Firmicutes","Clostridia","Christensenellales","Christensenellaceae","uncultured","uncultured bacterium"
"ASV541","Bin15",0.000567066521264995,"Bacteria","Bacteroidota","Ignavibacteria","Ignavibacteriales","PHOS-HE36","uncultured","uncultured bacterium"
"ASV542","Bin54",0.000562512392187965,"Bacteria","Spirochaetota","Spirochaetia","Spirochaetales","Spirochaetaceae","GWE2-31-10","uncultured bacterium"
"ASV543","Bin53",0.000550368047982552,"Bacteria","Spirochaetota","Spirochaetia","Spirochaetales","Spirochaetaceae","uncultured","uncultured bacterium"
"ASV544","Bin63",0.000527597402597403,"Bacteria","Proteobacteria","Gammaproteobacteria","Burkholderiales","SC-I-84","uncultured","uncultured bacterium"
"ASV551","Bin95",0.000569272670446935,"Bacteria","Proteobacteria","Alphaproteobacteria",NA,NA,"uncultured","uncultured bacterium"
"ASV552","Bin90",0.000560536104234231,"Bacteria","Proteobacteria","Alphaproteobacteria","Rhizobiales","Xanthobacteraceae","Pseudorhodoplanes","uncultured bacterium"
"ASV553","Bin13",0.000539568345323741,"Bacteria","Fibrobacterota","Chitinivibrionia",NA,NA,"uncultured","uncultured bacterium"
"ASV554","Bin8",0.000539568345323741,"Bacteria","Chloroflexi","Anaerolineae","RBG-13-54-9",NA,"uncultured","uncultured bacterium"
"ASV555","Bin70",0.00053349699919209,"Bacteria","Proteobacteria","Gammaproteobacteria","Burkholderiales","Comamonadaceae","Ideonella","uncultured bacterium"
"ASV556","Bin40",0.000545099362167845,"Bacteria","Planctomycetota","Planctomycetes","Gemmatales","Gemmataceae","uncultured","uncultured bacterium"
"ASV557","Bin15",0.000556161395856052,"Bacteria","Bacteroidota","Ignavibacteria","Ignavibacteriales","SR-FBR-L83","uncultured","uncultured bacterium"
"ASV558","Bin53",0.000556161395856052,"Bacteria","Spirochaetota","Spirochaetia","Spirochaetales","Spirochaetaceae","uncultured","uncultured bacterium"
"ASV559","Bin34",0.000556161395856052,"Bacteria","Planctomycetota","Planctomycetes","Pirellulales","Pirellulaceae","uncultured","uncultured bacterium"
"ASV560","Bin15",0.000556161395856052,"Bacteria","Bacteroidota","Ignavibacteria","Ignavibacteriales","Melioribacteraceae","IheB3-7","uncultured bacterium"
"ASV561","Bin56",0.000556161395856052,"Bacteria","Firmicutes","Bacilli","Lactobacillales","Carnobacteriaceae","Trichococcus","uncultured bacterium"
"ASV562","Bin88",0.000556161395856052,"Bacteria","Proteobacteria","Alphaproteobacteria","Rhizobiales","Rhodomicrobiaceae","Rhodomicrobium","uncultured bacterium"
"ASV563","Bin30",9.81461286804798e-05,"Bacteria","Acidobacteriota","Holophagae","Subgroup 7",NA,"uncultured","uncultured bacterium"
"ASV567","Bin8",0.000558110461222485,"Bacteria","Chloroflexi","Anaerolineae","RBG-13-54-9",NA,"uncultured","uncultured bacterium"
"ASV568","Bin23",0.000555282539251903,"Bacteria","Bacteroidota","Bacteroidia","Sphingobacteriales","env.OPS 17","uncultured","uncultured bacterium"
"ASV569","Bin76",0.000550538770504808,"Bacteria","Proteobacteria","Alphaproteobacteria","Rhodospirillales",NA,"uncultured","uncultured bacterium"
"ASV570","Bin5",0.000535395389069455,"Bacteria","Chloroflexi","Anaerolineae","SBR1031",NA,"uncultured","uncultured bacterium"
"ASV571","Bin14",0.000546798773340155,"Bacteria","Bacteroidota","Ignavibacteria","SJA-28",NA,"uncultured","uncultured bacterium"
"ASV572","Bin9",0.00054525627044711,"Bacteria","Chloroflexi","Anaerolineae","Anaerolineales","Anaerolineaceae","Longilinea","uncultured bacterium"
"ASV573","Bin61",0.00054525627044711,"Bacteria","Proteobacteria","Gammaproteobacteria","Methylococcales","Methylococcaceae","Candidatus Methylospira","uncultured bacterium"
"ASV574","Bin98",0.000507305194805195,"Bacteria","Desulfobacterota","Desulfuromonadia","Geobacterales","Geobacteraceae","uncultured","uncultured bacterium"
"ASV575","Bin17",0.000507305194805195,"Bacteria","Bacteroidota","Bacteroidia","Cytophagales","Microscillaceae","OLB12","uncultured bacterium"
"ASV581","Bin46",0.000546948251998035,"Bacteria","Acidobacteriota","Vicinamibacteria","Vicinamibacterales",NA,"uncultured","uncultured bacterium"
"ASV582","Bin66",0.000546948251998035,"Bacteria","Proteobacteria","Gammaproteobacteria","Burkholderiales","TRA3-20","uncultured","uncultured bacterium"
"ASV583","Bin35",0.000536464372542791,"Bacteria","Planctomycetota","Planctomycetes","Pirellulales","Pirellulaceae","Blastopirellula","uncultured bacterium"
"ASV584","Bin53",0.000518408802369869,"Bacteria","Spirochaetota","Spirochaetia","Spirochaetales","Spirochaetaceae","uncultured","uncultured bacterium"
"ASV585","Bin29",0.000518408802369869,"Bacteria","Bacteroidota","Bacteroidia","Bacteroidales","Barnesiellaceae","uncultured","uncultured bacterium"
"ASV586","Bin29",0.000518408802369869,"Bacteria","Bacteroidota","Bacteroidia","Bacteroidales","Barnesiellaceae","uncultured","uncultured bacterium"
"ASV587","Bin16",0.000518408802369869,"Bacteria","Bacteroidota","Bacteroidia","Cytophagales","Microscillaceae","Ohtaekwangia","uncultured bacterium"
"ASV588","Bin77",0.000518408802369869,"Bacteria","Proteobacteria","Alphaproteobacteria","Rhodospirillales","Magnetospirillaceae","Magnetospirillum","uncultured bacterium"
"ASV589","Bin26",0.000158696572154041,"Bacteria","Bacteroidota","Bacteroidia","Chitinophagales","Chitinophagaceae","Dinghuibacter","uncultured bacterium"
"ASV590","Bin13",6.34786288616166e-05,"Bacteria",NA,NA,NA,NA,"uncultured","uncultured bacterium"
"ASV591","Bin64",0.000534351145038168,"Bacteria","Proteobacteria","Gammaproteobacteria","Burkholderiales","Rhodocyclaceae","Sulfuritalea","uncultured bacterium"
"ASV592","Bin15",0.000534351145038168,"Bacteria","Bacteroidota","Ignavibacteria","Ignavibacteriales","PHOS-HE36","uncultured","uncultured bacterium"
"ASV593","Bin87",0.000534351145038168,"Bacteria","Proteobacteria","Alphaproteobacteria","Rhizobiales","Devosiaceae","Devosia","uncultured bacterium"
"ASV594","Bin9",0.000534351145038168,"Bacteria","Chloroflexi","Anaerolineae","Anaerolineales","Anaerolineaceae","uncultured","uncultured bacterium"
"ASV595","Bin33",0.000534351145038168,"Bacteria","Planctomycetota","Planctomycetes","Pirellulales","Pirellulaceae","Pir2 lineage","uncultured bacterium"
"ASV596","Bin53",0.000534351145038168,"Bacteria","Spirochaetota","Spirochaetia","Spirochaetales","Spirochaetaceae","uncultured","uncultured bacterium"
"ASV597","Bin98",0.000534351145038168,"Bacteria","Desulfobacterota","Desulfuromonadia","Geobacterales","Geobacteraceae","uncultured","uncultured bacterium"
"ASV598","Bin86",0.000518411693268564,"Bacteria","Proteobacteria","Alphaproteobacteria","Rhizobiales","Rhizobiaceae","Mesorhizobium","uncultured bacterium"
"ASV599","Bin56",0.000497159090909091,"Bacteria","Firmicutes","Clostridia","Christensenellales","Christensenellaceae","Christensenellaceae R-7 group","uncultured bacterium"
"ASV600","Bin36",0.000497159090909091,"Bacteria","Planctomycetota","Planctomycetes","Pirellulales","Pirellulaceae","Pir4 lineage","uncultured bacterium"
"ASV601","Bin98",0.000497159090909091,"Bacteria","Desulfobacterota","Desulfuromonadia","Geobacterales","Geobacteraceae","Geobacter","uncultured bacterium"
"ASV608","Bin95",0.000535786042773586,"Bacteria","Proteobacteria","Alphaproteobacteria","Rhodospirillales",NA,"uncultured","uncultured bacterium"
"ASV609","Bin59",0.000535786042773586,"Bacteria","Proteobacteria","Gammaproteobacteria","Gammaproteobacteria Incertae Sedis","Unknown Family","Acidibacter","uncultured bacterium"
"ASV610","Bin45",0.000535786042773586,"Bacteria","Acidobacteriota","Vicinamibacteria","Subgroup 17",NA,"uncultured","uncultured bacterium"
"ASV611","Bin63",0.000535786042773586,"Bacteria","Proteobacteria","Gammaproteobacteria","Burkholderiales","Nitrosomonadaceae","IS-44","uncultured bacterium"
"ASV612","Bin73",0.000529689410803511,"Bacteria","Proteobacteria","Gammaproteobacteria","Diplorickettsiales","Diplorickettsiaceae","uncultured","uncultured bacterium"
"ASV613","Bin101",0.000522389974580773,"Bacteria","Desulfobacterota",NA,NA,NA,"uncultured","uncultured bacterium"
"ASV614","Bin14",0.000524289824706798,"Bacteria","Bacteroidota","Kapabacteria","Kapabacteriales",NA,"uncultured","uncultured bacterium"
"ASV615","Bin71",0.000507829030892933,"Bacteria","Proteobacteria","Gammaproteobacteria","Burkholderiales","Comamonadaceae","Ottowia","uncultured bacterium"
"ASV616","Bin13",0.000507829030892933,"Bacteria","Fibrobacterota","Chitinivibrionia",NA,NA,"uncultured","uncultured bacterium"
"ASV617","Bin61",0.000507829030892933,"Bacteria","Proteobacteria","Gammaproteobacteria","Methylococcales","Methylomonadaceae","uncultured","uncultured bacterium"
"ASV618","Bin25",0.000507829030892933,"Bacteria","Bacteroidota","Bacteroidia","Chitinophagales","Chitinophagaceae","Terrimonas","uncultured bacterium"
"ASV619","Bin40",0.000507829030892933,"Bacteria","Planctomycetota","OM190",NA,NA,"uncultured","uncultured bacterium"
"ASV620","Bin9",0.000507829030892933,"Bacteria","Chloroflexi","Anaerolineae","Anaerolineales","Anaerolineaceae","uncultured","uncultured bacterium"
"ASV621","Bin15",0.000523446019629226,"Bacteria","Bacteroidota","Ignavibacteria","Ignavibacteriales","Melioribacteraceae","IheB3-7","uncultured bacterium"
"ASV622","Bin46",0.000523446019629226,"Bacteria","Acidobacteriota","Vicinamibacteria","Vicinamibacterales","Vicinamibacteraceae","uncultured","uncultured bacterium"
"ASV623","Bin33",0.000523446019629226,"Bacteria","Planctomycetota","Planctomycetes","Pirellulales","Pirellulaceae","Pir2 lineage","uncultured bacterium"
"ASV624","Bin7",0.000523446019629226,"Bacteria","Chloroflexi","Anaerolineae","Caldilineales","Caldilineaceae","uncultured","uncultured bacterium"
"ASV625","Bin91",0.000523446019629226,"Bacteria","Proteobacteria","Alphaproteobacteria","Rhizobiales","Pleomorphomonadaceae","Pleomorphomonas","uncultured bacterium"
"ASV626","Bin90",0.000487012987012987,"Bacteria","Proteobacteria","Alphaproteobacteria","Rhizobiales","Beijerinckiaceae","Bosea","uncultured bacterium"
"ASV631","Bin70",0.000524623833549136,"Bacteria","Proteobacteria","Gammaproteobacteria","Burkholderiales","Comamonadaceae","uncultured","uncultured bacterium"
"ASV632","Bin90",0.000524623833549136,"Bacteria","Proteobacteria","Alphaproteobacteria","Rhizobiales","Xanthobacteraceae","uncultured","uncultured bacterium"
"ASV633","Bin17",0.000145108719917846,"Bacteria","Bacteroidota","Bacteroidia","Cytophagales","Cytophagaceae","Sporocytophaga","uncultured bacterium"
"ASV634","Bin37",0.000499183271582855,"Bacteria","Planctomycetota","Planctomycetes","Pirellulales","Pirellulaceae","Pir4 lineage","uncultured bacterium"
"ASV635","Bin13",0.000497249259415997,"Bacteria","Fibrobacterota","Fibrobacteria","Fibrobacterales","Fibrobacteraceae","uncultured","uncultured bacterium"
"ASV636","Bin42",0.000499201383008033,"Bacteria","Planctomycetota","vadinHA49",NA,NA,"uncultured","uncultured bacterium"
"ASV637","Bin84",0.000501478860532076,"Bacteria","Proteobacteria","Alphaproteobacteria","Sphingomonadales","Sphingomonadaceae","Altererythrobacter","uncultured bacterium"
"ASV638","Bin88",0.000489876910541849,"Bacteria","Proteobacteria","Alphaproteobacteria","Rhizobiales","Rhodomicrobiaceae","Rhodomicrobium","uncultured bacterium"
"ASV639","Bin19",0.000512540894220284,"Bacteria","Bacteroidota","Bacteroidia","Bacteroidales","SB-5","uncultured","uncultured bacterium"
"ASV640","Bin18",0.000512540894220284,"Bacteria","Bacteroidota","Bacteroidia","Bacteroidales","Paludibacteraceae","uncultured","uncultured bacterium"
"ASV641","Bin31",0.000512540894220284,"Bacteria","Planctomycetota","Planctomycetes","Planctomycetales",NA,"uncultured","uncultured bacterium"
"ASV642","Bin9",0.000512540894220284,"Bacteria","Chloroflexi","Anaerolineae","Anaerolineales","Anaerolineaceae","uncultured","uncultured bacterium"
"ASV643","Bin54",0.000507227743630415,"Bacteria","Spirochaetota","Spirochaetia","Spirochaetales","Spirochaetaceae","uncultured","uncultured bacterium"
"ASV644","Bin2",0.000495842420937841,"Bacteria","Chloroflexi","Anaerolineae","SBR1031","A4b","uncultured","uncultured bacterium"
"ASV645","Bin90",0.000495083399425003,"Bacteria","Proteobacteria","Alphaproteobacteria","Rhizobiales","Xanthobacteraceae","uncultured","uncultured bacterium"
"ASV654","Bin63",0.000513461624324686,"Bacteria","Proteobacteria","Gammaproteobacteria","Burkholderiales","B1-7BS","uncultured","uncultured bacterium"
"ASV655","Bin85",0.000513461624324686,"Bacteria","Proteobacteria","Alphaproteobacteria","Sphingomonadales","Sphingomonadaceae","Novosphingobium","uncultured bacterium"
"ASV656","Bin17",0.000513461624324686,"Bacteria","Bacteroidota","Bacteroidia","Cytophagales","Microscillaceae","uncultured","uncultured bacterium"
"ASV657","Bin23",0.000506472371354523,"Bacteria","Bacteroidota","Bacteroidia","Sphingobacteriales","NS11-12 marine group","uncultured","uncultured bacterium"
"ASV658","Bin74",0.000486669487939061,"Bacteria","Desulfobacterota","Desulfovibrionia","Desulfovibrionales","Desulfovibrionaceae","Desulfovibrio","uncultured bacterium"
"ASV659","Bin61",0.000486669487939061,"Bacteria","Proteobacteria","Gammaproteobacteria","Enterobacterales","Enterobacteriaceae","Klebsiella","uncultured bacterium"
"ASV660","Bin56",0.000501635768811341,"Bacteria","Firmicutes","Clostridia","Christensenellales","Christensenellaceae","Christensenellaceae R-7 group","uncultured bacterium"
"ASV661","Bin50",0.000501635768811341,"Bacteria","Proteobacteria","Alphaproteobacteria","Rickettsiales","Mitochondria","uncultured","uncultured bacterium"
"ASV662","Bin20",0.000501635768811341,"Bacteria","Bacteroidota","Bacteroidia","Flavobacteriales","Crocinitomicaceae","Fluviicola","uncultured bacterium"
"ASV663","Bin27",0.000239912758996728,"Bacteria","Bacteroidota","Bacteroidia","Chitinophagales","Chitinophagaceae","Edaphobaculum","uncultured bacterium"
"ASV664","Bin85",0.000475829037374839,"Bacteria","Proteobacteria","Alphaproteobacteria","Sphingomonadales","Sphingomonadaceae","Novosphingobium","uncultured bacterium"
"ASV673","Bin70",0.000502299415100237,"Bacteria","Proteobacteria","Gammaproteobacteria","Burkholderiales","Comamonadaceae","uncultured","uncultured bacterium"
"ASV674","Bin26",0.000502299415100237,"Bacteria","Bacteroidota","Bacteroidia","Chitinophagales","Chitinophagaceae","uncultured","uncultured bacterium"
"ASV675","Bin68",0.000502299415100237,"Bacteria","Proteobacteria","Gammaproteobacteria","Burkholderiales","Comamonadaceae","Rhizobacter","uncultured bacterium"
"ASV676","Bin14",0.000156270929142296,"Bacteria","Bacteroidota","Kryptonia","Kryptoniales","BSV26","uncultured","uncultured bacterium"
"ASV677","Bin34",0.000476089716462124,"Bacteria","Planctomycetota","Planctomycetes","Pirellulales","Pirellulaceae","uncultured","uncultured bacterium"
"ASV678","Bin47",0.000476089716462124,"Bacteria","Acidobacteriota","Blastocatellia","Blastocatellales","Blastocatellaceae","Aridibacter","uncultured bacterium"
"ASV679","Bin58",0.000476089716462124,"Bacteria","Firmicutes","Clostridia","Oscillospirales","Hungateiclostridiaceae","Anaerobacterium","uncultured bacterium"
"ASV680","Bin97",0.000490730643402399,"Bacteria","Proteobacteria","Alphaproteobacteria","Rhodospirillales",NA,"uncultured","uncultured bacterium"
"ASV681","Bin57",0.000490730643402399,"Bacteria","Firmicutes","Clostridia","Christensenellales","Christensenellaceae","uncultured","uncultured bacterium"
"ASV682","Bin57",0.000490730643402399,"Bacteria","Firmicutes","Clostridia","Gracilibacteraceae",NA,"uncultured","uncultured bacterium"
"ASV683","Bin1",0.000490730643402399,"Bacteria","Chloroflexi","Anaerolineae","SBR1031","A4b","uncultured","uncultured bacterium"
"ASV684","Bin68",0.000474032170119956,"Bacteria","Proteobacteria","Gammaproteobacteria","Burkholderiales","Comamonadaceae","Piscinibacter","aquaticus"
"ASV685","Bin12",0.000466441954991573,"Bacteria","Firmicutes","Negativicutes",NA,NA,"uncultured","uncultured bacterium"
"ASV686","Bin40",0.000456574675324675,"Bacteria","Planctomycetota","Planctomycetes","Gemmatales","Gemmataceae","uncultured","uncultured bacterium"
"ASV687","Bin26",0.000456574675324675,"Bacteria","Bacteroidota","Bacteroidia","Chitinophagales","Chitinophagaceae","Niastella","uncultured bacterium"
"ASV688","Bin81",0.000152191558441558,"Bacteria","Proteobacteria","Alphaproteobacteria","Rhodobacterales","Rhodobacteraceae","Rhodobacter","uncultured bacterium"
"ASV694","Bin7",0.000491137205875787,"Bacteria","Chloroflexi","Anaerolineae","Caldilineales","Caldilineaceae","uncultured","uncultured bacterium"
"ASV695","Bin107",0.000491137205875787,"Bacteria","Actinobacteriota","Actinobacteria","Frankiales",NA,"uncultured","uncultured bacterium"
"ASV696","Bin63",0.000479488450925515,"Bacteria","Proteobacteria","Gammaproteobacteria","Burkholderiales","Nitrosomonadaceae","mle1-7","uncultured bacterium"
"ASV697","Bin63",0.000469798993980525,"Bacteria","Proteobacteria","Gammaproteobacteria","Burkholderiales","SC-I-84","uncultured","uncultured bacterium"
"ASV698","Bin101",0.000465509944985188,"Bacteria","SAR324 clade(Marine group B)",NA,NA,NA,"uncultured","uncultured bacterium"
"ASV699","Bin52",0.000465509944985188,"Bacteria","Patescibacteria","Saccharimonadia","Saccharimonadales",NA,"uncultured","uncultured bacterium"
"ASV700","Bin14",0.000465509944985188,"Bacteria","Bacteroidota","Kryptonia","Kryptoniales","BSV26","uncultured","uncultured bacterium"
"ASV701","Bin60",0.000465509944985188,"Bacteria","Proteobacteria","Gammaproteobacteria","KF-JG30-C25",NA,"uncultured","uncultured bacterium"
"ASV702","Bin59",0.000465509944985188,"Bacteria","Proteobacteria","Gammaproteobacteria","Gammaproteobacteria Incertae Sedis","Unknown Family","Acidibacter","uncultured bacterium"
"ASV703","Bin11",0.000469088838237255,"Bacteria","Chloroflexi","KD4-96",NA,NA,"uncultured","uncultured bacterium"
"ASV704","Bin18",0.000473969147217347,"Bacteria","Bacteroidota","Bacteroidia","Bacteroidales","Paludibacteraceae","uncultured","uncultured bacterium"
"ASV705","Bin65",0.000116377486246297,"Bacteria","Proteobacteria","Gammaproteobacteria","Burkholderiales","Rhodocyclaceae","Sterolibacterium","uncultured bacterium"
"ASV706","Bin43",0.000479825517993457,"Bacteria","Acidobacteriota","Acidobacteriae","AKIW659",NA,"uncultured","uncultured bacterium"
"ASV707","Bin24",0.000479825517993457,"Bacteria","Bacteroidota","Bacteroidia","Chitinophagales","Chitinophagaceae","Terrimonas","uncultured bacterium"
"ASV708","Bin64",0.000479825517993457,"Bacteria","Proteobacteria","Gammaproteobacteria","Burkholderiales","Rhodocyclaceae","Sulfuritalea","uncultured bacterium"
"ASV709","Bin63",0.000461609001685338,"Bacteria","Proteobacteria","Gammaproteobacteria","Burkholderiales","SC-I-84","uncultured","uncultured bacterium"
"ASV710","Bin60",0.000446428571428571,"Bacteria","Proteobacteria","Gammaproteobacteria","Steroidobacterales","Steroidobacteraceae","Steroidobacter","uncultured bacterium"
"ASV711","Bin27",0.000446428571428571,"Bacteria","Bacteroidota","Bacteroidia","Chitinophagales","Chitinophagaceae","Terrimonas","uncultured bacterium"
"ASV720","Bin46",0.000479974996651337,"Bacteria","Acidobacteriota","Vicinamibacteria","Vicinamibacterales",NA,"uncultured","uncultured bacterium"
"ASV721","Bin16",0.000479974996651337,"Bacteria","Bacteroidota","Bacteroidia","Cytophagales","Microscillaceae","uncultured","uncultured bacterium"
"ASV722","Bin93",0.000479974996651337,"Bacteria","Proteobacteria","Alphaproteobacteria","Rhizobiales","Rhizobiales Incertae Sedis","uncultured","uncultured bacterium"
"ASV723","Bin1",0.000454930173508252,"Bacteria","Chloroflexi","Anaerolineae","SBR1031","A4b","uncultured","uncultured bacterium"
"ASV724","Bin13",0.000454930173508252,"Bacteria","Fibrobacterota","Fibrobacteria","Fibrobacterales","Fibrobacteraceae","uncultured","uncultured bacterium"
"ASV725","Bin37",0.000454930173508252,"Bacteria","Planctomycetota","Planctomycetes","Pirellulales","Pirellulaceae","Pir4 lineage","uncultured bacterium"
"ASV726","Bin58",0.000468920392584515,"Bacteria","Firmicutes","Clostridia","Clostridia vadinBB60 group",NA,"uncultured","uncultured bacterium"
"ASV727","Bin9",0.000468920392584515,"Bacteria","Chloroflexi","Anaerolineae","Anaerolineales","Anaerolineaceae","Leptolinea","uncultured bacterium"
"ASV728","Bin98",0.000462848220481808,"Bacteria","Desulfobacterota","Desulfuromonadia","Geobacterales","Geobacteraceae","uncultured","uncultured bacterium"
"ASV729","Bin14",0.000436282467532468,"Bacteria","Bacteroidota","Kapabacteria","Kapabacteriales",NA,"uncultured","uncultured bacterium"
"ASV735","Bin102",0.000468812787426888,"Bacteria","Bdellovibrionota","Oligoflexia","0319-6G20",NA,"uncultured","uncultured bacterium"
"ASV736","Bin47",0.000468812787426888,"Bacteria","Acidobacteriota","Blastocatellia","Blastocatellales","Blastocatellaceae","Stenotrophobacter","uncultured bacterium"
"ASV737","Bin52",0.000468812787426888,"Bacteria","Patescibacteria","Saccharimonadia","Saccharimonadales",NA,"uncultured","uncultured bacterium"
"ASV738","Bin12",0.000468812787426888,"Bacteria","Firmicutes","Negativicutes",NA,NA,"uncultured","uncultured bacterium"
"ASV739","Bin37",0.000455999156981588,"Bacteria","Planctomycetota","Planctomycetes","Pirellulales","Pirellulaceae","Pir4 lineage","uncultured bacterium"
"ASV740","Bin60",0.000444350402031316,"Bacteria","Proteobacteria","Gammaproteobacteria","CCD24",NA,"uncultured","uncultured bacterium"
"ASV741","Bin70",0.000444350402031316,"Bacteria","Proteobacteria","Gammaproteobacteria","Burkholderiales","Comamonadaceae","uncultured","uncultured bacterium"
"ASV742","Bin7",0.000444350402031316,"Bacteria","Chloroflexi","Anaerolineae","Caldilineales","Caldilineaceae","uncultured","uncultured bacterium"
"ASV743","Bin78",0.000444350402031316,"Bacteria","Proteobacteria","Alphaproteobacteria","Defluviicoccales","Defluviicoccaceae","Defluviicoccus","uncultured bacterium"
"ASV744","Bin11",0.00045150818853545,"Bacteria","Chloroflexi","KD4-96",NA,NA,"uncultured","uncultured bacterium"
"ASV745","Bin19",0.000458015267175573,"Bacteria","Bacteroidota","Bacteroidia","Bacteroidales",NA,"uncultured","uncultured bacterium"
"ASV746","Bin56",0.000426136363636364,"Bacteria","Firmicutes","Bacilli","Lactobacillales","Enterococcaceae","uncultured","uncultured bacterium"
"ASV755","Bin16",0.000457650578202438,"Bacteria","Bacteroidota","Bacteroidia","Cytophagales","Microscillaceae","uncultured","uncultured bacterium"
"ASV756","Bin78",0.000457650578202438,"Bacteria","Proteobacteria","Alphaproteobacteria","Defluviicoccales","Defluviicoccaceae","Defluviicoccus","uncultured bacterium"
"ASV757","Bin16",0.000446473419590634,"Bacteria","Bacteroidota","Bacteroidia","Cytophagales","Microscillaceae","Chryseolinea","uncultured bacterium"
"ASV758","Bin28",0.000444441208933942,"Bacteria","Bacteroidota","Bacteroidia","Chitinophagales","Saprospiraceae","uncultured","uncultured bacterium"
"ASV759","Bin90",0.000421070786381989,"Bacteria","Proteobacteria","Alphaproteobacteria","Rhizobiales","Rhizobiales Incertae Sedis","Phreatobacter","uncultured bacterium"
"ASV760","Bin15",0.00043377063055438,"Bacteria","Bacteroidota","Ignavibacteria","Ignavibacteriales","Ignavibacteriaceae","Ignavibacterium","uncultured bacterium"
"ASV761","Bin78",0.00043377063055438,"Bacteria","Proteobacteria","Alphaproteobacteria","Defluviicoccales","Defluviicoccaceae","Defluviicoccus","uncultured bacterium"
"ASV762","Bin57",0.00043377063055438,"Bacteria","Firmicutes","Clostridia","Clostridiales","Clostridiaceae","Clostridium sensu stricto 1","uncultured bacterium"
"ASV763","Bin34",0.00043377063055438,"Bacteria","Planctomycetota","Planctomycetes","Pirellulales","Pirellulaceae","uncultured","uncultured bacterium"
"ASV764","Bin46",0.00043377063055438,"Bacteria","Acidobacteriota","Vicinamibacteria","Vicinamibacterales","Vicinamibacteraceae","uncultured","uncultured bacterium"
"ASV765","Bin63",0.00043377063055438,"Bacteria","Proteobacteria","Gammaproteobacteria","Burkholderiales","SC-I-84","uncultured","uncultured bacterium"
"ASV766","Bin54",0.000444507310310582,"Bacteria","Spirochaetota","Spirochaetia","Spirochaetales","Spirochaetaceae","Spirochaeta 2","uncultured bacterium"
"ASV767","Bin61",0.0004425560126896,"Bacteria","Dependentiae","Babeliae","Babeliales",NA,"uncultured","uncultured bacterium"
"ASV768","Bin68",0.000433447754535541,"Bacteria","Proteobacteria","Gammaproteobacteria","Burkholderiales","Comamonadaceae","Piscinibacter","uncultured bacterium"
"ASV769","Bin43",0.00041599025974026,"Bacteria","Nitrospirota","Thermodesulfovibrionia",NA,NA,"uncultured","uncultured bacterium"
"ASV770","Bin25",0.00041599025974026,"Bacteria","Bacteroidota","Bacteroidia","Chitinophagales","Chitinophagaceae","Terrimonas","uncultured bacterium"
"ASV777","Bin45",0.000446488368977988,"Bacteria","Acidobacteriota","Vicinamibacteria","Vicinamibacterales","Vicinamibacteraceae","uncultured","uncultured bacterium"
"ASV778","Bin76",0.000446488368977988,"Bacteria","Proteobacteria","Alphaproteobacteria",NA,NA,"uncultured","uncultured bacterium"
"ASV779","Bin106",0.000446488368977988,"Bacteria","Actinobacteriota","Acidimicrobiia","Microtrichales","Ilumatobacteraceae","Ilumatobacter","uncultured bacterium"
"ASV780","Bin17",0.000446488368977988,"Bacteria","Bacteroidota","Bacteroidia","Cytophagales","Microscillaceae","uncultured","uncultured bacterium"
"ASV781","Bin24",0.000446488368977988,"Bacteria","Bacteroidota","Bacteroidia","Chitinophagales","Chitinophagaceae","Terrimonas","uncultured bacterium"
"ASV782","Bin102",0.000446488368977988,"Bacteria","Bdellovibrionota","Oligoflexia","0319-6G20",NA,"uncultured","uncultured bacterium"
"ASV783","Bin41",0.000429214578396109,"Bacteria","Planctomycetota","Phycisphaerae","Tepidisphaerales","WD2101 soil group","uncultured","uncultured bacterium"
"ASV784","Bin14",0.000156270929142296,"Bacteria","Bacteroidota","Ignavibacteria","SJA-28",NA,"uncultured","uncultured bacterium"
"ASV785","Bin37",0.000423190859077444,"Bacteria","Planctomycetota","Planctomycetes","Pirellulales","Pirellulaceae","Pir4 lineage","uncultured bacterium"
"ASV786","Bin23",0.000423190859077444,"Bacteria","Bacteroidota","Bacteroidia","Sphingobacteriales","env.OPS 17","uncultured","uncultured bacterium"
"ASV787","Bin90",0.000423190859077444,"Bacteria","Proteobacteria","Alphaproteobacteria","Rhizobiales","Xanthobacteraceae","Pseudolabrys","uncultured bacterium"
"ASV788","Bin89",0.000407578826167485,"Bacteria","Proteobacteria","Alphaproteobacteria","Rhizobiales","Ancalomicrobiaceae","Ancalomicrobium","uncultured bacterium"
"ASV789","Bin20",0.000436205016357688,"Bacteria","Bacteroidota","Bacteroidia","Flavobacteriales","Crocinitomicaceae","Fluviicola","uncultured bacterium"
"ASV790","Bin14",0.000436205016357688,"Bacteria","Bacteroidota","Kryptonia","Kryptoniales","MSB-3C8","uncultured","uncultured bacterium"
"ASV791","Bin10",0.000436205016357688,"Bacteria","Chloroflexi","Anaerolineae","Anaerolineales","Anaerolineaceae","uncultured","uncultured bacterium"
"ASV792","Bin18",0.000436205016357688,"Bacteria","Bacteroidota","Bacteroidia","Bacteroidales","Bacteroidetes BD2-2","uncultured","uncultured bacterium"
"ASV797","Bin84",0.000435326159753538,"Bacteria","Proteobacteria","Alphaproteobacteria","Sphingomonadales","Sphingomonadaceae","Altererythrobacter","uncultured bacterium"
"ASV798","Bin55",0.000435326159753538,"Bacteria","Firmicutes","Bacilli","Alicyclobacillales","Alicyclobacillaceae","Tumebacillus","uncultured bacterium"
"ASV799","Bin2",0.000435326159753538,"Bacteria","Chloroflexi","Anaerolineae","SBR1031","A4b","uncultured","uncultured bacterium"
"ASV800","Bin76",0.000421347653813212,"Bacteria","Proteobacteria","Alphaproteobacteria",NA,NA,"uncultured","uncultured bacterium"
"ASV801","Bin23",7.81354645711479e-05,"Bacteria","Bacteroidota","Bacteroidia","Sphingobacteriales","NS11-12 marine group","uncultured","uncultured bacterium"
"ASV802","Bin16",0.000412611087600508,"Bacteria","Bacteroidota","Bacteroidia","Cytophagales","Microscillaceae","Chryseolinea","uncultured bacterium"
"ASV803","Bin90",0.000412611087600508,"Bacteria","Proteobacteria","Alphaproteobacteria","Rhizobiales","Xanthobacteraceae","uncultured","uncultured bacterium"
"ASV804","Bin8",0.000412611087600508,"Bacteria","Chloroflexi","Anaerolineae","RBG-13-54-9",NA,"uncultured","uncultured bacterium"
"ASV805","Bin77",0.000412611087600508,"Bacteria","Proteobacteria","Alphaproteobacteria","Dongiales","Dongiaceae","Dongia","uncultured bacterium"
"ASV806","Bin54",0.000412611087600508,"Bacteria","Spirochaetota","Spirochaetia","Spirochaetales","Spirochaetaceae","Treponema","uncultured bacterium"
"ASV807","Bin64",0.000412611087600508,"Bacteria","Proteobacteria","Gammaproteobacteria","Burkholderiales","Rhodocyclaceae","Sulfuritalea","uncultured bacterium"
"ASV808","Bin15",0.000412611087600508,"Bacteria","Bacteroidota","Ignavibacteria","Ignavibacteriales","SR-FBR-L83","uncultured","uncultured bacterium"
"ASV809","Bin23",0.000211595429538722,"Bacteria","Bacteroidota","Bacteroidia","Sphingobacteriales","env.OPS 17","uncultured","uncultured bacterium"
"ASV810","Bin108",0.00042074493590066,"Bacteria","Actinobacteriota","Actinobacteria","Kineosporiales","Kineosporiaceae","Quadrisphaera","uncultured bacterium"
"ASV811","Bin8",0.000425299890948746,"Bacteria","Chloroflexi","Anaerolineae","Ardenticatenales",NA,"uncultured","uncultured bacterium"
"ASV812","Bin22",0.000425299890948746,"Bacteria","Bacteroidota","Bacteroidia","Sphingobacteriales","Z4MB62","uncultured","uncultured bacterium"
"ASV813","Bin19",0.000425299890948746,"Bacteria","Bacteroidota","Bacteroidia","Bacteroidales","Bacteroidetes vadinHA17","uncultured","uncultured bacterium"
"ASV814","Bin101",0.000425299890948746,"Bacteria","Desulfobacterota","Desulfobulbia","Desulfobulbales","Desulfobulbaceae","Desulfobulbus","uncultured bacterium"
"ASV815","Bin15",0.000425299890948746,"Bacteria","Bacteroidota","Ignavibacteria","Ignavibacteriales","BSV40","uncultured","uncultured bacterium"
"ASV816","Bin68",0.000410878482204818,"Bacteria","Proteobacteria","Gammaproteobacteria","Burkholderiales","Comamonadaceae","Piscinibacter","uncultured bacterium"
"ASV817","Bin56",0.000395698051948052,"Bacteria","Firmicutes","Bacilli","Lactobacillales","Enterococcaceae","Enterococcus","uncultured bacterium"
"ASV826","Bin15",0.000424163950529089,"Bacteria","Bacteroidota","Kryptonia","Kryptoniales","BSV26","uncultured","uncultured bacterium"
"ASV827","Bin102",0.000424163950529089,"Bacteria","Bdellovibrionota","Oligoflexia","0319-6G20",NA,"uncultured","uncultured bacterium"
"ASV828","Bin14",0.000424163950529089,"Bacteria","Bacteroidota","Ignavibacteria","SJA-28",NA,"uncultured","uncultured bacterium"
"ASV829","Bin62",0.000424163950529089,"Bacteria","Proteobacteria","Gammaproteobacteria","Burkholderiales","Nitrosomonadaceae","Ellin6067","uncultured bacterium"
"ASV830","Bin45",0.000416592259811412,"Bacteria","Acidobacteriota","Vicinamibacteria","Subgroup 17",NA,"uncultured","uncultured bacterium"
"ASV831","Bin42",0.000402031316123572,"Bacteria","Planctomycetota","vadinHA49",NA,NA,"uncultured","uncultured bacterium"
"ASV832","Bin95",0.000402031316123572,"Bacteria","Proteobacteria","Alphaproteobacteria","Micavibrionales",NA,"uncultured","uncultured bacterium"
"ASV833","Bin31",0.000402031316123572,"Bacteria","Planctomycetota","Planctomycetes","Planctomycetales","Schlesneriaceae","Planctopirus","uncultured bacterium"
"ASV834","Bin63",0.000402031316123572,"Bacteria","Proteobacteria","Gammaproteobacteria","Burkholderiales","SC-I-84","uncultured","uncultured bacterium"
"ASV835","Bin83",0.000402031316123572,"Bacteria","Proteobacteria","Alphaproteobacteria","Sphingomonadales","Sphingomonadaceae","Ellin6055","uncultured bacterium"
"ASV836","Bin64",0.000402031316123572,"Bacteria","Proteobacteria","Gammaproteobacteria","Burkholderiales","Rhodocyclaceae","Sulfuritalea","uncultured bacterium"
"ASV837","Bin16",0.000402031316123572,"Bacteria","Bacteroidota","Bacteroidia","Cytophagales","Microscillaceae","Chryseolinea","uncultured bacterium"
"ASV838","Bin79",0.000402031316123572,"Bacteria","Proteobacteria","Alphaproteobacteria","Ferrovibrionales","Ferrovibrionaceae","Ferrovibrio","uncultured bacterium"
"ASV839","Bin24",0.000402031316123572,"Bacteria","Bacteroidota","Bacteroidia","Chitinophagales","Chitinophagaceae","Terrimonas","uncultured bacterium"
"ASV840","Bin26",0.000396393637572753,"Bacteria","Bacteroidota","Bacteroidia","Chitinophagales","Chitinophagaceae","Ferruginibacter","uncultured bacterium"
"ASV841","Bin8",0.000414394765539804,"Bacteria","Chloroflexi","Anaerolineae","RBG-13-54-9",NA,"uncultured","uncultured bacterium"
"ASV842","Bin54",0.000414394765539804,"Bacteria","Cloacimonadota","Cloacimonadia","Cloacimonadales","MSBL8","uncultured","uncultured bacterium"
"ASV843","Bin54",0.000414394765539804,"Bacteria","Spirochaetota","Leptospirae","Leptospirales","Leptospiraceae","Leptonema","uncultured bacterium"
"ASV844","Bin4",0.000414394765539804,"Bacteria","Chloroflexi","Anaerolineae","SBR1031","A4b","uncultured","uncultured bacterium"
"ASV845","Bin42",0.000414394765539804,"Bacteria","Planctomycetota","vadinHA49",NA,NA,"uncultured","uncultured bacterium"
"ASV846","Bin33",0.000414394765539804,"Bacteria","Planctomycetota","Planctomycetes","Pirellulales","Pirellulaceae","Pir2 lineage","uncultured bacterium"
"ASV847","Bin83",0.000385551948051948,"Bacteria","Proteobacteria","Alphaproteobacteria","Sphingomonadales","Sphingomonadaceae","Sphingomonas","uncultured bacterium"
"ASV848","Bin90",0.000385551948051948,"Bacteria","Proteobacteria","Alphaproteobacteria","Rhizobiales","Xanthobacteraceae","Pseudorhodoplanes","uncultured bacterium"
"ASV849","Bin89",0.000243506493506494,"Bacteria","Proteobacteria","Alphaproteobacteria","Rhizobiales","Xanthobacteraceae","uncultured","uncultured bacterium"
"ASV862","Bin99",0.000413001741304639,"Bacteria","Myxococcota","Myxococcia","Myxococcales","Myxococcaceae","Myxococcus","uncultured bacterium"
"ASV863","Bin56",0.000413001741304639,"Bacteria","Firmicutes","Bacilli","Bacillales","Bacillaceae","Bacillus","uncultured bacterium"
"ASV864","Bin84",0.000413001741304639,"Bacteria","Proteobacteria","Alphaproteobacteria","Sphingomonadales","Sphingomonadaceae","Altererythrobacter","uncultured bacterium"
"ASV865","Bin99",0.000413001741304639,"Bacteria","Myxococcota","Polyangia","Polyangiales","BIrii41","uncultured","uncultured bacterium"
"ASV866","Bin106",0.000413001741304639,"Bacteria","Actinobacteriota","Acidimicrobiia","Microtrichales","Ilumatobacteraceae","CL500-29 marine group","uncultured bacterium"
"ASV867","Bin16",0.000413001741304639,"Bacteria","Bacteroidota","Bacteroidia","Cytophagales","Microscillaceae","uncultured","uncultured bacterium"
"ASV868","Bin99",0.000413001741304639,"Bacteria","Myxococcota","Polyangia","Polyangiales","BIrii41","uncultured","uncultured bacterium"
"ASV869","Bin24",0.000391451544646636,"Bacteria","Bacteroidota","Bacteroidia","Chitinophagales","Chitinophagaceae","Terrimonas","uncultured bacterium"
"ASV870","Bin32",0.000391451544646636,"Bacteria","Planctomycetota","Planctomycetes","Planctomycetales","Rubinisphaeraceae","SH-PL14","uncultured bacterium"
"ASV871","Bin90",0.000391451544646636,"Bacteria","Proteobacteria","Alphaproteobacteria","Rhizobiales","Xanthobacteraceae","Bradyrhizobium","uncultured bacterium"
"ASV872","Bin91",0.000391451544646636,"Bacteria","Proteobacteria","Alphaproteobacteria","Rhizobiales","Beijerinckiaceae","Methylocystis","uncultured bacterium"
"ASV873","Bin26",0.000391451544646636,"Bacteria","Bacteroidota","Bacteroidia","Chitinophagales","Chitinophagaceae","Niastella","uncultured bacterium"
"ASV874","Bin76",0.000391451544646636,"Bacteria","Proteobacteria","Alphaproteobacteria",NA,NA,"uncultured","uncultured bacterium"
"ASV875","Bin27",0.000391451544646636,"Bacteria","Bacteroidota","Bacteroidia","Chitinophagales","Chitinophagaceae","Parafilimonas","uncultured bacterium"
"ASV876","Bin36",0.000391451544646636,"Bacteria","Planctomycetota","Planctomycetes","Pirellulales","Pirellulaceae","Pir4 lineage","uncultured bacterium"
"ASV877","Bin3",0.000391451544646636,"Bacteria","Chloroflexi","Anaerolineae","SBR1031","A4b","uncultured","uncultured bacterium"
"ASV878","Bin4",0.000403489640130861,"Bacteria","Chloroflexi","Anaerolineae","SBR1031","A4b","uncultured","uncultured bacterium"
"ASV879","Bin16",0.000403489640130861,"Bacteria","Bacteroidota","Bacteroidia","Cytophagales","Microscillaceae","Ohtaekwangia","uncultured bacterium"
"ASV880","Bin7",0.000403489640130861,"Bacteria","Chloroflexi","Anaerolineae","Caldilineales","Caldilineaceae","uncultured","uncultured bacterium"
"ASV881","Bin32",0.000403489640130861,"Bacteria","Planctomycetota","Planctomycetes","Planctomycetales","Rubinisphaeraceae","SH-PL14","uncultured bacterium"
"ASV882","Bin81",0.000375405844155844,"Bacteria","Proteobacteria","Alphaproteobacteria","Rhodobacterales","Rhodobacteraceae","Paracoccus","uncultured bacterium"
"ASV892","Bin56",0.000401839532080189,"Bacteria","Firmicutes","Bacilli","Bacillales","Bacillaceae","Bacillus","uncultured bacterium"
"ASV893","Bin56",0.000401839532080189,"Bacteria","Firmicutes","Bacilli","Bacillales","Bacillaceae","Bacillus","uncultured bacterium"
"ASV894","Bin94",0.000401839532080189,"Bacteria","Proteobacteria","Alphaproteobacteria","Micropepsales","Micropepsaceae","uncultured","uncultured bacterium"
"ASV895","Bin83",0.000401839532080189,"Bacteria","Proteobacteria","Alphaproteobacteria","Sphingomonadales","Sphingomonadaceae","Sphingomonas","uncultured bacterium"
"ASV896","Bin16",0.000401839532080189,"Bacteria","Bacteroidota","Bacteroidia","Cytophagales","Microscillaceae","Hassallia","uncultured bacterium"
"ASV897","Bin92",0.000392694584125077,"Bacteria","Proteobacteria","Alphaproteobacteria","Rhizobiales","Hyphomicrobiaceae","Pedomicrobium","uncultured bacterium"
"ASV898","Bin52",0.000394850279110026,"Bacteria","Patescibacteria","Saccharimonadia","Saccharimonadales",NA,"uncultured","uncultured bacterium"
"ASV899","Bin34",0.000396440771954532,"Bacteria","Planctomycetota","Planctomycetes","Pirellulales","Pirellulaceae","uncultured","uncultured bacterium"
"ASV900","Bin79",0.000392673065003456,"Bacteria","Proteobacteria","Alphaproteobacteria","Tistrellales","Geminicoccaceae","Geminicoccus","uncultured bacterium"
"ASV901","Bin38",0.0003808717731697,"Bacteria","Planctomycetota","Planctomycetes","Pirellulales","Pirellulaceae","Pirellula","uncultured bacterium"
"ASV902","Bin42",0.0003808717731697,"Bacteria","Planctomycetota","vadinHA49",NA,NA,"uncultured","uncultured bacterium"
"ASV903","Bin24",0.0003808717731697,"Bacteria","Bacteroidota","Bacteroidia","Chitinophagales","Chitinophagaceae","Terrimonas","uncultured bacterium"
"ASV904","Bin42",0.0003808717731697,"Bacteria","Planctomycetota","vadinHA49",NA,NA,"uncultured","uncultured bacterium"
"ASV905","Bin25",0.0003808717731697,"Bacteria","Bacteroidota","Bacteroidia","Chitinophagales","Chitinophagaceae","Terrimonas","uncultured bacterium"
"ASV906","Bin55",0.0003808717731697,"Bacteria","Firmicutes","Bacilli","Alicyclobacillales","Alicyclobacillaceae","Tumebacillus","uncultured bacterium"
"ASV907","Bin19",0.00038998168326587,"Bacteria","Bacteroidota","Bacteroidia","Bacteroidales","SB-5","uncultured","uncultured bacterium"
"ASV908","Bin76",0.000392584514721919,"Bacteria","Proteobacteria","Alphaproteobacteria","Rhodospirillales",NA,"uncultured","uncultured bacterium"
"ASV909","Bin15",0.000392584514721919,"Bacteria","Bacteroidota","Ignavibacteria","Ignavibacteriales","PHOS-HE36","uncultured","uncultured bacterium"
"ASV910","Bin20",0.000392584514721919,"Bacteria","Bacteroidota","Bacteroidia","Flavobacteriales","Flavobacteriaceae","Flavobacterium","uncultured bacterium"
"ASV911","Bin74",0.000392584514721919,"Bacteria","Desulfobacterota","Desulfovibrionia","Desulfovibrionales","Desulfovibrionaceae","Desulfovibrio","uncultured bacterium"
"ASV912","Bin54",0.000392584514721919,"Bacteria","Spirochaetota","Spirochaetia","Spirochaetales","Spirochaetaceae","Treponema","uncultured bacterium"
"ASV913","Bin40",0.00019629225736096,"Bacteria","Planctomycetota","OM190",NA,NA,"uncultured","uncultured bacterium"
"ASV914","Bin56",0.00036525974025974,"Bacteria","Firmicutes","Bacilli","Lactobacillales","Enterococcaceae","Enterococcus","uncultured bacterium"
"ASV915","Bin69",0.00036525974025974,"Bacteria","Proteobacteria","Gammaproteobacteria","Burkholderiales","Comamonadaceae","Rubrivivax","uncultured bacterium"
"ASV916","Bin56",0.00036525974025974,"Bacteria","Firmicutes","Bacilli","Lactobacillales","Enterococcaceae","Enterococcus","uncultured bacterium"
"ASV927","Bin46",0.00039067732285574,"Bacteria","Acidobacteriota","Vicinamibacteria","Vicinamibacterales",NA,"uncultured","uncultured bacterium"
"ASV928","Bin6",0.00039067732285574,"Bacteria","Chloroflexi","Anaerolineae","Ardenticatenales",NA,"uncultured","uncultured bacterium"
"ASV929","Bin62",0.00039067732285574,"Bacteria","Proteobacteria","Gammaproteobacteria","Burkholderiales","Hydrogenophilaceae","uncultured","uncultured bacterium"
"ASV930","Bin56",0.000388106484700665,"Bacteria","Firmicutes","Bacilli","Erysipelotrichales","Erysipelotrichaceae","Turicibacter","sanguinis"
"ASV931","Bin60",0.000370292001692763,"Bacteria","Proteobacteria","Gammaproteobacteria","JG36-GS-52",NA,"uncultured","uncultured bacterium"
"ASV932","Bin26",0.000370292001692763,"Bacteria","Bacteroidota","Bacteroidia","Chitinophagales","Chitinophagaceae","Niastella","uncultured bacterium"
"ASV933","Bin40",0.000370292001692763,"Bacteria","Planctomycetota","Planctomycetes","Gemmatales","Gemmataceae","uncultured","uncultured bacterium"
"ASV934","Bin72",0.000370292001692763,"Bacteria","Proteobacteria","Gammaproteobacteria","Xanthomonadales","Xanthomonadaceae","Lysobacter","uncultured bacterium"
"ASV935","Bin92",0.000370292001692763,"Bacteria","Proteobacteria","Alphaproteobacteria","Rhizobiales","Hyphomicrobiaceae","Hyphomicrobium","uncultured bacterium"
"ASV936","Bin52",0.000370292001692763,"Bacteria","Patescibacteria","Saccharimonadia","Saccharimonadales",NA,"uncultured","uncultured bacterium"
"ASV937","Bin93",0.000370292001692763,"Bacteria","Proteobacteria","Alphaproteobacteria","Rhizobiales","Rhizobiales Incertae Sedis","Nordella","uncultured bacterium"
"ASV938","Bin69",0.000371703383011725,"Bacteria","Proteobacteria","Gammaproteobacteria","Burkholderiales","Comamonadaceae","Leptothrix","uncultured bacterium"
"ASV939","Bin9",0.000381679389312977,"Bacteria","Chloroflexi","Anaerolineae","Anaerolineales","Anaerolineaceae","uncultured","uncultured bacterium"
"ASV940","Bin7",0.000381679389312977,"Bacteria","Chloroflexi","Anaerolineae","Caldilineales","Caldilineaceae","uncultured","uncultured bacterium"
"ASV941","Bin29",0.000381679389312977,"Bacteria","Bacteroidota","Bacteroidia","Bacteroidales","Tannerellaceae","Macellibacteroides","uncultured bacterium"
"ASV942","Bin8",0.000381679389312977,"Bacteria","Chloroflexi","Anaerolineae","Anaerolineales","Anaerolineaceae","uncultured","uncultured bacterium"
"ASV943","Bin34",0.000381679389312977,"Bacteria","Planctomycetota","Planctomycetes","Pirellulales","Pirellulaceae","uncultured","uncultured bacterium"
"ASV944","Bin63",0.000381679389312977,"Bacteria","Proteobacteria","Gammaproteobacteria","Burkholderiales","B1-7BS","uncultured","uncultured bacterium"
"ASV945","Bin30",0.000381679389312977,"Bacteria","Acidobacteriota","Holophagae","Holophagales","Holophagaceae","uncultured","uncultured bacterium"
"ASV946","Bin8",0.000163576881134133,"Bacteria","Chloroflexi","Anaerolineae","RBG-13-54-9",NA,"uncultured","uncultured bacterium"
"ASV947","Bin62",0.000355113636363636,"Bacteria","Proteobacteria","Gammaproteobacteria","Burkholderiales","Nitrosomonadaceae","Ellin6067","uncultured bacterium"
"ASV961","Bin41",0.00037951511363129,"Bacteria","Planctomycetota","Phycisphaerae","Tepidisphaerales","WD2101 soil group","uncultured","uncultured bacterium"
"ASV962","Bin68",0.00037951511363129,"Bacteria","Proteobacteria","Gammaproteobacteria","Burkholderiales","Comamonadaceae","Piscinibacter","uncultured bacterium"
"ASV963","Bin62",0.00037951511363129,"Bacteria","Proteobacteria","Gammaproteobacteria","Burkholderiales","Rhodocyclaceae","Dechloromonas","uncultured bacterium"
"ASV964","Bin60",0.00037951511363129,"Bacteria","Proteobacteria","Gammaproteobacteria","Steroidobacterales","Steroidobacteraceae","Steroidobacter","uncultured bacterium"
"ASV965","Bin72",0.00037951511363129,"Bacteria","Proteobacteria","Gammaproteobacteria","Xanthomonadales","Xanthomonadaceae","Lysobacter","uncultured bacterium"
"ASV966","Bin17",0.00037951511363129,"Bacteria","Bacteroidota","Bacteroidia","Cytophagales","Microscillaceae","uncultured","uncultured bacterium"
"ASV967","Bin89",0.000370196109671072,"Bacteria","Proteobacteria","Alphaproteobacteria","Rhizobiales","Pleomorphomonadaceae","Prosthecomicrobium","uncultured bacterium"
"ASV968","Bin45",0.000145108719917846,"Bacteria","Acidobacteriota","Vicinamibacteria","Vicinamibacterales","Vicinamibacteraceae","uncultured","uncultured bacterium"
"ASV969","Bin48",0.000366701483185991,"Bacteria","Cyanobacteria","Vampirivibrionia","Obscuribacterales","Obscuribacteraceae","uncultured","uncultured bacterium"
"ASV970","Bin33",0.000373859269690125,"Bacteria","Planctomycetota","Planctomycetes","Pirellulales","Pirellulaceae","uncultured","uncultured bacterium"
"ASV971","Bin66",0.000359712230215827,"Bacteria","Proteobacteria","Gammaproteobacteria","Burkholderiales","Methylophilaceae","Methylotenera","uncultured bacterium"
"ASV972","Bin24",0.000359712230215827,"Bacteria","Bacteroidota","Bacteroidia","Chitinophagales","Chitinophagaceae","Terrimonas","uncultured bacterium"
"ASV973","Bin31",0.000359712230215827,"Bacteria","Planctomycetota","Planctomycetes","Planctomycetales",NA,"uncultured","uncultured bacterium"
"ASV974","Bin26",0.000359712230215827,"Bacteria","Bacteroidota","Bacteroidia","Chitinophagales","Chitinophagaceae","Niastella","uncultured bacterium"
"ASV975","Bin55",0.000359712230215827,"Bacteria","Firmicutes","Bacilli","Alicyclobacillales","Alicyclobacillaceae","Tumebacillus","uncultured bacterium"
"ASV976","Bin72",0.000359712230215827,"Bacteria","Proteobacteria","Gammaproteobacteria","Xanthomonadales","Xanthomonadaceae","Lysobacter","uncultured bacterium"
"ASV977","Bin78",0.000359712230215827,"Bacteria","Proteobacteria","Alphaproteobacteria","Defluviicoccales","Defluviicoccaceae","Defluviicoccus","uncultured bacterium"
"ASV978","Bin8",0.000359712230215827,"Bacteria","Chloroflexi","Anaerolineae","Anaerolineales","Anaerolineaceae","uncultured","uncultured bacterium"
"ASV979","Bin18",0.000116377486246297,"Bacteria","Bacteroidota","Bacteroidia","Bacteroidales","Paludibacteraceae","uncultured","uncultured bacterium"
"ASV980","Bin101",8.46381718154888e-05,"Bacteria","RCP2-54",NA,NA,NA,"uncultured","uncultured bacterium"
"ASV981","Bin7",0.000370774263904035,"Bacteria","Chloroflexi","Anaerolineae","Caldilineales","Caldilineaceae","uncultured","uncultured bacterium"
"ASV982","Bin99",0.000370774263904035,"Bacteria","Desulfobacterota","Syntrophobacteria","Syntrophobacterales","Syntrophobacteraceae","Syntrophobacter","uncultured bacterium"
"ASV983","Bin99",0.000370774263904035,"Bacteria","Desulfobacterota","Syntrophobacteria","Syntrophobacterales","Syntrophobacteraceae","Desulfovirga","uncultured bacterium"
"ASV984","Bin62",0.000370774263904035,"Bacteria","Proteobacteria","Gammaproteobacteria","Burkholderiales","Hydrogenophilaceae","uncultured","uncultured bacterium"
"ASV985","Bin6",0.000370774263904035,"Bacteria","Chloroflexi","Anaerolineae","Ardenticatenales",NA,"uncultured","uncultured bacterium"
"ASV986","Bin29",0.000370774263904035,"Bacteria","Bacteroidota","Bacteroidia","Bacteroidales","Dysgonomonadaceae","uncultured","uncultured bacterium"
"ASV987","Bin10",0.000370774263904035,"Bacteria","Chloroflexi","Anaerolineae","Anaerolineales","Anaerolineaceae","uncultured","uncultured bacterium"
"ASV988","Bin74",0.000344967532467532,"Bacteria","Desulfobacterota","Desulfovibrionia","Desulfovibrionales","Desulfomicrobiaceae","Desulfomicrobium","uncultured bacterium"
"ASV989","Bin68",0.000344967532467532,"Bacteria","Proteobacteria","Gammaproteobacteria","Burkholderiales","Comamonadaceae","Rhizobacter","uncultured bacterium"
"ASV990","Bin46",0.000344967532467532,"Bacteria","Acidobacteriota","Vicinamibacteria","Vicinamibacterales",NA,"uncultured","uncultured bacterium"
"ASV997","Bin23",0.00036835290440684,"Bacteria","Bacteroidota","Bacteroidia","Sphingobacteriales","env.OPS 17","uncultured","uncultured bacterium"
"ASV998","Bin108",0.00036835290440684,"Bacteria","Actinobacteriota","Actinobacteria","Micrococcales","Intrasporangiaceae","uncultured","uncultured bacterium"
"ASV999","Bin31",0.00036835290440684,"Bacteria","Planctomycetota","Planctomycetes","Planctomycetales","Schlesneriaceae","Planctopirus","uncultured bacterium"
"ASV1000","Bin16",0.00036835290440684,"Bacteria","Bacteroidota","Bacteroidia","Cytophagales","Microscillaceae","Hassallia","uncultured bacterium"
"ASV1001","Bin11",0.00036835290440684,"Bacteria","Chloroflexi","KD4-96",NA,NA,"uncultured","uncultured bacterium"
"ASV1002","Bin99",0.00036835290440684,"Bacteria","Myxococcota","Polyangia","Polyangiales","BIrii41","uncultured","uncultured bacterium"
"ASV1003","Bin55",0.00036835290440684,"Bacteria","Firmicutes","Bacilli","Alicyclobacillales","Alicyclobacillaceae","Tumebacillus","uncultured bacterium"
"ASV1004","Bin23",0.00036835290440684,"Bacteria","Bacteroidota","Bacteroidia","Sphingobacteriales","AKYH767","uncultured","uncultured bacterium"
"ASV1005","Bin43",0.000200919766040095,"Bacteria","Acidobacteriota","Acidobacteriae","Bryobacterales","Bryobacteraceae","Bryobacter","uncultured bacterium"
"ASV1006","Bin96",0.000349132458738891,"Bacteria","Proteobacteria","Alphaproteobacteria","Rickettsiales","SM2D12","uncultured","uncultured bacterium"
"ASV1007","Bin66",0.000349132458738891,"Bacteria","Proteobacteria","Gammaproteobacteria","Burkholderiales","Nitrosomonadaceae","Nitrosomonas","uncultured bacterium"
"ASV1008","Bin66",0.000349132458738891,"Bacteria","Proteobacteria","Gammaproteobacteria","Burkholderiales","Nitrosomonadaceae","Nitrosomonas","uncultured bacterium"
"ASV1009","Bin90",0.000349132458738891,"Bacteria","Proteobacteria","Alphaproteobacteria","Rhizobiales","Xanthobacteraceae","uncultured","uncultured bacterium"
"ASV1010","Bin41",0.000349132458738891,"Bacteria","Planctomycetota","Phycisphaerae","Tepidisphaerales","WD2101 soil group","uncultured","uncultured bacterium"
"ASV1011","Bin92",0.000345229450511401,"Bacteria","Proteobacteria","Alphaproteobacteria","Rhizobiales","Hyphomicrobiaceae","Hyphomicrobium","uncultured bacterium"
"ASV1012","Bin89",0.000354012767718983,"Bacteria","Proteobacteria","Alphaproteobacteria","Rhizobiales","Rhizobiales Incertae Sedis","Bauldia","uncultured bacterium"
"ASV1013","Bin32",0.000354338121650989,"Bacteria","Planctomycetota","Planctomycetes","Planctomycetales",NA,"uncultured","uncultured bacterium"
"ASV1014","Bin38",0.000355314183447007,"Bacteria","Planctomycetota","Planctomycetes","Pirellulales","Pirellulaceae","Pirellula","uncultured bacterium"
"ASV1015","Bin18",0.000359869138495093,"Bacteria","Bacteroidota","Bacteroidia","Bacteroidales","Bacteroidetes BD2-2","uncultured","uncultured bacterium"
"ASV1016","Bin69",0.000359869138495093,"Bacteria","Proteobacteria","Gammaproteobacteria","Burkholderiales","Comamonadaceae","uncultured","uncultured bacterium"
"ASV1017","Bin43",0.000359869138495093,"Bacteria","Acidobacteriota","Acidobacteriae","Solibacterales","Solibacteraceae","Candidatus Solibacter","uncultured bacterium"
"ASV1018","Bin44",0.000359869138495093,"Bacteria","Zixibacteria",NA,NA,NA,"uncultured","uncultured bacterium"
"ASV1019","Bin9",0.000359869138495093,"Bacteria","Chloroflexi","Anaerolineae","Anaerolineales","Anaerolineaceae","Leptolinea","uncultured bacterium"
"ASV1020","Bin35",0.000131899350649351,"Bacteria","Planctomycetota","Planctomycetes","Pirellulales","Pirellulaceae","Blastopirellula","uncultured bacterium"
"ASV1031","Bin108",0.000357190695182391,"Bacteria","Actinobacteriota","Actinobacteria","Micrococcales","Microbacteriaceae","Microbacterium","uncultured bacterium"
"ASV1032","Bin46",0.000357190695182391,"Bacteria","Acidobacteriota","Vicinamibacteria","Vicinamibacterales",NA,"uncultured","uncultured bacterium"
"ASV1033","Bin34",0.000357190695182391,"Bacteria","Planctomycetota","Planctomycetes","Pirellulales","Pirellulaceae","uncultured","uncultured bacterium"
"ASV1034","Bin34",0.000357190695182391,"Bacteria","Planctomycetota","Planctomycetes","Pirellulales","Pirellulaceae","uncultured","uncultured bacterium"
"ASV1035","Bin55",0.000357190695182391,"Bacteria","Firmicutes","Bacilli","Alicyclobacillales","Alicyclobacillaceae","Tumebacillus","uncultured bacterium"
"ASV1036","Bin46",0.000357190695182391,"Bacteria","Acidobacteriota","Vicinamibacteria","Vicinamibacterales",NA,"uncultured","uncultured bacterium"
"ASV1037","Bin27",0.000357190695182391,"Bacteria","Bacteroidota","Bacteroidia","Chitinophagales","Chitinophagaceae","uncultured","uncultured bacterium"
"ASV1038","Bin52",0.000357190695182391,"Bacteria","Patescibacteria","Saccharimonadia","Saccharimonadales",NA,"uncultured","uncultured bacterium"
"ASV1039","Bin74",0.000357190695182391,"Bacteria","Desulfobacterota","Desulfovibrionia","Desulfovibrionales","Desulfovibrionaceae","Desulfovibrio","uncultured bacterium"
"ASV1040","Bin79",0.000223244184488994,"Bacteria","Proteobacteria","Alphaproteobacteria","Tistrellales","Geminicoccaceae","Candidatus Alysiosphaera","uncultured bacterium"
"ASV1041","Bin45",0.000345541940232118,"Bacteria","Acidobacteriota","Vicinamibacteria","Vicinamibacterales","Vicinamibacteraceae","uncultured","uncultured bacterium"
"ASV1042","Bin2",0.000338552687261955,"Bacteria","Chloroflexi","Anaerolineae","SBR1031","A4b","uncultured","uncultured bacterium"
"ASV1043","Bin92",0.000338552687261955,"Bacteria","Proteobacteria","Alphaproteobacteria","Rhizobiales","Hyphomicrobiaceae","Pedomicrobium","uncultured bacterium"
"ASV1044","Bin69",0.000338552687261955,"Bacteria","Proteobacteria","Gammaproteobacteria","Burkholderiales","Comamonadaceae","Paucibacter","uncultured bacterium"
"ASV1045","Bin99",0.000338552687261955,"Bacteria","Myxococcota","Polyangia","Polyangiales","BIrii41","uncultured","uncultured bacterium"
"ASV1046","Bin77",0.000338552687261955,"Bacteria","Proteobacteria","Alphaproteobacteria","Dongiales","Dongiaceae","Dongia","uncultured bacterium"
"ASV1047","Bin92",0.000335083346615298,"Bacteria","Proteobacteria","Alphaproteobacteria","Rhizobiales","Hyphomicrobiaceae","Hyphomicrobium","zavarzinii"
"ASV1048","Bin34",0.000344734411970071,"Bacteria","Planctomycetota","Planctomycetes","Pirellulales","Pirellulaceae","uncultured","uncultured bacterium"
"ASV1049","Bin89",0.000347987951290132,"Bacteria","Proteobacteria","Alphaproteobacteria","Rhizobiales","Ancalomicrobiaceae","Ancalomicrobium","uncultured bacterium"
"ASV1050","Bin1",0.00034896401308615,"Bacteria","Chloroflexi","Anaerolineae","SBR1031","A4b","uncultured","uncultured bacterium"
"ASV1051","Bin70",0.00034896401308615,"Bacteria","Proteobacteria","Gammaproteobacteria","Burkholderiales","Comamonadaceae","Ideonella","uncultured bacterium"
"ASV1052","Bin18",0.00034896401308615,"Bacteria","Bacteroidota","Bacteroidia","Bacteroidales","Paludibacteraceae","uncultured","uncultured bacterium"
"ASV1053","Bin99",0.00034896401308615,"Bacteria","Myxococcota","Polyangia","Polyangiales","Phaselicystidaceae","Phaselicystis","uncultured bacterium"
"ASV1054","Bin7",0.00034896401308615,"Bacteria","Chloroflexi","Anaerolineae","Caldilineales","Caldilineaceae","uncultured","uncultured bacterium"
"ASV1055","Bin21",0.00034896401308615,"Bacteria","Bacteroidota","Bacteroidia","Bacteroidetes VC2.1 Bac22",NA,"uncultured","uncultured bacterium"
"ASV1056","Bin8",0.000341373797957767,"Bacteria","Chloroflexi","Anaerolineae","RBG-13-54-9",NA,"uncultured","uncultured bacterium"
"ASV1070","Bin28",0.000346028485957941,"Bacteria","Bacteroidota","Bacteroidia","Chitinophagales","Saprospiraceae","uncultured","uncultured bacterium"
"ASV1071","Bin59",0.000346028485957941,"Bacteria","Proteobacteria","Gammaproteobacteria","R7C24",NA,"uncultured","uncultured bacterium"
"ASV1072","Bin72",0.000346028485957941,"Bacteria","Proteobacteria","Gammaproteobacteria","Xanthomonadales","Xanthomonadaceae","Thermomonas","uncultured bacterium"
"ASV1073","Bin63",0.000346028485957941,"Bacteria","Proteobacteria","Gammaproteobacteria","Burkholderiales","SC-I-84","uncultured","uncultured bacterium"
"ASV1074","Bin7",0.000346028485957941,"Bacteria","Chloroflexi","Anaerolineae","Caldilineales","Caldilineaceae","uncultured","uncultured bacterium"
"ASV1075","Bin106",0.000342686396356343,"Bacteria","Actinobacteriota","Acidimicrobiia","IMCC26256",NA,"uncultured","uncultured bacterium"
"ASV1076","Bin60",8.92976737955976e-05,"Bacteria","Proteobacteria","Gammaproteobacteria","JG36-GS-52",NA,"uncultured","uncultured bacterium"
"ASV1077","Bin8",0.000327972915785019,"Bacteria","Chloroflexi","Anaerolineae","Anaerolineales","Anaerolineaceae","uncultured","uncultured bacterium"
"ASV1078","Bin90",0.000327972915785019,"Bacteria","Proteobacteria","Alphaproteobacteria","Rhizobiales","Xanthobacteraceae","Pseudorhodoplanes","uncultured bacterium"
"ASV1079","Bin49",0.000327972915785019,"Archaea","Euryarchaeota","Methanobacteria","Methanobacteriales","Methanobacteriaceae","uncultured","uncultured bacterium"
"ASV1080","Bin36",0.000327972915785019,"Bacteria","Planctomycetota","Planctomycetes","Pirellulales","Pirellulaceae","Pir4 lineage","uncultured bacterium"
"ASV1081","Bin14",0.000327972915785019,"Bacteria","Bacteroidota","Kryptonia","Kryptoniales","BSV26","uncultured","uncultured bacterium"
"ASV1082","Bin78",0.000327972915785019,"Bacteria","Proteobacteria","Alphaproteobacteria","Defluviicoccales","Defluviicoccaceae","Defluviicoccus","uncultured bacterium"
"ASV1083","Bin107",0.000327972915785019,"Bacteria","Actinobacteriota","Actinobacteria","Corynebacteriales","Mycobacteriaceae","Mycobacterium","uncultured bacterium"
"ASV1084","Bin21",0.000327972915785019,"Bacteria","Bacteroidota","Bacteroidia","Bacteroidetes VC2.1 Bac22",NA,"uncultured","uncultured bacterium"
"ASV1085","Bin49",0.000338058887677208,"Archaea","Crenarchaeota","Bathyarchaeia",NA,NA,"uncultured","uncultured bacterium"
"ASV1086","Bin8",0.000338058887677208,"Bacteria","Chloroflexi","Anaerolineae","Anaerolineales","Anaerolineaceae","uncultured","uncultured bacterium"
"ASV1087","Bin18",0.000325155521958957,"Bacteria","Bacteroidota","Bacteroidia","Bacteroidales","Prolixibacteraceae","Draconibacterium","uncultured bacterium"
"ASV1088","Bin94",0.000314529220779221,"Bacteria","Proteobacteria","Alphaproteobacteria","Rhizobiales","A0839","uncultured","uncultured bacterium"
"ASV1089","Bin65",0.000314529220779221,"Bacteria","Proteobacteria","Gammaproteobacteria","Burkholderiales","Rhodocyclaceae","uncultured","uncultured bacterium"
"ASV1090","Bin21",0.000314529220779221,"Bacteria","Bacteroidota","Bacteroidia","Flavobacteriales","NS9 marine group","uncultured","uncultured bacterium"
"ASV1091","Bin74",0.000314529220779221,"Bacteria","Desulfobacterota","Desulfovibrionia","Desulfovibrionales","Desulfomicrobiaceae","Desulfomicrobium","uncultured bacterium"
"ASV1092","Bin72",0.000314529220779221,"Bacteria","Proteobacteria","Gammaproteobacteria","Xanthomonadales","Rhodanobacteraceae","Ahniella","uncultured bacterium"
"ASV1108","Bin91",0.000334866276733491,"Bacteria","Proteobacteria","Alphaproteobacteria","Rhizobiales","Beijerinckiaceae","alphaI cluster","uncultured bacterium"
"ASV1109","Bin27",0.000334866276733491,"Bacteria","Bacteroidota","Bacteroidia","Chitinophagales","Chitinophagaceae","Parafilimonas","uncultured bacterium"
"ASV1110","Bin60",0.000334866276733491,"Bacteria","Proteobacteria","Gammaproteobacteria","PLTA13",NA,"uncultured","uncultured bacterium"
"ASV1111","Bin20",0.000334866276733491,"Bacteria","Bacteroidota","Bacteroidia","Flavobacteriales","Flavobacteriaceae","Flavobacterium","uncultured bacterium"
"ASV1112","Bin16",0.000310479748853192,"Bacteria","Bacteroidota","Bacteroidia","Cytophagales","Microscillaceae","Hassallia","uncultured bacterium"
"ASV1113","Bin39",0.000317393144308083,"Bacteria","Planctomycetota","Planctomycetes","Gemmatales","Gemmataceae","Fimbriiglobus","uncultured bacterium"
"ASV1114","Bin7",0.000317393144308083,"Bacteria","Chloroflexi","Anaerolineae","Caldilineales","Caldilineaceae","uncultured","uncultured bacterium"
"ASV1115","Bin94",0.000317393144308083,"Bacteria","Proteobacteria","Alphaproteobacteria","Caulobacterales","Caulobacteraceae","Asticcacaulis","excentricus"
"ASV1116","Bin2",0.000317393144308083,"Bacteria","Chloroflexi","Anaerolineae","SBR1031","A4b","uncultured","uncultured bacterium"
"ASV1117","Bin76",0.000317393144308083,"Bacteria","Proteobacteria","Alphaproteobacteria",NA,NA,"uncultured","uncultured bacterium"
"ASV1118","Bin91",0.000317393144308083,"Bacteria","Proteobacteria","Alphaproteobacteria","Rhizobiales","Pleomorphomonadaceae","Pleomorphomonas","uncultured bacterium"
"ASV1119","Bin40",0.000317393144308083,"Bacteria","Planctomycetota","Planctomycetes","Gemmatales","Gemmataceae","uncultured","uncultured bacterium"
"ASV1120","Bin19",6.34786288616166e-05,"Bacteria","Bacteroidota","Bacteroidia","Bacteroidales",NA,"uncultured","uncultured bacterium"
"ASV1121","Bin30",0.000325201638676229,"Bacteria","Acidobacteriota","Holophagae","Subgroup 7",NA,"uncultured","uncultured bacterium"
"ASV1122","Bin90",0.000327153762268266,"Bacteria","Proteobacteria","Alphaproteobacteria","Rhizobiales","Xanthobacteraceae","Rhodoplanes","uncultured bacterium"
"ASV1123","Bin38",0.000327153762268266,"Bacteria","Planctomycetota","Planctomycetes","Pirellulales","Pirellulaceae","uncultured","uncultured bacterium"
"ASV1124","Bin90",0.000327153762268266,"Bacteria","Proteobacteria","Alphaproteobacteria","Rhizobiales","Rhizobiales Incertae Sedis","Phreatobacter","uncultured bacterium"
"ASV1125","Bin48",0.000327153762268266,"Bacteria","Cyanobacteria","Vampirivibrionia","Gastranaerophilales",NA,"uncultured","uncultured bacterium"
"ASV1126","Bin106",0.000327153762268266,"Bacteria","Actinobacteriota","Acidimicrobiia","Microtrichales","Iamiaceae","Iamia","uncultured bacterium"
"ASV1127","Bin34",0.000327153762268266,"Bacteria","Planctomycetota","Planctomycetes","Pirellulales","Pirellulaceae","uncultured","uncultured bacterium"
"ASV1128","Bin61",0.000304383116883117,"Bacteria","Proteobacteria","Gammaproteobacteria","Methylococcales","Methylococcaceae","Candidatus Methylospira","uncultured bacterium"
"ASV1129","Bin32",0.000304383116883117,"Bacteria","Planctomycetota","Planctomycetes","Planctomycetales","Rubinisphaeraceae","SH-PL14","uncultured bacterium"
"ASV1130","Bin89",0.000304383116883117,"Bacteria","Proteobacteria","Alphaproteobacteria","Rhizobiales","Rhizobiales Incertae Sedis","Bauldia","uncultured bacterium"
"ASV1131","Bin77",0.000121753246753247,"Bacteria","Proteobacteria","Alphaproteobacteria","Rhodospirillales","Magnetospirillaceae","Magnetospirillum","uncultured bacterium"
"ASV1147","Bin105",0.000323704067509041,"Bacteria","Actinobacteriota","Thermoleophilia","Gaiellales","Gaiellaceae","Gaiella","uncultured bacterium"
"ASV1148","Bin52",0.000323704067509041,"Bacteria","Patescibacteria","Saccharimonadia","Saccharimonadales",NA,"uncultured","uncultured bacterium"
"ASV1149","Bin106",0.000323704067509041,"Bacteria","Actinobacteriota","Acidimicrobiia","Microtrichales","Ilumatobacteraceae","uncultured","uncultured bacterium"
"ASV1150","Bin46",0.000323704067509041,"Bacteria","Acidobacteriota","Vicinamibacteria","Vicinamibacterales","Vicinamibacteraceae","Luteitalea","uncultured bacterium"
"ASV1151","Bin82",0.000323704067509041,"Bacteria","Proteobacteria","Alphaproteobacteria","Rhizobiales","Rhizobiaceae","Shinella","uncultured bacterium"
"ASV1152","Bin107",0.000323704067509041,"Bacteria","Actinobacteriota","Actinobacteria","Corynebacteriales","Mycobacteriaceae","Mycobacterium","uncultured bacterium"
"ASV1153","Bin96",0.000323704067509041,"Bacteria","Proteobacteria","Alphaproteobacteria","Rhodospirillales","Rhodospirillaceae","uncultured","uncultured bacterium"
"ASV1154","Bin38",0.000323704067509041,"Bacteria","Planctomycetota","Planctomycetes","Pirellulales","Pirellulaceae","Pirellula","uncultured bacterium"
"ASV1155","Bin28",0.000323704067509041,"Bacteria","Bacteroidota","Bacteroidia","Chitinophagales","Saprospiraceae","uncultured","uncultured bacterium"
"ASV1156","Bin41",0.000319333642645414,"Bacteria","Planctomycetota","Phycisphaerae","Tepidisphaerales","WD2101 soil group","uncultured","uncultured bacterium"
"ASV1157","Bin24",0.00031380262580131,"Bacteria","Bacteroidota","Bacteroidia","Chitinophagales","Chitinophagaceae","Terrimonas","uncultured bacterium"
"ASV1158","Bin106",0.000318819475014399,"Bacteria","Actinobacteriota","Acidimicrobiia","Microtrichales",NA,"uncultured","uncultured bacterium"
"ASV1159","Bin3",0.000100459883020047,"Bacteria","Chloroflexi","Anaerolineae","SBR1031","A4b","uncultured","uncultured bacterium"
"ASV1160","Bin26",0.000306813372831147,"Bacteria","Bacteroidota","Bacteroidia","Chitinophagales","Chitinophagaceae","Niastella","uncultured bacterium"
"ASV1161","Bin15",0.000306813372831147,"Bacteria","Bacteroidota","Ignavibacteria","Ignavibacteriales","BSV40","uncultured","uncultured bacterium"
"ASV1162","Bin66",0.000306813372831147,"Bacteria","Proteobacteria","Gammaproteobacteria","Burkholderiales","Nitrosomonadaceae","Nitrosomonas","uncultured bacterium"
"ASV1163","Bin36",0.000306813372831147,"Bacteria","Planctomycetota","Planctomycetes","Pirellulales","Pirellulaceae","Pir4 lineage","uncultured bacterium"
"ASV1164","Bin16",0.000306813372831147,"Bacteria","Bacteroidota","Bacteroidia","Cytophagales","Microscillaceae","Ohtaekwangia","uncultured bacterium"
"ASV1165","Bin87",0.000306813372831147,"Bacteria","Proteobacteria","Alphaproteobacteria","Rhizobiales","Rhizobiaceae","Mesorhizobium","uncultured bacterium"
"ASV1166","Bin101",3.17393144308083e-05,"Bacteria","SAR324 clade(Marine group B)",NA,NA,NA,"uncultured","uncultured bacterium"
"ASV1167","Bin94",0.000316248636859324,"Bacteria","Proteobacteria","Alphaproteobacteria","Micropepsales","Micropepsaceae","Rhizomicrobium","uncultured bacterium"
"ASV1168","Bin72",0.000316248636859324,"Bacteria","Proteobacteria","Gammaproteobacteria","Xanthomonadales","Xanthomonadaceae","Thermomonas","uncultured bacterium"
"ASV1169","Bin57",0.000316248636859324,"Bacteria","Firmicutes","Clostridia","Gracilibacteraceae",NA,"uncultured","uncultured bacterium"
"ASV1170","Bin53",0.000316248636859324,"Bacteria","Spirochaetota","Spirochaetia","Spirochaetales","Spirochaetaceae","uncultured","uncultured bacterium"
"ASV1171","Bin103",0.000316248636859324,"Bacteria","Verrucomicrobiota","Verrucomicrobiae","Pedosphaerales","Pedosphaeraceae","uncultured","uncultured bacterium"
"ASV1172","Bin53",0.000316248636859324,"Bacteria","Spirochaetota","Spirochaetia","Spirochaetales","Spirochaetaceae","uncultured","uncultured bacterium"
"ASV1173","Bin43",0.000316248636859324,"Bacteria","Nitrospirota","Thermodesulfovibrionia",NA,NA,"uncultured","uncultured bacterium"
"ASV1174","Bin58",0.000316248636859324,"Bacteria","Firmicutes","Clostridia","Oscillospirales","Hungateiclostridiaceae","Anaerobacterium","uncultured bacterium"
"ASV1175","Bin30",0.000294237012987013,"Bacteria","Acidobacteriota","Holophagae","Holophagales","Holophagaceae","uncultured","uncultured bacterium"
"ASV1176","Bin83",0.000294237012987013,"Bacteria","Proteobacteria","Alphaproteobacteria","Sphingomonadales","Sphingomonadaceae","Ellin6055","uncultured bacterium"
"ASV1177","Bin90",0.000294237012987013,"Bacteria","Proteobacteria","Alphaproteobacteria","Rhizobiales","Xanthobacteraceae","uncultured","uncultured bacterium"
"ASV1196","Bin12",0.000312541858284592,"Bacteria","Firmicutes","Negativicutes",NA,NA,"uncultured","uncultured bacterium"
"ASV1197","Bin108",0.000312541858284592,"Bacteria","Actinobacteriota","Actinobacteria","PeM15",NA,"uncultured","uncultured bacterium"
"ASV1198","Bin43",0.000312541858284592,"Bacteria","Acidobacteriota","Acidobacteriae","Bryobacterales","Bryobacteraceae","Bryobacter","uncultured bacterium"
"ASV1199","Bin98",0.000312541858284592,"Bacteria","Desulfobacterota","Desulfuromonadia","Geobacterales","Pseudopelobacteraceae","Pseudopelobacter","uncultured bacterium"
"ASV1200","Bin76",0.000312541858284592,"Bacteria","Proteobacteria","Alphaproteobacteria","Acetobacterales","Acetobacteraceae","uncultured","uncultured bacterium"
"ASV1201","Bin28",0.000312541858284592,"Bacteria","Bacteroidota","Bacteroidia","Chitinophagales","Saprospiraceae","uncultured","uncultured bacterium"
"ASV1202","Bin46",0.000312541858284592,"Bacteria","Acidobacteriota","Vicinamibacteria","Vicinamibacterales",NA,"uncultured","uncultured bacterium"
"ASV1203","Bin90",0.000312541858284592,"Bacteria","Proteobacteria","Alphaproteobacteria","Rhizobiales","Beijerinckiaceae","Bosea","uncultured bacterium"
"ASV1204","Bin28",0.000312541858284592,"Bacteria","Bacteroidota","Bacteroidia","Chitinophagales","Saprospiraceae","uncultured","uncultured bacterium"
"ASV1205","Bin107",0.000312541858284592,"Bacteria","Actinobacteriota","Actinobacteria","Frankiales",NA,"uncultured","uncultured bacterium"
"ASV1206","Bin69",0.000306151452697957,"Bacteria","Proteobacteria","Gammaproteobacteria","Burkholderiales","Comamonadaceae","Leptothrix","uncultured bacterium"
"ASV1207","Bin56",0.000296233601354211,"Bacteria","Firmicutes","Bacilli","Bacillales","Bacillaceae","Fictibacillus","uncultured bacterium"
"ASV1208","Bin11",0.000296233601354211,"Bacteria","Chloroflexi","KD4-96",NA,NA,"uncultured","uncultured bacterium"
"ASV1209","Bin49",0.000296233601354211,"Archaea","Crenarchaeota","Nitrososphaeria","Nitrososphaerales","Nitrososphaeraceae","uncultured","uncultured bacterium"
"ASV1210","Bin59",0.000296233601354211,"Bacteria","Proteobacteria","Gammaproteobacteria",NA,NA,"uncultured","uncultured bacterium"
"ASV1211","Bin81",0.000296233601354211,"Bacteria","Proteobacteria","Alphaproteobacteria","Rhodobacterales","Rhodobacteraceae","Defluviimonas","aquaemixtae"
"ASV1212","Bin59",0.000296233601354211,"Bacteria","Proteobacteria","Gammaproteobacteria","Gammaproteobacteria Incertae Sedis","Unknown Family","Acidibacter","uncultured bacterium"
"ASV1213","Bin28",0.000296233601354211,"Bacteria","Bacteroidota","Bacteroidia","Chitinophagales","Saprospiraceae","uncultured","uncultured bacterium"
"ASV1214","Bin54",0.000305343511450382,"Bacteria","Spirochaetota","Spirochaetia","Spirochaetales","Spirochaetaceae","Treponema","uncultured bacterium"
"ASV1215","Bin60",0.000305343511450382,"Bacteria","Proteobacteria","Gammaproteobacteria","CCD24",NA,"uncultured","uncultured bacterium"
"ASV1216","Bin15",0.000305343511450382,"Bacteria","Bacteroidota","Ignavibacteria","Ignavibacteriales",NA,"uncultured","uncultured bacterium"
"ASV1217","Bin53",0.000305343511450382,"Bacteria","Spirochaetota","Spirochaetia","Spirochaetales","Spirochaetaceae","uncultured","uncultured bacterium"
"ASV1218","Bin90",0.000305343511450382,"Bacteria","Proteobacteria","Alphaproteobacteria","Rhizobiales","Xanthobacteraceae","uncultured","uncultured bacterium"
"ASV1227","Bin17",0.000301379649060142,"Bacteria","Bacteroidota","Bacteroidia","Cytophagales","Microscillaceae","uncultured","uncultured bacterium"
"ASV1228","Bin16",0.000301379649060142,"Bacteria","Bacteroidota","Bacteroidia","Cytophagales","Microscillaceae","Chryseolinea","uncultured bacterium"
"ASV1229","Bin79",0.000301379649060142,"Bacteria","Proteobacteria","Alphaproteobacteria","Tistrellales","Geminicoccaceae","Candidatus Alysiosphaera","uncultured bacterium"
"ASV1230","Bin99",0.000301379649060142,"Bacteria","Myxococcota","Polyangia","Polyangiales","BIrii41","uncultured","uncultured bacterium"
"ASV1231","Bin86",0.000301379649060142,"Bacteria","Proteobacteria","Alphaproteobacteria","Rhizobiales","Rhizobiaceae","Pseudaminobacter","uncultured bacterium"
"ASV1232","Bin36",0.000301379649060142,"Bacteria","Planctomycetota","Planctomycetes","Pirellulales","Pirellulaceae","Pir4 lineage","uncultured bacterium"
"ASV1233","Bin106",0.000301379649060142,"Bacteria","Actinobacteriota","Acidimicrobiia","Microtrichales",NA,"uncultured","uncultured bacterium"
"ASV1234","Bin38",0.000301379649060142,"Bacteria","Planctomycetota","Planctomycetes","Pirellulales","Pirellulaceae","Pirellula","uncultured bacterium"
"ASV1235","Bin96",0.000296299122418413,"Bacteria","Proteobacteria","Alphaproteobacteria","Rickettsiales","SM2D12","uncultured","uncultured bacterium"
"ASV1236","Bin46",0.000292643082847438,"Bacteria","Acidobacteriota","Vicinamibacteria","Vicinamibacterales",NA,"uncultured","uncultured bacterium"
"ASV1237","Bin22",0.000285653829877275,"Bacteria","Bacteroidota","Bacteroidia","Sphingobacteriales","KD1-131","uncultured","uncultured bacterium"
"ASV1238","Bin34",0.000285653829877275,"Bacteria","Planctomycetota","Planctomycetes","Pirellulales","Pirellulaceae","uncultured","uncultured bacterium"
"ASV1239","Bin49",0.000285653829877275,"Archaea","Nanoarchaeota","Nanoarchaeia","Woesearchaeales",NA,"uncultured","uncultured bacterium"
"ASV1240","Bin88",0.000285653829877275,"Bacteria","Proteobacteria","Alphaproteobacteria","Rhizobiales","Rhodomicrobiaceae","Rhodomicrobium","uncultured bacterium"
"ASV1241","Bin95",0.000285653829877275,"Bacteria","Proteobacteria","Alphaproteobacteria","Micavibrionales","Micavibrionaceae","uncultured","uncultured bacterium"
"ASV1242","Bin87",0.000285653829877275,"Bacteria","Proteobacteria","Alphaproteobacteria","Rhizobiales","Devosiaceae","Devosia","uncultured bacterium"
"ASV1243","Bin60",0.000285653829877275,"Bacteria","Proteobacteria","Gammaproteobacteria","Steroidobacterales","Steroidobacteraceae","Steroidobacter","uncultured bacterium"
"ASV1244","Bin63",0.000285653829877275,"Bacteria","Proteobacteria","Gammaproteobacteria","Burkholderiales","B1-7BS","uncultured","uncultured bacterium"
"ASV1245","Bin55",0.000285653829877275,"Bacteria","Firmicutes","Bacilli","Brevibacillales","Brevibacillaceae","Brevibacillus","uncultured bacterium"
"ASV1246","Bin100",0.000285653829877275,"Bacteria","Myxococcota","Polyangia","Haliangiales","Haliangiaceae","Haliangium","uncultured bacterium"
"ASV1247","Bin27",0.000285653829877275,"Bacteria","Bacteroidota","Bacteroidia","Chitinophagales","Chitinophagaceae","Sediminibacterium","salmoneum"
"ASV1248","Bin44",0.000285653829877275,"Bacteria","Verrucomicrobiota","Omnitrophia","Omnitrophales","Omnitrophaceae","Candidatus Omnitrophus","uncultured bacterium"
"ASV1249","Bin71",0.000285653829877275,"Bacteria","Proteobacteria","Gammaproteobacteria","Burkholderiales","Comamonadaceae","Hydrogenophaga","uncultured bacterium"
"ASV1250","Bin101",0.000285653829877275,"Bacteria","SAR324 clade(Marine group B)",NA,NA,NA,"uncultured","uncultured bacterium"
"ASV1251","Bin15",0.000285653829877275,"Bacteria","Bacteroidota","Ignavibacteria","Ignavibacteriales","Melioribacteraceae","IheB3-7","uncultured bacterium"
"ASV1252","Bin33",0.000289883430993354,"Bacteria","Planctomycetota","Planctomycetes","Pirellulales","Pirellulaceae","Pir2 lineage","uncultured bacterium"
"ASV1253","Bin71",0.000290859492789372,"Bacteria","Proteobacteria","Gammaproteobacteria","Burkholderiales","Comamonadaceae","Curvibacter","uncultured bacterium"
"ASV1254","Bin80",5.28988573846805e-05,"Bacteria","Proteobacteria","Alphaproteobacteria","Caulobacterales","Hyphomonadaceae","Hirschia","uncultured bacterium"
"ASV1255","Bin83",0.000294438386041439,"Bacteria","Proteobacteria","Alphaproteobacteria","Sphingomonadales","Sphingomonadaceae","Sphingomonas","uncultured bacterium"
"ASV1256","Bin74",0.000294438386041439,"Bacteria","Desulfobacterota","Desulfovibrionia","Desulfovibrionales","Desulfomicrobiaceae","Desulfomicrobium","uncultured bacterium"
"ASV1257","Bin64",0.000294438386041439,"Bacteria","Proteobacteria","Gammaproteobacteria","Burkholderiales","Rhodocyclaceae","uncultured","uncultured bacterium"
"ASV1258","Bin9",0.000294438386041439,"Bacteria","Chloroflexi","Anaerolineae","Anaerolineales","Anaerolineaceae","Anaerolinea","uncultured bacterium"
"ASV1259","Bin71",0.000294438386041439,"Bacteria","Proteobacteria","Gammaproteobacteria","Burkholderiales","Comamonadaceae","uncultured","uncultured bacterium"
"ASV1260","Bin43",0.000294438386041439,"Bacteria","Nitrospirota","Thermodesulfovibrionia",NA,NA,"uncultured","uncultured bacterium"
"ASV1261","Bin9",0.000294438386041439,"Bacteria","Chloroflexi","Anaerolineae","Anaerolineales","Anaerolineaceae","Longilinea","uncultured bacterium"
"ASV1262","Bin35",0.000294438386041439,"Bacteria","Planctomycetota","Planctomycetes","Pirellulales","Pirellulaceae","Blastopirellula","uncultured bacterium"
"ASV1263","Bin27",0.000294438386041439,"Bacteria","Bacteroidota","Bacteroidia","Chitinophagales",NA,"uncultured","uncultured bacterium"
"ASV1264","Bin79",0.000273944805194805,"Bacteria","Proteobacteria","Alphaproteobacteria","Tistrellales","Geminicoccaceae","Candidatus Alysiosphaera","uncultured bacterium"
"ASV1265","Bin17",0.000273944805194805,"Bacteria","Bacteroidota","Bacteroidia","Cytophagales","Microscillaceae","uncultured","uncultured bacterium"
"ASV1266","Bin20",0.000273944805194805,"Bacteria","Bacteroidota","Bacteroidia","Flavobacteriales","Flavobacteriaceae","Flavobacterium","uncultured bacterium"
"ASV1275","Bin72",0.000290217439835692,"Bacteria","Proteobacteria","Gammaproteobacteria","Xanthomonadales","Rhodanobacteraceae","Ahniella","uncultured bacterium"
"ASV1276","Bin106",0.000290217439835692,"Bacteria","Actinobacteriota","Acidimicrobiia","IMCC26256",NA,"uncultured","uncultured bacterium"
"ASV1277","Bin62",0.000290217439835692,"Bacteria","Proteobacteria","Gammaproteobacteria","Burkholderiales","Nitrosomonadaceae","Ellin6067","uncultured bacterium"
"ASV1278","Bin17",0.000290217439835692,"Bacteria","Bacteroidota","Bacteroidia","Cytophagales","Microscillaceae","OLB12","uncultured bacterium"
"ASV1279","Bin104",0.000290217439835692,"Bacteria","Actinobacteriota","Thermoleophilia","Solirubrobacterales","67-14","uncultured","uncultured bacterium"
"ASV1280","Bin28",0.000290217439835692,"Bacteria","Bacteroidota","Bacteroidia","Chitinophagales","Saprospiraceae","uncultured","uncultured bacterium"
"ASV1281","Bin45",0.000167433138366746,"Bacteria","Acidobacteriota","Vicinamibacteria","Vicinamibacterales","Vicinamibacteraceae","uncultured","uncultured bacterium"
"ASV1282","Bin78",0.000282063311370502,"Bacteria","Proteobacteria","Alphaproteobacteria","Defluviicoccales","Defluviicoccaceae","Defluviicoccus","uncultured bacterium"
"ASV1283","Bin54",0.000272943649253814,"Bacteria","Spirochaetota","Spirochaetia","Spirochaetales","Spirochaetaceae","Spirochaeta 2","uncultured bacterium"
"ASV1284","Bin101",0.000275074058400339,"Bacteria","Desulfobacterota","Desulfobulbia","Desulfobulbales","Desulfocapsaceae","[Desulfobacterium] catecholicum group","uncultured bacterium"
"ASV1285","Bin1",0.000275074058400339,"Bacteria","Chloroflexi","Anaerolineae","SBR1031","A4b","uncultured","uncultured bacterium"
"ASV1286","Bin8",0.000275074058400339,"Bacteria","Chloroflexi","Anaerolineae","RBG-13-54-9",NA,"uncultured","uncultured bacterium"
"ASV1287","Bin80",0.000275074058400339,"Bacteria","Proteobacteria","Alphaproteobacteria","Caulobacterales","Hyphomonadaceae","SWB02","uncultured bacterium"
"ASV1288","Bin66",0.000275074058400339,"Bacteria","Proteobacteria","Gammaproteobacteria","Burkholderiales","Methylophilaceae","MM1","uncultured bacterium"
"ASV1289","Bin63",0.000275074058400339,"Bacteria","Proteobacteria","Gammaproteobacteria","Burkholderiales","Nitrosomonadaceae","MND1","uncultured bacterium"
"ASV1290","Bin23",0.000275074058400339,"Bacteria","Bacteroidota","Bacteroidia","Sphingobacteriales","AKYH767","uncultured","uncultured bacterium"
"ASV1291","Bin31",0.000275074058400339,"Bacteria","Planctomycetota","Planctomycetes","Planctomycetales","Schlesneriaceae","Planctopirus","uncultured bacterium"
"ASV1292","Bin15",0.000275074058400339,"Bacteria","Bacteroidota","Ignavibacteria","Ignavibacteriales","Melioribacteraceae","uncultured","uncultured bacterium"
"ASV1293","Bin36",0.000148116800677105,"Bacteria","Planctomycetota","Planctomycetes","Pirellulales","Pirellulaceae","Pir4 lineage","uncultured bacterium"
"ASV1294","Bin40",0.000283533260632497,"Bacteria","Planctomycetota","OM190",NA,NA,"uncultured","uncultured bacterium"
"ASV1295","Bin12",0.000283533260632497,"Bacteria","Firmicutes","Negativicutes","Veillonellales-Selenomonadales","Sporomusaceae","Anaeromusa-Anaeroarcus","uncultured bacterium"
"ASV1296","Bin15",0.000283533260632497,"Bacteria","Bacteroidota","Kryptonia","Kryptoniales","BSV26","uncultured","uncultured bacterium"
"ASV1297","Bin53",0.000283533260632497,"Bacteria","Spirochaetota","Spirochaetia","Spirochaetales","Spirochaetaceae","uncultured","uncultured bacterium"
"ASV1298","Bin99",0.000283533260632497,"Bacteria","Myxococcota","Polyangia","Polyangiales","BIrii41","uncultured","uncultured bacterium"
"ASV1299","Bin34",0.000283533260632497,"Bacteria","Planctomycetota","Planctomycetes","Pirellulales","Pirellulaceae","uncultured","uncultured bacterium"
"ASV1300","Bin49",0.000283533260632497,"Archaea","Euryarchaeota","Methanobacteria","Methanobacteriales","Methanobacteriaceae","uncultured","uncultured bacterium"
"ASV1301","Bin103",0.000283533260632497,"Bacteria","Verrucomicrobiota","Verrucomicrobiae","Pedosphaerales","Pedosphaeraceae","uncultured","uncultured bacterium"
"ASV1302","Bin49",0.000283533260632497,"Archaea","Euryarchaeota","Methanobacteria","Methanobacteriales","Methanobacteriaceae","Methanobacterium","uncultured bacterium"
"ASV1303","Bin61",0.000283533260632497,"Bacteria","Proteobacteria","Gammaproteobacteria","Methylococcales","Methylomonadaceae","Methylovulum","uncultured bacterium"
"ASV1304","Bin106",0.000272906959452761,"Bacteria","Actinobacteriota","Acidimicrobiia","IMCC26256",NA,"uncultured","uncultured bacterium"
"ASV1305","Bin88",0.000263798701298701,"Bacteria","Proteobacteria","Alphaproteobacteria","Rhizobiales","Rhodomicrobiaceae","Rhodomicrobium","uncultured bacterium"
"ASV1306","Bin15",0.000263798701298701,"Bacteria","Bacteroidota","Ignavibacteria","Ignavibacteriales","Melioribacteraceae","IheB3-7","uncultured bacterium"
"ASV1307","Bin76",0.000263798701298701,"Bacteria","Proteobacteria","Alphaproteobacteria","Rhodospirillales",NA,"uncultured","uncultured bacterium"
"ASV1308","Bin7",0.000263798701298701,"Bacteria","Chloroflexi","Anaerolineae","Caldilineales","Caldilineaceae","uncultured","uncultured bacterium"
"ASV1309","Bin64",0.000263798701298701,"Bacteria","Proteobacteria","Gammaproteobacteria","Burkholderiales","Rhodocyclaceae","Sulfuritalea","uncultured bacterium"
"ASV1310","Bin76",0.000263798701298701,"Bacteria","Proteobacteria","Alphaproteobacteria","Rhodospirillales",NA,"uncultured","uncultured bacterium"
"ASV1320","Bin23",0.000279055230611243,"Bacteria","Bacteroidota","Bacteroidia","Sphingobacteriales","env.OPS 17","uncultured","uncultured bacterium"
"ASV1321","Bin16",0.000279055230611243,"Bacteria","Bacteroidota","Bacteroidia","Cytophagales","Microscillaceae","Ohtaekwangia","uncultured bacterium"
"ASV1322","Bin49",0.000279055230611243,"Archaea","Crenarchaeota","Nitrososphaeria","Nitrososphaerales","Nitrososphaeraceae","uncultured","uncultured bacterium"
"ASV1323","Bin27",0.000279055230611243,"Bacteria","Bacteroidota","Bacteroidia","Chitinophagales","Chitinophagaceae","Edaphobaculum","uncultured bacterium"
"ASV1324","Bin25",0.000279055230611243,"Bacteria","Bacteroidota","Bacteroidia","Chitinophagales","Chitinophagaceae","Terrimonas","uncultured bacterium"
"ASV1325","Bin11",0.000279055230611243,"Bacteria","Chloroflexi","KD4-96",NA,NA,"uncultured","uncultured bacterium"
"ASV1326","Bin99",0.000279055230611243,"Bacteria","Myxococcota","Polyangia","Polyangiales","Sandaracinaceae","uncultured","uncultured bacterium"
"ASV1327","Bin79",0.000279055230611243,"Bacteria","Proteobacteria","Alphaproteobacteria","Ferrovibrionales","Ferrovibrionaceae","Ferrovibrio","uncultured bacterium"
"ASV1328","Bin71",0.000279055230611243,"Bacteria","Proteobacteria","Gammaproteobacteria","Burkholderiales","Comamonadaceae","Ramlibacter","uncultured bacterium"
"ASV1329","Bin39",0.000279055230611243,"Bacteria","Planctomycetota","Planctomycetes","Gemmatales","Gemmataceae","Gemmata","uncultured bacterium"
"ASV1330","Bin40",0.000279055230611243,"Bacteria","Planctomycetota","OM190",NA,NA,"uncultured","uncultured bacterium"
"ASV1331","Bin33",0.000279055230611243,"Bacteria","Planctomycetota","Planctomycetes",NA,NA,"uncultured","uncultured bacterium"
"ASV1332","Bin70",0.000279055230611243,"Bacteria","Proteobacteria","Gammaproteobacteria","Burkholderiales","Comamonadaceae","Ideonella","uncultured bacterium"
"ASV1333","Bin100",0.000279055230611243,"Bacteria","Myxococcota","Polyangia","Haliangiales","Haliangiaceae","Haliangium","uncultured bacterium"
"ASV1334","Bin79",0.000178595347591195,"Bacteria","Proteobacteria","Alphaproteobacteria","Tistrellales","Geminicoccaceae","Candidatus Alysiosphaera","uncultured bacterium"
"ASV1335","Bin62",0.000186845368078077,"Bacteria","Proteobacteria","Gammaproteobacteria","Burkholderiales","Rhodocyclaceae","Azospira","uncultured bacterium"
"ASV1336","Bin4",0.00027519897337863,"Bacteria","Chloroflexi","Anaerolineae","SBR1031","A4b","uncultured","uncultured bacterium"
"ASV1337","Bin73",0.000264494286923402,"Bacteria","Proteobacteria","Gammaproteobacteria","Gammaproteobacteria Incertae Sedis","Unknown Family","Candidatus Ovatusbacter","uncultured bacterium"
"ASV1338","Bin93",0.000264494286923402,"Bacteria","Proteobacteria","Alphaproteobacteria","Rhizobiales","Rhizobiales Incertae Sedis","Nordella","uncultured bacterium"
"ASV1339","Bin101",0.000264494286923402,"Bacteria","Desulfobacterota","Desulfobulbia","Desulfobulbales","Desulfocapsaceae","uncultured","uncultured bacterium"
"ASV1340","Bin91",0.000264494286923402,"Bacteria","Proteobacteria","Alphaproteobacteria","Rhizobiales","Beijerinckiaceae","Methylocystis","uncultured bacterium"
"ASV1341","Bin44",0.000264494286923402,"Bacteria","Zixibacteria",NA,NA,NA,"uncultured","uncultured bacterium"
"ASV1342","Bin101",0.000264494286923402,"Bacteria",NA,NA,NA,NA,"uncultured","uncultured bacterium"
"ASV1343","Bin6",0.000264494286923402,"Bacteria","Chloroflexi","Anaerolineae","Ardenticatenales",NA,"uncultured","uncultured bacterium"
"ASV1344","Bin35",0.000264494286923402,"Bacteria","Planctomycetota","Planctomycetes","Pirellulales","Pirellulaceae","Pirellula","uncultured bacterium"
"ASV1345","Bin15",0.000264494286923402,"Bacteria","Bacteroidota","Ignavibacteria","Ignavibacteriales",NA,"uncultured","uncultured bacterium"
"ASV1346","Bin77",0.000158696572154041,"Bacteria","Proteobacteria","Alphaproteobacteria","Dongiales","Dongiaceae","Dongia","uncultured bacterium"
"ASV1347","Bin8",0.000259290275953416,"Bacteria","Chloroflexi","Anaerolineae","Anaerolineales","Anaerolineaceae","uncultured","uncultured bacterium"
"ASV1348","Bin52",0.000116377486246297,"Bacteria","Patescibacteria","Saccharimonadia","Saccharimonadales",NA,"uncultured","uncultured bacterium"
"ASV1349","Bin53",0.000272628135223555,"Bacteria","Spirochaetota","Spirochaetia","Spirochaetales","Spirochaetaceae","uncultured","uncultured bacterium"
"ASV1350","Bin85",0.000272628135223555,"Bacteria","Proteobacteria","Alphaproteobacteria","Sphingomonadales","Sphingomonadaceae","Novosphingobium","uncultured bacterium"
"ASV1351","Bin77",0.000272628135223555,"Bacteria","Proteobacteria","Alphaproteobacteria","Dongiales","Dongiaceae","Dongia","uncultured bacterium"
"ASV1352","Bin105",0.000272628135223555,"Bacteria","Actinobacteriota","Thermoleophilia","Gaiellales","Gaiellaceae","Gaiella","uncultured bacterium"
"ASV1353","Bin27",0.000272628135223555,"Bacteria","Bacteroidota","Bacteroidia","Chitinophagales","Chitinophagaceae","Taibaiella","uncultured bacterium"
"ASV1354","Bin89",0.000272628135223555,"Bacteria","Proteobacteria","Alphaproteobacteria","Rhizobiales","Pleomorphomonadaceae","uncultured","uncultured bacterium"
"ASV1355","Bin7",0.000272628135223555,"Bacteria","Chloroflexi","Chloroflexia","Thermomicrobiales","JG30-KF-CM45","uncultured","uncultured bacterium"
"ASV1356","Bin2",0.000130861504907306,"Bacteria","Chloroflexi","Anaerolineae","SBR1031","A4b","uncultured","uncultured bacterium"
"ASV1357","Bin41",0.000253652597402597,"Bacteria","Planctomycetota","Phycisphaerae","Tepidisphaerales","WD2101 soil group","uncultured","uncultured bacterium"
"ASV1358","Bin3",0.000253652597402597,"Bacteria","Chloroflexi","Anaerolineae","SBR1031","A4b","uncultured","uncultured bacterium"
"ASV1359","Bin63",0.000253652597402597,"Bacteria","Proteobacteria","Gammaproteobacteria","Burkholderiales","B1-7BS","uncultured","uncultured bacterium"
"ASV1374","Bin82",0.000267893021386793,"Bacteria","Proteobacteria","Alphaproteobacteria","Rhizobiales","Rhizobiaceae","Allorhizobium-Neorhizobium-Pararhizobium-Rhizobium","uncultured bacterium"
"ASV1375","Bin107",0.000267893021386793,"Bacteria","Actinobacteriota","Actinobacteria","Corynebacteriales","Nocardiaceae","uncultured","uncultured bacterium"
"ASV1376","Bin45",0.000267893021386793,"Bacteria","Acidobacteriota","Vicinamibacteria","Vicinamibacterales","Vicinamibacteraceae","uncultured","uncultured bacterium"
"ASV1377","Bin52",0.000267893021386793,"Bacteria","Patescibacteria","Saccharimonadia","Saccharimonadales",NA,"uncultured","uncultured bacterium"
"ASV1378","Bin107",0.000267893021386793,"Bacteria","Actinobacteriota","Actinobacteria","Propionibacteriales","Nocardioidaceae","Marmoricola","uncultured bacterium"
"ASV1379","Bin34",0.000267893021386793,"Bacteria","Planctomycetota","Planctomycetes","Pirellulales","Pirellulaceae","uncultured","uncultured bacterium"
"ASV1380","Bin39",0.000258748073431681,"Bacteria","Planctomycetota","Planctomycetes","Gemmatales","Gemmataceae","uncultured","uncultured bacterium"
"ASV1381","Bin40",0.000253914515446466,"Bacteria","Planctomycetota","Planctomycetes","Gemmatales","Gemmataceae","uncultured","uncultured bacterium"
"ASV1382","Bin16",0.000253914515446466,"Bacteria","Bacteroidota","Bacteroidia","Cytophagales","Microscillaceae","Ohtaekwangia","uncultured bacterium"
"ASV1383","Bin79",0.000253914515446466,"Bacteria","Proteobacteria","Alphaproteobacteria","Tistrellales","Geminicoccaceae","Candidatus Alysiosphaera","uncultured bacterium"
"ASV1384","Bin75",0.000253914515446466,"Bacteria","SAR324 clade(Marine group B)",NA,NA,NA,"uncultured","uncultured bacterium"
"ASV1385","Bin49",0.000253914515446466,"Archaea","Euryarchaeota","Methanobacteria","Methanobacteriales","Methanobacteriaceae","Methanobacterium","uncultured bacterium"
"ASV1386","Bin3",0.000253914515446466,"Bacteria","Chloroflexi","Anaerolineae","SBR1031","A4b","uncultured","uncultured bacterium"
"ASV1387","Bin78",0.000253914515446466,"Bacteria","Proteobacteria","Alphaproteobacteria","Defluviicoccales","Defluviicoccaceae","Defluviicoccus","uncultured bacterium"
"ASV1388","Bin83",0.000253914515446466,"Bacteria","Proteobacteria","Alphaproteobacteria","Sphingomonadales","Sphingomonadaceae","Sphingomonas","daechungensis"
"ASV1389","Bin27",0.000253914515446466,"Bacteria","Bacteroidota","Bacteroidia","Chitinophagales","Chitinophagaceae","Parafilimonas","uncultured bacterium"
"ASV1390","Bin77",0.000253914515446466,"Bacteria","Proteobacteria","Alphaproteobacteria","Dongiales","Dongiaceae","Dongia","uncultured bacterium"
"ASV1391","Bin40",0.000137537029200169,"Bacteria","Planctomycetota","OM190",NA,NA,"uncultured","uncultured bacterium"
"ASV1392","Bin62",0.000173351101395431,"Bacteria","Proteobacteria","Gammaproteobacteria","Burkholderiales","Rhodocyclaceae","Azospira","uncultured bacterium"
"ASV1393","Bin41",0.000261723009814613,"Bacteria","Planctomycetota","Phycisphaerae","Tepidisphaerales","Tepidisphaeraceae","uncultured","uncultured bacterium"
"ASV1394","Bin70",0.000261723009814613,"Bacteria","Proteobacteria","Gammaproteobacteria","Burkholderiales","Comamonadaceae","Ideonella","uncultured bacterium"
"ASV1395","Bin13",0.000261723009814613,"Bacteria","Desulfobacterota","Syntrophorhabdia","Syntrophorhabdales","Syntrophorhabdaceae","Syntrophorhabdus","uncultured bacterium"
"ASV1396","Bin54",0.000261723009814613,"Bacteria","Spirochaetota","Spirochaetia","Spirochaetales","Spirochaetaceae","Spirochaeta","uncultured bacterium"
"ASV1397","Bin67",0.000261723009814613,"Bacteria","Proteobacteria","Gammaproteobacteria","Burkholderiales","Oxalobacteraceae","uncultured","uncultured bacterium"
"ASV1398","Bin88",0.000261723009814613,"Bacteria","Proteobacteria","Alphaproteobacteria","Rhizobiales",NA,"uncultured","uncultured bacterium"
"ASV1399","Bin27",0.000261723009814613,"Bacteria","Bacteroidota","Bacteroidia","Chitinophagales","Chitinophagaceae","Edaphobaculum","uncultured bacterium"
"ASV1400","Bin57",0.000261723009814613,"Bacteria","Firmicutes","Clostridia","Gracilibacteraceae",NA,"uncultured","uncultured bacterium"
"ASV1401","Bin99",0.000255650837711906,"Bacteria","Myxococcota","Myxococcia","Myxococcales","Anaeromyxobacteraceae","Anaeromyxobacter","uncultured bacterium"
"ASV1402","Bin13",0.000243506493506494,"Bacteria","Fibrobacterota","Chitinivibrionia",NA,NA,"uncultured","uncultured bacterium"
"ASV1403","Bin31",0.000243506493506494,"Bacteria","Planctomycetota","Planctomycetes","Planctomycetales",NA,"uncultured","uncultured bacterium"
"ASV1404","Bin88",0.000243506493506494,"Bacteria","Proteobacteria","Alphaproteobacteria","Rhizobiales","Rhodomicrobiaceae","Rhodomicrobium","uncultured bacterium"
"ASV1421","Bin95",0.000256730812162343,"Bacteria","Proteobacteria","Alphaproteobacteria","Micavibrionales",NA,"uncultured","uncultured bacterium"
"ASV1422","Bin108",0.000256730812162343,"Bacteria","Actinobacteriota","Actinobacteria","Micrococcales","Intrasporangiaceae","Pedococcus-Phycicoccus","uncultured bacterium"
"ASV1423","Bin76",0.000256730812162343,"Bacteria","Proteobacteria","Alphaproteobacteria","Acetobacterales","Acetobacteraceae","Acidisphaera","uncultured bacterium"
"ASV1424","Bin27",0.000256730812162343,"Bacteria","Bacteroidota","Bacteroidia","Chitinophagales","Chitinophagaceae","Filimonas","uncultured bacterium"
"ASV1425","Bin104",0.000256730812162343,"Bacteria","Actinobacteriota","Thermoleophilia","Solirubrobacterales","67-14","uncultured","uncultured bacterium"
"ASV1426","Bin56",0.000256730812162343,"Bacteria","Firmicutes","Clostridia","Peptostreptococcales-Tissierellales","Peptostreptococcaceae","Terrisporobacter","uncultured bacterium"
"ASV1427","Bin81",0.000246569758878885,"Bacteria","Proteobacteria","Alphaproteobacteria","Rhodobacterales","Rhodobacteraceae","Amaricoccus","uncultured bacterium"
"ASV1428","Bin105",0.00024974155919218,"Bacteria","Actinobacteriota","Thermoleophilia","Gaiellales","Gaiellaceae","Gaiella","uncultured bacterium"
"ASV1429","Bin32",0.000248576683697153,"Bacteria","Planctomycetota","Planctomycetes","Planctomycetales","Rubinisphaeraceae","SH-PL14","uncultured bacterium"
"ASV1430","Bin76",0.000253131638745238,"Bacteria","Proteobacteria","Alphaproteobacteria","Reyranellales","Reyranellaceae","Reyranella","aquatilis"
"ASV1431","Bin87",0.000242086840664101,"Bacteria","Proteobacteria","Alphaproteobacteria","Rhizobiales","Devosiaceae","Devosia","uncultured bacterium"
"ASV1432","Bin95",0.00024333474396953,"Bacteria","Proteobacteria","Alphaproteobacteria","Micavibrionales",NA,"uncultured","uncultured bacterium"
"ASV1433","Bin4",0.00024333474396953,"Bacteria","Chloroflexi","Anaerolineae","SBR1031","A4b","uncultured","uncultured bacterium"
"ASV1434","Bin25",0.00024333474396953,"Bacteria","Bacteroidota","Bacteroidia","Chitinophagales","Chitinophagaceae","Terrimonas","uncultured bacterium"
"ASV1435","Bin99",0.00024333474396953,"Bacteria","Myxococcota","Polyangia","Polyangiales","BIrii41","uncultured","uncultured bacterium"
"ASV1436","Bin4",0.000250817884405671,"Bacteria","Chloroflexi","Anaerolineae","SBR1031","A4b","uncultured","uncultured bacterium"
"ASV1437","Bin94",0.000250817884405671,"Bacteria","Proteobacteria","Alphaproteobacteria","Caulobacterales","Caulobacteraceae","Phenylobacterium","uncultured bacterium"
"ASV1438","Bin70",0.000250817884405671,"Bacteria","Proteobacteria","Gammaproteobacteria","Burkholderiales","Comamonadaceae","Ideonella","uncultured bacterium"
"ASV1439","Bin52",0.000250817884405671,"Bacteria","Patescibacteria","Saccharimonadia","Saccharimonadales",NA,"uncultured","uncultured bacterium"
"ASV1440","Bin94",0.000250817884405671,"Bacteria","Proteobacteria","Alphaproteobacteria","Caulobacterales","Caulobacteraceae","Brevundimonas","uncultured bacterium"
"ASV1441","Bin62",0.000250817884405671,"Bacteria","Proteobacteria","Gammaproteobacteria","Burkholderiales","Hydrogenophilaceae","uncultured","uncultured bacterium"
"ASV1442","Bin80",0.000250817884405671,"Bacteria","Proteobacteria","Alphaproteobacteria","Caulobacterales","Hyphomonadaceae","SWB02","uncultured bacterium"
"ASV1443","Bin54",0.000250817884405671,"Bacteria","Spirochaetota","Spirochaetia","Spirochaetales","Spirochaetaceae","M2PT2-76 termite group","uncultured bacterium"
"ASV1444","Bin58",0.000250817884405671,"Bacteria","Firmicutes","Clostridia","Oscillospirales","Oscillospiraceae","uncultured","uncultured bacterium"
"ASV1445","Bin103",0.000250817884405671,"Bacteria","Verrucomicrobiota","Verrucomicrobiae","Pedosphaerales","Pedosphaeraceae","uncultured","uncultured bacterium"
"ASV1446","Bin95",0.000250817884405671,"Bacteria","Proteobacteria","Alphaproteobacteria","Rhodospirillales",NA,"uncultured","uncultured bacterium"
"ASV1447","Bin92",0.000250817884405671,"Bacteria","Proteobacteria","Alphaproteobacteria","Rhizobiales","Hyphomicrobiaceae","Hyphomicrobium","uncultured bacterium"
"ASV1448","Bin92",0.000250817884405671,"Bacteria","Proteobacteria","Alphaproteobacteria","Rhizobiales","Hyphomicrobiaceae","Hyphomicrobium","uncultured bacterium"
"ASV1449","Bin4",0.000250817884405671,"Bacteria","Chloroflexi","Anaerolineae","SBR1031","A4b","uncultured","uncultured bacterium"
"ASV1450","Bin35",0.000250817884405671,"Bacteria","Planctomycetota","Planctomycetes","Pirellulales","Pirellulaceae","Rhodopirellula","uncultured bacterium"
"ASV1451","Bin76",0.00023336038961039,"Bacteria","Proteobacteria","Alphaproteobacteria","Acetobacterales","Acetobacteraceae","Roseomonas","uncultured bacterium"
"ASV1452","Bin35",0.00023336038961039,"Bacteria","Planctomycetota","Planctomycetes","Pirellulales","Pirellulaceae","Blastopirellula","uncultured bacterium"
"ASV1453","Bin81",0.00023336038961039,"Bacteria","Proteobacteria","Alphaproteobacteria","Rhodobacterales","Rhodobacteraceae","uncultured","uncultured bacterium"
"ASV1454","Bin54",0.00023336038961039,"Bacteria","Spirochaetota","Leptospirae","Leptospirales","Leptospiraceae","Leptonema","uncultured bacterium"
"ASV1455","Bin95",0.00023336038961039,"Bacteria","Proteobacteria","Alphaproteobacteria",NA,NA,"uncultured","uncultured bacterium"
"ASV1456","Bin33",0.00023336038961039,"Bacteria","Planctomycetota","Planctomycetes","Pirellulales","Pirellulaceae","Pir2 lineage","uncultured bacterium"
"ASV1457","Bin62",0.00023336038961039,"Bacteria","Proteobacteria","Gammaproteobacteria","Burkholderiales","Rhodocyclaceae","Dechloromonas","uncultured bacterium"
"ASV1458","Bin16",0.00023336038961039,"Bacteria","Bacteroidota","Bacteroidia","Cytophagales","Microscillaceae","Ohtaekwangia","uncultured bacterium"
"ASV1470","Bin89",0.000245568602937893,"Bacteria","Proteobacteria","Alphaproteobacteria","Rhizobiales","Rhizobiales Incertae Sedis","Bauldia","uncultured bacterium"
"ASV1471","Bin73",0.000245568602937893,"Bacteria","Proteobacteria","Gammaproteobacteria","Gammaproteobacteria Incertae Sedis","Unknown Family","Candidatus Ovatusbacter","uncultured bacterium"
"ASV1472","Bin92",0.000245568602937893,"Bacteria","Proteobacteria","Alphaproteobacteria","Rhizobiales","Rhizobiales Incertae Sedis","uncultured","uncultured bacterium"
"ASV1473","Bin27",0.000245568602937893,"Bacteria","Bacteroidota","Bacteroidia","Chitinophagales","Chitinophagaceae","Parafilimonas","uncultured bacterium"
"ASV1474","Bin95",0.000245568602937893,"Bacteria","Proteobacteria","Alphaproteobacteria","Micavibrionales",NA,"uncultured","uncultured bacterium"
"ASV1475","Bin28",0.000245568602937893,"Bacteria","Bacteroidota","Bacteroidia","Chitinophagales","Saprospiraceae","uncultured","uncultured bacterium"
"ASV1476","Bin40",0.000245568602937893,"Bacteria","Planctomycetota","Planctomycetes","Gemmatales","Gemmataceae","uncultured","uncultured bacterium"
"ASV1477","Bin60",0.000245568602937893,"Bacteria","Proteobacteria","Gammaproteobacteria","JG36-GS-52",NA,"uncultured","uncultured bacterium"
"ASV1478","Bin17",0.000232754972492594,"Bacteria","Bacteroidota","Bacteroidia","Cytophagales","Microscillaceae","uncultured","uncultured bacterium"
"ASV1479","Bin26",0.000232754972492594,"Bacteria","Bacteroidota","Bacteroidia","Chitinophagales","Chitinophagaceae","Niastella","uncultured bacterium"
"ASV1480","Bin35",0.000232754972492594,"Bacteria","Planctomycetota","Planctomycetes","Pirellulales","Pirellulaceae","Blastopirellula","uncultured bacterium"
"ASV1481","Bin95",0.000232754972492594,"Bacteria","Proteobacteria","Alphaproteobacteria","Rhodospirillales",NA,"uncultured","uncultured bacterium"
"ASV1482","Bin1",0.000232754972492594,"Bacteria","Chloroflexi","Anaerolineae","SBR1031","A4b","uncultured","uncultured bacterium"
"ASV1483","Bin81",0.000232754972492594,"Bacteria","Proteobacteria","Alphaproteobacteria","Rhodobacterales","Rhodobacteraceae","Amaricoccus","uncultured bacterium"
"ASV1484","Bin60",0.000232754972492594,"Bacteria","Proteobacteria","Gammaproteobacteria","JG36-GS-52",NA,"uncultured","uncultured bacterium"
"ASV1485","Bin25",0.000232754972492594,"Bacteria","Bacteroidota","Bacteroidia","Chitinophagales","Chitinophagaceae","Terrimonas","uncultured bacterium"
"ASV1486","Bin34",0.000232754972492594,"Bacteria","Planctomycetota","Planctomycetes","Pirellulales","Pirellulaceae","uncultured","uncultured bacterium"
"ASV1487","Bin24",0.000137537029200169,"Bacteria","Bacteroidota","Bacteroidia","Chitinophagales","Chitinophagaceae","Terrimonas","uncultured bacterium"
"ASV1488","Bin107",0.000237635281472686,"Bacteria","Actinobacteriota","Actinobacteria","Micromonosporales","Micromonosporaceae","uncultured","uncultured bacterium"
"ASV1489","Bin10",0.000239912758996728,"Bacteria","Chloroflexi","Anaerolineae","Anaerolineales","Anaerolineaceae","UTCFX1","uncultured bacterium"
"ASV1490","Bin81",0.000239912758996728,"Bacteria","Proteobacteria","Alphaproteobacteria","Rhodobacterales","Rhodobacteraceae","Amaricoccus","uncultured bacterium"
"ASV1491","Bin22",0.000239912758996728,"Bacteria","Bacteroidota","Bacteroidia","Sphingobacteriales","KD3-93","uncultured","uncultured bacterium"
"ASV1492","Bin90",0.000239912758996728,"Bacteria","Proteobacteria","Alphaproteobacteria","Rhizobiales","Xanthobacteraceae","Pseudorhodoplanes","uncultured bacterium"
"ASV1493","Bin44",0.000239912758996728,"Bacteria","Zixibacteria",NA,NA,NA,"uncultured","uncultured bacterium"
"ASV1494","Bin90",0.000239912758996728,"Bacteria","Proteobacteria","Alphaproteobacteria","Rhizobiales","Xanthobacteraceae","Rhodoplanes","uncultured bacterium"
"ASV1495","Bin68",0.000239912758996728,"Bacteria","Proteobacteria","Gammaproteobacteria","Burkholderiales","Comamonadaceae","Piscinibacter","uncultured bacterium"
"ASV1496","Bin9",0.000239912758996728,"Bacteria","Chloroflexi","Anaerolineae","Anaerolineales","Anaerolineaceae","Anaerolineaceae UCG-001","uncultured bacterium"
"ASV1497","Bin59",0.000239912758996728,"Bacteria","Proteobacteria","Gammaproteobacteria","R7C24",NA,"uncultured","uncultured bacterium"
"ASV1498","Bin67",0.000233081565381184,"Bacteria","Proteobacteria","Gammaproteobacteria","Burkholderiales","Burkholderiaceae","Lautropia","uncultured bacterium"
"ASV1499","Bin101",0.00023004547932983,"Bacteria","Desulfobacterota",NA,NA,NA,"uncultured","uncultured bacterium"
"ASV1500","Bin12",0.000223214285714286,"Bacteria","Firmicutes","Negativicutes","Veillonellales-Selenomonadales","Sporomusaceae","uncultured","uncultured bacterium"
"ASV1501","Bin99",0.000223214285714286,"Bacteria","Myxococcota","Polyangia","Polyangiales","BIrii41","uncultured","uncultured bacterium"
"ASV1502","Bin10",0.000223214285714286,"Bacteria","Chloroflexi","Anaerolineae","Anaerolineales","Anaerolineaceae","uncultured","uncultured bacterium"
"ASV1503","Bin54",0.000223214285714286,"Bacteria","Spirochaetota","Spirochaetia","Spirochaetales","Spirochaetaceae","Treponema","uncultured bacterium"
"ASV1504","Bin90",0.000223214285714286,"Bacteria","Proteobacteria","Alphaproteobacteria","Rhizobiales","Xanthobacteraceae","uncultured","uncultured bacterium"
"ASV1505","Bin13",0.000223214285714286,"Bacteria","Fibrobacterota","Fibrobacteria","Fibrobacterales","Fibrobacteraceae","uncultured","uncultured bacterium"
"ASV1523","Bin105",0.000234406393713444,"Bacteria","Actinobacteriota","Thermoleophilia","Gaiellales","Gaiellaceae","Gaiella","uncultured bacterium"
"ASV1524","Bin27",0.000234406393713444,"Bacteria","Bacteroidota","Bacteroidia","Chitinophagales","Chitinophagaceae","Parafilimonas","uncultured bacterium"
"ASV1525","Bin79",0.000234406393713444,"Bacteria","Proteobacteria","Alphaproteobacteria","Ferrovibrionales","Ferrovibrionaceae","Ferrovibrio","uncultured bacterium"
"ASV1526","Bin104",0.000234406393713444,"Bacteria","Actinobacteriota","Thermoleophilia","Solirubrobacterales","Solirubrobacteraceae","Conexibacter","uncultured bacterium"
"ASV1527","Bin32",0.000234406393713444,"Bacteria","Planctomycetota","Planctomycetes","Planctomycetales","Rubinisphaeraceae","SH-PL14","uncultured bacterium"
"ASV1528","Bin14",0.000234406393713444,"Bacteria","Bacteroidota","Kapabacteria","Kapabacteriales",NA,"uncultured","uncultured bacterium"
"ASV1529","Bin16",0.000234406393713444,"Bacteria","Bacteroidota","Bacteroidia","Cytophagales","Microscillaceae","Ohtaekwangia","uncultured bacterium"
"ASV1530","Bin68",0.000234406393713444,"Bacteria","Proteobacteria","Gammaproteobacteria","Burkholderiales","Comamonadaceae","[Polyangium] brachysporum group","uncultured bacterium"
"ASV1531","Bin8",0.000234406393713444,"Bacteria","Chloroflexi","Anaerolineae","RBG-13-54-9",NA,"uncultured","uncultured bacterium"
"ASV1532","Bin27",0.000234406393713444,"Bacteria","Bacteroidota","Bacteroidia","Chitinophagales","Chitinophagaceae","Parafilimonas","uncultured bacterium"
"ASV1533","Bin5",0.000234406393713444,"Bacteria","Chloroflexi","Anaerolineae","SBR1031",NA,"uncultured","uncultured bacterium"
"ASV1534","Bin60",0.000234406393713444,"Bacteria","Proteobacteria","Gammaproteobacteria","JG36-GS-52",NA,"uncultured","uncultured bacterium"
"ASV1535","Bin36",0.000234406393713444,"Bacteria","Planctomycetota","Planctomycetes","Pirellulales","Pirellulaceae","Pir4 lineage","uncultured bacterium"
"ASV1536","Bin105",0.000234406393713444,"Bacteria","Actinobacteriota","Thermoleophilia","Gaiellales","Gaiellaceae","Gaiella","uncultured bacterium"
"ASV1537","Bin56",0.000234406393713444,"Bacteria","Firmicutes","Bacilli","Bacillales","Bacillaceae","Bacillus","uncultured bacterium"
"ASV1538","Bin108",0.000226834702995767,"Bacteria","Actinobacteriota","Actinobacteria","Streptomycetales","Streptomycetaceae","Streptomyces","uncultured bacterium"
"ASV1539","Bin66",0.000222175201015658,"Bacteria","Proteobacteria","Gammaproteobacteria","Burkholderiales","TRA3-20","uncultured","uncultured bacterium"
"ASV1540","Bin90",0.000222175201015658,"Bacteria","Proteobacteria","Alphaproteobacteria","Rhizobiales","Xanthobacteraceae","Rhodoplanes","uncultured bacterium"
"ASV1541","Bin36",0.000222175201015658,"Bacteria","Planctomycetota","Planctomycetes","Pirellulales","Pirellulaceae","Pir4 lineage","uncultured bacterium"
"ASV1542","Bin7",0.000222175201015658,"Bacteria","Chloroflexi","Anaerolineae","Caldilineales","Caldilineaceae","uncultured","uncultured bacterium"
"ASV1543","Bin96",0.000222175201015658,"Bacteria","Proteobacteria","Alphaproteobacteria","Rhodospirillales","Rhodospirillaceae","uncultured","uncultured bacterium"
"ASV1544","Bin78",0.000222175201015658,"Bacteria","Proteobacteria","Alphaproteobacteria","Defluviicoccales","Defluviicoccaceae","Defluviicoccus","uncultured bacterium"
"ASV1545","Bin8",0.000222175201015658,"Bacteria","Chloroflexi","Anaerolineae","SJA-15",NA,"uncultured","uncultured bacterium"
"ASV1546","Bin35",0.000222175201015658,"Bacteria","Planctomycetota","Planctomycetes","Pirellulales","Pirellulaceae","Blastopirellula","uncultured bacterium"
"ASV1547","Bin77",0.000222175201015658,"Bacteria","Proteobacteria","Alphaproteobacteria","Dongiales","Dongiaceae","Dongia","uncultured bacterium"
"ASV1548","Bin100",0.000222175201015658,"Bacteria","Desulfobacterota","Desulfuromonadia","PB19",NA,"uncultured","uncultured bacterium"
"ASV1549","Bin81",0.000222175201015658,"Bacteria","Proteobacteria","Alphaproteobacteria","Rhodobacterales","Rhodobacteraceae","Tabrizicola","uncultured bacterium"
"ASV1550","Bin2",0.000222175201015658,"Bacteria","Chloroflexi","Anaerolineae","SBR1031","A4b","uncultured","uncultured bacterium"
"ASV1551","Bin38",0.000222175201015658,"Bacteria","Planctomycetota","Planctomycetes","Pirellulales","Pirellulaceae","Pirellula","uncultured bacterium"
"ASV1552","Bin90",0.000229007633587786,"Bacteria","Proteobacteria","Alphaproteobacteria","Rhizobiales","Xanthobacteraceae","Pseudolabrys","uncultured bacterium"
"ASV1553","Bin12",0.000229007633587786,"Bacteria","Firmicutes","Negativicutes","Veillonellales-Selenomonadales","Sporomusaceae","uncultured","uncultured bacterium"
"ASV1554","Bin43",0.000229007633587786,"Bacteria","Nitrospirota","Thermodesulfovibrionia",NA,NA,"uncultured","uncultured bacterium"
"ASV1555","Bin59",0.000229007633587786,"Bacteria","Proteobacteria","Gammaproteobacteria","R7C24",NA,"uncultured","uncultured bacterium"
"ASV1556","Bin74",0.000229007633587786,"Bacteria","Desulfobacterota","Desulfovibrionia","Desulfovibrionales","Desulfovibrionaceae","Desulfovibrio","uncultured bacterium"
"ASV1557","Bin8",0.000229007633587786,"Bacteria","Chloroflexi","Anaerolineae","RBG-13-54-9",NA,"uncultured","uncultured bacterium"
"ASV1558","Bin38",0.000229007633587786,"Bacteria","Planctomycetota","Planctomycetes","Pirellulales","Pirellulaceae","uncultured","uncultured bacterium"
"ASV1559","Bin42",0.000229007633587786,"Bacteria","Planctomycetota","vadinHA49",NA,NA,"uncultured","uncultured bacterium"
"ASV1560","Bin106",0.000229007633587786,"Bacteria","Actinobacteriota","Acidimicrobiia","Microtrichales",NA,"uncultured","uncultured bacterium"
"ASV1561","Bin78",0.000229007633587786,"Bacteria","Proteobacteria","Alphaproteobacteria","Defluviicoccales","Defluviicoccaceae","Defluviicoccus","uncultured bacterium"
"ASV1562","Bin99",0.000229007633587786,"Bacteria","Desulfobacterota","Syntrophobacteria","Syntrophobacterales","Syntrophobacteraceae","Desulforhabdus","uncultured bacterium"
"ASV1563","Bin27",0.000219899375433727,"Bacteria","Bacteroidota","Bacteroidia","Chitinophagales","Chitinophagaceae","Edaphobaculum","uncultured bacterium"
"ASV1564","Bin94",0.000213068181818182,"Bacteria","Proteobacteria","Alphaproteobacteria","Rhizobiales","A0839","uncultured","uncultured bacterium"
"ASV1565","Bin34",0.000213068181818182,"Bacteria","Planctomycetota","Planctomycetes","Pirellulales","Pirellulaceae","uncultured","uncultured bacterium"
"ASV1566","Bin40",0.000213068181818182,"Bacteria","Planctomycetota","Planctomycetes","Isosphaerales","Isosphaeraceae","uncultured","uncultured bacterium"
"ASV1587","Bin38",0.000223244184488994,"Bacteria","Planctomycetota","Planctomycetes","Pirellulales","Pirellulaceae","Pirellula","uncultured bacterium"
"ASV1588","Bin31",0.000223244184488994,"Bacteria","Planctomycetota","Planctomycetes","Planctomycetales",NA,"uncultured","uncultured bacterium"
"ASV1589","Bin79",0.000223244184488994,"Bacteria","Proteobacteria","Alphaproteobacteria","Tistrellales","Geminicoccaceae","Candidatus Alysiosphaera","uncultured bacterium"
"ASV1590","Bin81",0.000223244184488994,"Bacteria","Proteobacteria","Alphaproteobacteria","Rhodobacterales","Rhodobacteraceae","Tabrizicola","uncultured bacterium"
"ASV1591","Bin38",0.000223244184488994,"Bacteria","Planctomycetota","Planctomycetes","Pirellulales","Pirellulaceae","Pirellula","uncultured bacterium"
"ASV1592","Bin90",0.000223244184488994,"Bacteria","Proteobacteria","Alphaproteobacteria","Rhizobiales","Xanthobacteraceae","uncultured","uncultured bacterium"
"ASV1593","Bin95",0.000223244184488994,"Bacteria","Proteobacteria","Alphaproteobacteria","Micavibrionales",NA,"uncultured","uncultured bacterium"
"ASV1594","Bin31",0.000223244184488994,"Bacteria","Planctomycetota","Planctomycetes","Planctomycetales",NA,"uncultured","uncultured bacterium"
"ASV1595","Bin45",0.000223244184488994,"Bacteria","Acidobacteriota","Vicinamibacteria","Vicinamibacterales","Vicinamibacteraceae","uncultured","uncultured bacterium"
"ASV1596","Bin40",0.000223244184488994,"Bacteria","Planctomycetota","Planctomycetes","Gemmatales","Gemmataceae","Zavarzinella","uncultured bacterium"
"ASV1597","Bin5",0.000223244184488994,"Bacteria","Chloroflexi","Anaerolineae","SBR1031",NA,"uncultured","uncultured bacterium"
"ASV1598","Bin81",0.000223244184488994,"Bacteria","Proteobacteria","Alphaproteobacteria","Rhodobacterales","Rhodobacteraceae","Falsirhodobacter","uncultured bacterium"
"ASV1599","Bin106",0.000223244184488994,"Bacteria","Actinobacteriota","Acidimicrobiia","Microtrichales",NA,"uncultured","uncultured bacterium"
"ASV1600","Bin100",0.000223244184488994,"Bacteria","Myxococcota","Polyangia","Haliangiales","Haliangiaceae","Haliangium","uncultured bacterium"
"ASV1601","Bin83",0.000223244184488994,"Bacteria","Proteobacteria","Alphaproteobacteria","Sphingomonadales","Sphingomonadaceae","Ellin6055","uncultured bacterium"
"ASV1602","Bin106",0.000223244184488994,"Bacteria","Actinobacteriota","Acidimicrobiia","Microtrichales","Ilumatobacteraceae","Ilumatobacter","uncultured bacterium"
"ASV1603","Bin40",0.000223244184488994,"Bacteria","Planctomycetota","Planctomycetes","Gemmatales","Gemmataceae","uncultured","uncultured bacterium"
"ASV1604","Bin44",0.000223244184488994,"Bacteria","Latescibacterota",NA,NA,NA,"uncultured","uncultured bacterium"
"ASV1605","Bin108",0.000223244184488994,"Bacteria","Actinobacteriota","Actinobacteria","PeM15",NA,"uncultured","uncultured bacterium"
"ASV1606","Bin26",0.000211595429538722,"Bacteria","Bacteroidota","Bacteroidia","Chitinophagales","Chitinophagaceae","Niastella","uncultured bacterium"
"ASV1607","Bin73",0.000211595429538722,"Bacteria","Proteobacteria","Gammaproteobacteria","Diplorickettsiales","Diplorickettsiaceae","Aquicella","uncultured bacterium"
"ASV1608","Bin80",0.000211595429538722,"Bacteria","Proteobacteria","Alphaproteobacteria","Caulobacterales","Hyphomonadaceae","SWB02","uncultured bacterium"
"ASV1609","Bin92",0.000211595429538722,"Bacteria","Proteobacteria","Alphaproteobacteria","Rhizobiales","Hyphomicrobiaceae","Hyphomicrobium","uncultured bacterium"
"ASV1610","Bin20",0.000211595429538722,"Bacteria","Bacteroidota","Bacteroidia","Flavobacteriales","Flavobacteriaceae","Flavobacterium","uncultured bacterium"
"ASV1611","Bin39",0.000211595429538722,"Bacteria","Planctomycetota","Planctomycetes","Gemmatales","Gemmataceae","uncultured","uncultured bacterium"
"ASV1612","Bin108",0.000211595429538722,"Bacteria","Actinobacteriota","Actinobacteria","Streptomycetales","Streptomycetaceae","Streptomyces","uncultured bacterium"
"ASV1613","Bin92",0.000211595429538722,"Bacteria","Proteobacteria","Alphaproteobacteria","Rhizobiales","Hyphomicrobiaceae","Hyphomicrobium","uncultured bacterium"
"ASV1614","Bin11",0.000211595429538722,"Bacteria","Firmicutes","Incertae Sedis","DTU014",NA,"uncultured","uncultured bacterium"
"ASV1615","Bin80",0.000211595429538722,"Bacteria","Proteobacteria","Alphaproteobacteria","Caulobacterales","Hyphomonadaceae","SWB02","uncultured bacterium"
"ASV1616","Bin43",0.000218102508178844,"Bacteria","Nitrospirota","Thermodesulfovibrionia",NA,NA,"uncultured","uncultured bacterium"
"ASV1617","Bin90",0.000218102508178844,"Bacteria","Proteobacteria","Alphaproteobacteria","Rhizobiales","Xanthobacteraceae","Pseudorhodoplanes","uncultured bacterium"
"ASV1618","Bin81",0.000218102508178844,"Bacteria","Proteobacteria","Alphaproteobacteria","Rhodobacterales","Rhodobacteraceae","Paracoccus","uncultured bacterium"
"ASV1619","Bin103",0.000218102508178844,"Bacteria","Verrucomicrobiota","Verrucomicrobiae","Pedosphaerales","Pedosphaeraceae","uncultured","uncultured bacterium"
"ASV1620","Bin59",0.000218102508178844,"Bacteria","Proteobacteria","Gammaproteobacteria","R7C24",NA,"uncultured","uncultured bacterium"
"ASV1621","Bin33",0.000218102508178844,"Bacteria","Planctomycetota","Planctomycetes","Pirellulales","Pirellulaceae","Pir2 lineage","uncultured bacterium"
"ASV1622","Bin62",0.000218102508178844,"Bacteria","Proteobacteria","Gammaproteobacteria","Burkholderiales","Hydrogenophilaceae","uncultured","uncultured bacterium"
"ASV1623","Bin60",0.000218102508178844,"Bacteria","Proteobacteria","Gammaproteobacteria","Coxiellales","Coxiellaceae","Coxiella","uncultured bacterium"
"ASV1624","Bin2",0.000218102508178844,"Bacteria","Chloroflexi","Anaerolineae","SBR1031","A4b","uncultured","uncultured bacterium"
"ASV1625","Bin9",0.000218102508178844,"Bacteria","Chloroflexi","Anaerolineae","Anaerolineales","Anaerolineaceae","Leptolinea","uncultured bacterium"
"ASV1626","Bin10",0.000218102508178844,"Bacteria","Chloroflexi","Anaerolineae","Anaerolineales","Anaerolineaceae","uncultured","uncultured bacterium"
"ASV1627","Bin107",0.000218102508178844,"Bacteria","Actinobacteriota","Actinobacteria","Propionibacteriales","Nocardioidaceae","Marmoricola","uncultured bacterium"
"ASV1628","Bin106",0.000218102508178844,"Bacteria","Actinobacteriota","Acidimicrobiia","Microtrichales","Microtrichaceae","IMCC26207","uncultured bacterium"
"ASV1629","Bin38",0.000218102508178844,"Bacteria","Planctomycetota","Planctomycetes","Pirellulales","Pirellulaceae","Pirellula","uncultured bacterium"
"ASV1630","Bin104",0.000218102508178844,"Bacteria","Actinobacteriota","Thermoleophilia","Solirubrobacterales","67-14","uncultured","uncultured bacterium"
"ASV1631","Bin53",0.000218102508178844,"Bacteria","Spirochaetota","Spirochaetia","Spirochaetales","Spirochaetaceae","uncultured","uncultured bacterium"
"ASV1632","Bin51",0.000218102508178844,"Bacteria","Patescibacteria","Microgenomatia","Candidatus Gottesmanbacteria",NA,"uncultured","uncultured bacterium"
"ASV1633","Bin54",0.000218102508178844,"Bacteria","Spirochaetota","V2072-189E03",NA,NA,"uncultured","uncultured bacterium"
"ASV1634","Bin90",0.000202922077922078,"Bacteria","Proteobacteria","Alphaproteobacteria","Rhizobiales","Xanthobacteraceae","uncultured","uncultured bacterium"
"ASV1635","Bin81",0.000202922077922078,"Bacteria","Proteobacteria","Alphaproteobacteria","Rhodobacterales","Rhodobacteraceae","uncultured","uncultured bacterium"
"ASV1636","Bin84",0.000202922077922078,"Bacteria","Proteobacteria","Alphaproteobacteria","Sphingomonadales","Sphingomonadaceae","Altererythrobacter","uncultured bacterium"
"ASV1637","Bin71",0.000202922077922078,"Bacteria","Proteobacteria","Gammaproteobacteria","Burkholderiales","Comamonadaceae","Hydrogenophaga","uncultured bacterium"
"ASV1638","Bin95",0.000202922077922078,"Bacteria","Proteobacteria","Alphaproteobacteria","Micavibrionales",NA,"uncultured","uncultured bacterium"
"ASV1639","Bin38",0.000202922077922078,"Bacteria","Planctomycetota","Planctomycetes","Pirellulales","Pirellulaceae","Pirellula","uncultured bacterium"
"ASV1640","Bin72",0.000202922077922078,"Bacteria","Proteobacteria","Gammaproteobacteria","Xanthomonadales","Rhodanobacteraceae","Ahniella","uncultured bacterium"
"ASV1641","Bin16",0.000202922077922078,"Bacteria","Bacteroidota","Bacteroidia","Cytophagales","Microscillaceae","Ohtaekwangia","uncultured bacterium"
"ASV1659","Bin36",0.000212081975264544,"Bacteria","Planctomycetota","Planctomycetes","Pirellulales","Pirellulaceae","Pir4 lineage","uncultured bacterium"
"ASV1660","Bin80",0.000212081975264544,"Bacteria","Proteobacteria","Alphaproteobacteria","Caulobacterales","Hyphomonadaceae","SWB02","uncultured bacterium"
"ASV1661","Bin28",0.000212081975264544,"Bacteria","Bacteroidota","Bacteroidia","Chitinophagales","Saprospiraceae","uncultured","uncultured bacterium"
"ASV1662","Bin19",0.000212081975264544,"Bacteria","Bacteroidota","Bacteroidia","Cytophagales","Amoebophilaceae","Candidatus Amoebophilus","uncultured bacterium"
"ASV1663","Bin8",0.000212081975264544,"Bacteria","Chloroflexi","Anaerolineae","Anaerolineales","Anaerolineaceae","uncultured","uncultured bacterium"
"ASV1664","Bin63",0.000212081975264544,"Bacteria","Proteobacteria","Gammaproteobacteria","Burkholderiales","Nitrosomonadaceae","966-1","uncultured bacterium"
"ASV1665","Bin40",0.000212081975264544,"Bacteria","Planctomycetota","OM190",NA,NA,"uncultured","uncultured bacterium"
"ASV1666","Bin103",0.000212081975264544,"Bacteria","Verrucomicrobiota","Verrucomicrobiae","Pedosphaerales","Pedosphaeraceae","uncultured","uncultured bacterium"
"ASV1667","Bin100",0.000212081975264544,"Bacteria","Myxococcota","Polyangia","Haliangiales","Haliangiaceae","Haliangium","uncultured bacterium"
"ASV1668","Bin88",0.000212081975264544,"Bacteria","Proteobacteria","Alphaproteobacteria","Rhizobiales","Rhodomicrobiaceae","Rhodomicrobium","uncultured bacterium"
"ASV1669","Bin17",0.000212081975264544,"Bacteria","Bacteroidota","Bacteroidia","Cytophagales","Hymenobacteraceae","Adhaeribacter","uncultured bacterium"
"ASV1670","Bin15",0.000212081975264544,"Bacteria","Bacteroidota","Ignavibacteria","Ignavibacteriales","Ignavibacteriaceae","Ignavibacterium","uncultured bacterium"
"ASV1671","Bin6",0.000212081975264544,"Bacteria","Chloroflexi","Anaerolineae","SBR1031",NA,"uncultured","uncultured bacterium"
"ASV1672","Bin52",0.000212081975264544,"Bacteria","Patescibacteria","Saccharimonadia","Saccharimonadales",NA,"uncultured","uncultured bacterium"
"ASV1673","Bin104",0.000208017553951161,"Bacteria","Actinobacteriota","Thermoleophilia","Solirubrobacterales","67-14","uncultured","uncultured bacterium"
"ASV1674","Bin40",0.000201015658061786,"Bacteria","Planctomycetota","Planctomycetes","Gemmatales","Gemmataceae","uncultured","uncultured bacterium"
"ASV1675","Bin6",0.000201015658061786,"Bacteria","Chloroflexi","Anaerolineae","Ardenticatenales",NA,"uncultured","uncultured bacterium"
"ASV1676","Bin78",0.000201015658061786,"Bacteria","Proteobacteria","Alphaproteobacteria","Defluviicoccales","Defluviicoccaceae","Defluviicoccus","uncultured bacterium"
"ASV1677","Bin26",0.000201015658061786,"Bacteria","Bacteroidota","Bacteroidia","Chitinophagales","Chitinophagaceae","Niastella","populi"
"ASV1678","Bin82",0.000201015658061786,"Bacteria","Proteobacteria","Alphaproteobacteria","Rhizobiales","Rhizobiaceae","Shinella","uncultured bacterium"
"ASV1679","Bin15",0.000201015658061786,"Bacteria",NA,NA,NA,NA,"uncultured","uncultured bacterium"
"ASV1680","Bin107",0.000201015658061786,"Bacteria","Actinobacteriota","Actinobacteria","Propionibacteriales","Nocardioidaceae","Marmoricola","uncultured bacterium"
"ASV1681","Bin27",0.000201015658061786,"Bacteria","Bacteroidota","Bacteroidia","Chitinophagales","Chitinophagaceae","Flavihumibacter","uncultured bacterium"
"ASV1682","Bin45",0.000201015658061786,"Bacteria","Acidobacteriota","Vicinamibacteria","Subgroup 17",NA,"uncultured","uncultured bacterium"
"ASV1683","Bin75",0.000201015658061786,"Bacteria","Campylobacterota","Campylobacteria","Campylobacterales","Sulfurimonadaceae","Sulfuricurvum","uncultured bacterium"
"ASV1684","Bin34",0.000201015658061786,"Bacteria","Planctomycetota","Planctomycetes","Pirellulales","Pirellulaceae","uncultured","uncultured bacterium"
"ASV1685","Bin72",0.000201015658061786,"Bacteria","Proteobacteria","Gammaproteobacteria","Xanthomonadales","Xanthomonadaceae","Arenimonas","uncultured bacterium"
"ASV1686","Bin100",0.000201015658061786,"Bacteria","NB1-j",NA,NA,NA,"uncultured","uncultured bacterium"
"ASV1687","Bin92",0.000201015658061786,"Bacteria","Proteobacteria","Alphaproteobacteria","Rhizobiales","Methyloligellaceae","uncultured","uncultured bacterium"
"ASV1688","Bin95",0.000201015658061786,"Bacteria","Proteobacteria","Alphaproteobacteria",NA,NA,"uncultured","uncultured bacterium"
"ASV1689","Bin69",0.000207197382769902,"Bacteria","Proteobacteria","Gammaproteobacteria","Burkholderiales","Comamonadaceae","Paucibacter","uncultured bacterium"
"ASV1690","Bin49",0.000207197382769902,"Archaea","Halobacterota","Methanomicrobia","Methanomicrobiales","Methanospirillaceae","Methanospirillum","uncultured bacterium"
"ASV1691","Bin67",0.000207197382769902,"Bacteria","Proteobacteria","Gammaproteobacteria","Burkholderiales","Oxalobacteraceae","uncultured","uncultured bacterium"
"ASV1692","Bin5",0.000207197382769902,"Bacteria","Chloroflexi","Anaerolineae","SBR1031",NA,"uncultured","uncultured bacterium"
"ASV1693","Bin101",0.000207197382769902,"Bacteria","Desulfobacterota","Desulfobulbia","Desulfobulbales","Desulfocapsaceae","[Desulfobacterium] catecholicum group","uncultured bacterium"
"ASV1694","Bin100",0.000207197382769902,"Bacteria","Myxococcota","Polyangia","Blfdi19",NA,"uncultured","uncultured bacterium"
"ASV1695","Bin70",0.000207197382769902,"Bacteria","Proteobacteria","Gammaproteobacteria","Burkholderiales","Comamonadaceae","Ideonella","uncultured bacterium"
"ASV1696","Bin33",0.000207197382769902,"Bacteria","Planctomycetota","Planctomycetes","Pirellulales","Pirellulaceae","uncultured","uncultured bacterium"
"ASV1697","Bin22",0.000207197382769902,"Bacteria","Bacteroidota","Bacteroidia","Bacteroidales","Rikenellaceae","uncultured","uncultured bacterium"
"ASV1698","Bin3",0.000207197382769902,"Bacteria","Chloroflexi","Anaerolineae","SBR1031","A4b","uncultured","uncultured bacterium"
"ASV1699","Bin102",0.000207197382769902,"Bacteria","Bdellovibrionota","Oligoflexia","0319-6G20",NA,"uncultured","uncultured bacterium"
"ASV1700","Bin22",0.000207197382769902,"Bacteria","Bacteroidota","Bacteroidia","Bacteroidales","Rikenellaceae","uncultured","uncultured bacterium"
"ASV1701","Bin33",0.000207197382769902,"Bacteria","Planctomycetota","Planctomycetes","Pirellulales","Pirellulaceae","uncultured","uncultured bacterium"
"ASV1702","Bin41",0.000207197382769902,"Bacteria","Planctomycetota","Phycisphaerae","Tepidisphaerales","WD2101 soil group","uncultured","uncultured bacterium"
"ASV1703","Bin90",0.000207197382769902,"Bacteria","Proteobacteria","Alphaproteobacteria","Rhizobiales","Xanthobacteraceae","Pseudorhodoplanes","uncultured bacterium"
"ASV1704","Bin91",0.000199607167641519,"Bacteria","Proteobacteria","Alphaproteobacteria","Rhizobiales","Pleomorphomonadaceae","Pleomorphomonas","uncultured bacterium"
"ASV1705","Bin45",0.000192775974025974,"Bacteria","Acidobacteriota","Vicinamibacteria","Vicinamibacterales","Vicinamibacteraceae","uncultured","uncultured bacterium"
"ASV1706","Bin2",0.000192775974025974,"Bacteria","Chloroflexi","Anaerolineae","SBR1031","A4b","uncultured","uncultured bacterium"
"ASV1707","Bin41",0.000192775974025974,"Bacteria","Planctomycetota","Phycisphaerae","Phycisphaerales","Phycisphaeraceae","SM1A02","uncultured bacterium"
"ASV1708","Bin90",0.000192775974025974,"Bacteria","Proteobacteria","Alphaproteobacteria","Rhizobiales","Xanthobacteraceae","Pseudorhodoplanes","uncultured bacterium"
"ASV1733","Bin77",0.000200919766040095,"Bacteria","Proteobacteria","Alphaproteobacteria","Dongiales","Dongiaceae","Dongia","uncultured bacterium"
"ASV1734","Bin25",0.000200919766040095,"Bacteria","Bacteroidota","Bacteroidia","Chitinophagales","Chitinophagaceae","Terrimonas","uncultured bacterium"
"ASV1735","Bin45",0.000200919766040095,"Bacteria","Acidobacteriota","Vicinamibacteria","Subgroup 17",NA,"uncultured","uncultured bacterium"
"ASV1736","Bin82",0.000200919766040095,"Bacteria","Proteobacteria","Alphaproteobacteria","Rhizobiales","Rhizobiaceae","uncultured","uncultured bacterium"
"ASV1737","Bin2",0.000200919766040095,"Bacteria","Chloroflexi","Anaerolineae","SBR1031","A4b","uncultured","uncultured bacterium"
"ASV1738","Bin7",0.000200919766040095,"Bacteria","Chloroflexi","OLB14",NA,NA,"uncultured","uncultured bacterium"
"ASV1739","Bin46",0.000200919766040095,"Bacteria","Acidobacteriota","Vicinamibacteria","Vicinamibacterales","Vicinamibacteraceae","uncultured","uncultured bacterium"
"ASV1740","Bin76",0.000200919766040095,"Bacteria","Proteobacteria","Alphaproteobacteria","Acetobacterales","Acetobacteraceae","uncultured","uncultured bacterium"
"ASV1741","Bin94",0.000200919766040095,"Bacteria","Proteobacteria","Alphaproteobacteria","Caulobacterales","Caulobacteraceae","Phenylobacterium","mobile"
"ASV1742","Bin77",0.000200919766040095,"Bacteria","Proteobacteria","Alphaproteobacteria","Dongiales","Dongiaceae","Dongia","uncultured bacterium"
"ASV1743","Bin26",0.000200919766040095,"Bacteria","Bacteroidota","Bacteroidia","Chitinophagales","Chitinophagaceae","Puia","uncultured bacterium"
"ASV1744","Bin62",0.000200919766040095,"Bacteria","Proteobacteria","Gammaproteobacteria","Burkholderiales","Nitrosomonadaceae","Ellin6067","uncultured bacterium"
"ASV1745","Bin104",0.000200919766040095,"Bacteria","Actinobacteriota","Thermoleophilia","Solirubrobacterales","67-14","uncultured","uncultured bacterium"
"ASV1746","Bin36",0.000200919766040095,"Bacteria","Planctomycetota","Planctomycetes","Pirellulales","Pirellulaceae","Pir4 lineage","uncultured bacterium"
"ASV1747","Bin103",0.000200919766040095,"Bacteria","Verrucomicrobiota","Verrucomicrobiae","Opitutales","Opitutaceae","Lacunisphaera","uncultured bacterium"
"ASV1748","Bin101",0.000198606011700527,"Bacteria","Desulfobacterota","Desulfobulbia","Desulfobulbales","Desulfocapsaceae","[Desulfobacterium] catecholicum group","uncultured bacterium"
"ASV1749","Bin29",0.000187710396771599,"Bacteria","Bacteroidota","Bacteroidia","Bacteroidales","Dysgonomonadaceae","uncultured","uncultured bacterium"
"ASV1750","Bin34",0.00019043588658485,"Bacteria","Planctomycetota","Planctomycetes","Pirellulales","Pirellulaceae","uncultured","uncultured bacterium"
"ASV1751","Bin1",0.00019043588658485,"Bacteria","Chloroflexi","Anaerolineae","SBR1031","A4b","uncultured","uncultured bacterium"
"ASV1752","Bin38",0.00019043588658485,"Bacteria","Planctomycetota","Planctomycetes","Pirellulales","Pirellulaceae","Pirellula","uncultured bacterium"
"ASV1753","Bin34",0.00019043588658485,"Bacteria","Planctomycetota","Planctomycetes","Pirellulales","Pirellulaceae","uncultured","uncultured bacterium"
"ASV1754","Bin39",0.00019043588658485,"Bacteria","Planctomycetota","Planctomycetes","Gemmatales","Gemmataceae","uncultured","uncultured bacterium"
"ASV1755","Bin99",0.00019043588658485,"Bacteria","Myxococcota","Myxococcia","Myxococcales","Myxococcaceae","Myxococcus","uncultured bacterium"
"ASV1756","Bin20",0.00019043588658485,"Bacteria","Bacteroidota","Bacteroidia","Flavobacteriales","Flavobacteriaceae","Flavobacterium","uncultured bacterium"
"ASV1757","Bin107",0.00019043588658485,"Bacteria","Actinobacteriota","Actinobacteria","Propionibacteriales","Nocardioidaceae","uncultured","uncultured bacterium"
"ASV1758","Bin108",0.00019043588658485,"Bacteria","Actinobacteriota","Actinobacteria","Kineosporiales","Kineosporiaceae","uncultured","uncultured bacterium"
"ASV1759","Bin30",0.00019043588658485,"Bacteria","Acidobacteriota","Thermoanaerobaculia","Thermoanaerobaculales","Thermoanaerobaculaceae","Subgroup 10","uncultured bacterium"
"ASV1760","Bin23",0.00019043588658485,"Bacteria","Bacteroidota","Bacteroidia","Sphingobacteriales","AKYH767","uncultured","uncultured bacterium"
"ASV1761","Bin8",0.00019043588658485,"Bacteria","Chloroflexi","Anaerolineae","Anaerolineales","Anaerolineaceae","uncultured","uncultured bacterium"
"ASV1762","Bin20",0.00019043588658485,"Bacteria","Bacteroidota","Bacteroidia","Flavobacteriales","Flavobacteriaceae","Flavobacterium","uncultured bacterium"
"ASV1763","Bin71",0.00019043588658485,"Bacteria","Proteobacteria","Gammaproteobacteria","Burkholderiales","Comamonadaceae","Curvibacter","uncultured bacterium"
"ASV1764","Bin66",0.00019043588658485,"Bacteria","Proteobacteria","Gammaproteobacteria","Burkholderiales","Methylophilaceae","Methylophilus","uncultured bacterium"
"ASV1765","Bin30",0.00019043588658485,"Bacteria","Acidobacteriota","Holophagae","Holophagales","Holophagaceae","uncultured","uncultured bacterium"
"ASV1766","Bin62",0.00019043588658485,"Bacteria","Proteobacteria","Gammaproteobacteria","Burkholderiales","Rhodocyclaceae","Propionivibrio","uncultured bacterium"
"ASV1767","Bin34",0.000193364071972905,"Bacteria","Planctomycetota","Planctomycetes","Pirellulales","Pirellulaceae","uncultured","uncultured bacterium"
"ASV1768","Bin18",0.000194340133768923,"Bacteria","Bacteroidota","Bacteroidia","Bacteroidales","Paludibacteraceae","uncultured","uncultured bacterium"
"ASV1769","Bin7",0.00019629225736096,"Bacteria","Chloroflexi","Anaerolineae","Caldilineales","Caldilineaceae","uncultured","uncultured bacterium"
"ASV1770","Bin66",0.00019629225736096,"Bacteria","Proteobacteria","Gammaproteobacteria","Burkholderiales","Leeiaceae","Leeia","uncultured bacterium"
"ASV1771","Bin15",0.00019629225736096,"Bacteria","Bacteroidota","Ignavibacteria","Ignavibacteriales",NA,"uncultured","uncultured bacterium"
"ASV1772","Bin10",0.00019629225736096,"Bacteria","Chloroflexi","Anaerolineae","Anaerolineales","Anaerolineaceae","uncultured","uncultured bacterium"
"ASV1773","Bin12",0.00019629225736096,"Bacteria","Firmicutes","Negativicutes","Veillonellales-Selenomonadales","Sporomusaceae","uncultured","uncultured bacterium"
"ASV1774","Bin98",0.00019629225736096,"Bacteria","Desulfobacterota","Desulfuromonadia","Geobacterales","Geobacteraceae","Geobacter","uncultured bacterium"
"ASV1775","Bin44",0.00019629225736096,"Bacteria","Verrucomicrobiota","Omnitrophia","Omnitrophales",NA,"uncultured","uncultured bacterium"
"ASV1776","Bin81",0.00019629225736096,"Bacteria","Proteobacteria","Alphaproteobacteria","Rhodobacterales","Rhodobacteraceae","uncultured","uncultured bacterium"
"ASV1777","Bin52",0.00019629225736096,"Bacteria",NA,NA,NA,NA,"uncultured","uncultured bacterium"
"ASV1778","Bin73",0.00019629225736096,"Bacteria","Proteobacteria","Gammaproteobacteria","Gammaproteobacteria Incertae Sedis","Unknown Family","uncultured","uncultured bacterium"
"ASV1779","Bin8",0.00019629225736096,"Bacteria","Chloroflexi","Anaerolineae","Anaerolineales","Anaerolineaceae","uncultured","uncultured bacterium"
"ASV1780","Bin103",0.00019629225736096,"Bacteria","Verrucomicrobiota","Verrucomicrobiae","Pedosphaerales","Pedosphaeraceae","uncultured","uncultured bacterium"
"ASV1781","Bin106",0.00019629225736096,"Bacteria","Actinobacteriota","Acidimicrobiia","Microtrichales","Ilumatobacteraceae","CL500-29 marine group","uncultured bacterium"
"ASV1782","Bin23",0.00019629225736096,"Bacteria","Bacteroidota","Bacteroidia","Sphingobacteriales","env.OPS 17","uncultured","uncultured bacterium"
"ASV1783","Bin58",0.00019629225736096,"Bacteria","Firmicutes","Clostridia","Oscillospirales","Oscillospiraceae","Sporobacter","uncultured bacterium"
"ASV1784","Bin44",0.00019629225736096,"Bacteria","Verrucomicrobiota","Omnitrophia","Omnitrophales","Omnitrophaceae","Candidatus Omnitrophus","uncultured bacterium"
"ASV1785","Bin108",0.00019629225736096,"Bacteria","Actinobacteriota","Actinobacteria","Micrococcales","Microbacteriaceae","Galbitalea","uncultured bacterium"
"ASV1786","Bin90",0.00019629225736096,"Bacteria","Proteobacteria","Alphaproteobacteria","Rhizobiales","Xanthobacteraceae","uncultured","uncultured bacterium"
"ASV1787","Bin47",0.00019629225736096,"Bacteria","Acidobacteriota","Blastocatellia","Blastocatellales","Blastocatellaceae","JGI 0001001-H03","uncultured bacterium"
"ASV1788","Bin38",0.00019629225736096,"Bacteria","Planctomycetota","Planctomycetes","Pirellulales","Pirellulaceae","Pirellula","uncultured bacterium"
"ASV1789","Bin75",0.00019629225736096,"Bacteria","Campylobacterota","Campylobacteria","Campylobacterales",NA,"uncultured","uncultured bacterium"
"ASV1790","Bin68",0.000187943020719738,"Bacteria","Proteobacteria","Gammaproteobacteria","Burkholderiales","Comamonadaceae","uncultured","uncultured bacterium"
"ASV1791","Bin27",0.00018262987012987,"Bacteria","Bacteroidota","Bacteroidia","Chitinophagales","Chitinophagaceae","Edaphobaculum","uncultured bacterium"
"ASV1792","Bin88",0.00018262987012987,"Bacteria","Proteobacteria","Alphaproteobacteria","Rhizobiales","Rhodomicrobiaceae","Rhodomicrobium","uncultured bacterium"
"ASV1793","Bin38",0.00018262987012987,"Bacteria","Planctomycetota","Planctomycetes","Pirellulales","Pirellulaceae","Pirellula","uncultured bacterium"
"ASV1794","Bin39",0.00018262987012987,"Bacteria","Planctomycetota","Planctomycetes","Gemmatales","Gemmataceae","uncultured","uncultured bacterium"
"ASV1795","Bin40",0.00018262987012987,"Bacteria","Planctomycetota","OM190",NA,NA,"uncultured","uncultured bacterium"
"ASV1796","Bin65",0.00018262987012987,"Bacteria","Proteobacteria","Gammaproteobacteria","Burkholderiales","Rhodocyclaceae","Sulfuritalea","uncultured bacterium"
"ASV1797","Bin74",0.00018262987012987,"Bacteria","Desulfobacterota","Desulfovibrionia","Desulfovibrionales","Desulfovibrionaceae","Desulfovibrio","uncultured bacterium"
"ASV1798","Bin34",0.00018262987012987,"Bacteria","Planctomycetota","Planctomycetes","Pirellulales","Pirellulaceae","uncultured","uncultured bacterium"
"ASV1799","Bin82",0.00018262987012987,"Bacteria","Proteobacteria","Alphaproteobacteria","Rhizobiales","Rhizobiaceae","Allorhizobium-Neorhizobium-Pararhizobium-Rhizobium","uncultured bacterium"
"ASV1800","Bin23",0.00018262987012987,"Bacteria","Bacteroidota","Bacteroidia","Sphingobacteriales","NS11-12 marine group","uncultured","uncultured bacterium"
"ASV1801","Bin81",0.00018262987012987,"Bacteria","Proteobacteria","Alphaproteobacteria","Rhodobacterales","Rhodobacteraceae","Tabrizicola","uncultured bacterium"
"ASV1802","Bin21",0.00018262987012987,"Bacteria","Bacteroidota","Bacteroidia","Flavobacteriales","NS9 marine group","uncultured","uncultured bacterium"
"ASV1803","Bin71",0.00018262987012987,"Bacteria","Proteobacteria","Gammaproteobacteria","Burkholderiales","Comamonadaceae","uncultured","uncultured bacterium"
"ASV1824","Bin102",0.000189757556815645,"Bacteria","Bdellovibrionota","Bdellovibrionia","Bdellovibrionales","Bdellovibrionaceae","Bdellovibrio","uncultured bacterium"
"ASV1825","Bin52",0.000189757556815645,"Bacteria","Patescibacteria","Saccharimonadia","Saccharimonadales",NA,"uncultured","uncultured bacterium"
"ASV1826","Bin38",0.000189757556815645,"Bacteria","Planctomycetota","Planctomycetes","Pirellulales","Pirellulaceae","Pirellula","uncultured bacterium"
"ASV1827","Bin72",0.000189757556815645,"Bacteria","Proteobacteria","Gammaproteobacteria","Xanthomonadales","Xanthomonadaceae","Luteimonas","uncultured bacterium"
"ASV1828","Bin45",0.000189757556815645,"Bacteria","Acidobacteriota","Vicinamibacteria","Vicinamibacterales","Vicinamibacteraceae","uncultured","uncultured bacterium"
"ASV1829","Bin30",0.000189757556815645,"Bacteria","Acidobacteriota","Subgroup 22",NA,NA,"uncultured","uncultured bacterium"
"ASV1830","Bin22",0.000189757556815645,"Bacteria","Bacteroidota","Bacteroidia","Sphingobacteriales","KD3-93","uncultured","uncultured bacterium"
"ASV1831","Bin106",0.000189757556815645,"Bacteria","Actinobacteriota","Acidimicrobiia","Microtrichales","Iamiaceae","Iamia","uncultured bacterium"
"ASV1832","Bin31",0.000189757556815645,"Bacteria","Planctomycetota","Planctomycetes","Planctomycetales","Gimesiaceae","uncultured","uncultured bacterium"
"ASV1833","Bin41",0.000189757556815645,"Bacteria","Planctomycetota","Phycisphaerae","Tepidisphaerales","WD2101 soil group","uncultured","uncultured bacterium"
"ASV1834","Bin102",0.000189757556815645,"Bacteria","Bdellovibrionota","Oligoflexia","0319-6G20",NA,"uncultured","uncultured bacterium"
"ASV1835","Bin6",0.000189757556815645,"Bacteria","Chloroflexi","Anaerolineae","Ardenticatenales",NA,"uncultured","uncultured bacterium"
"ASV1836","Bin66",0.000189757556815645,"Bacteria","Proteobacteria","Gammaproteobacteria","Burkholderiales","Methylophilaceae","Methylotenera","uncultured bacterium"
"ASV1837","Bin4",0.000189757556815645,"Bacteria","Chloroflexi","Anaerolineae","SBR1031","A4b","uncultured","uncultured bacterium"
"ASV1838","Bin105",0.000189757556815645,"Bacteria","Actinobacteriota","Thermoleophilia","Gaiellales","Gaiellaceae","Gaiella","uncultured bacterium"
"ASV1839","Bin27",0.000189757556815645,"Bacteria","Bacteroidota","Bacteroidia","Chitinophagales","Chitinophagaceae","Parafilimonas","uncultured bacterium"
"ASV1840","Bin107",0.000189757556815645,"Bacteria","Actinobacteriota","Actinobacteria","Micromonosporales","Micromonosporaceae","Couchioplanes","uncultured bacterium"
"ASV1841","Bin52",0.000189757556815645,"Bacteria","Patescibacteria","Saccharimonadia","Saccharimonadales",NA,"uncultured","uncultured bacterium"
"ASV1842","Bin41",0.000188472137738107,"Bacteria","Planctomycetota","Phycisphaerae","Tepidisphaerales","WD2101 soil group","uncultured","uncultured bacterium"
"ASV1843","Bin35",0.000179856115107914,"Bacteria","Planctomycetota","Planctomycetes","Pirellulales","Pirellulaceae","Pirellula","uncultured bacterium"
"ASV1844","Bin8",0.000179856115107914,"Bacteria","Chloroflexi","Anaerolineae","RBG-13-54-9",NA,"uncultured","uncultured bacterium"
"ASV1845","Bin46",0.000179856115107914,"Bacteria","Acidobacteriota","Vicinamibacteria","Vicinamibacterales","Vicinamibacteraceae","uncultured","uncultured bacterium"
"ASV1846","Bin106",0.000179856115107914,"Bacteria","Actinobacteriota","Acidimicrobiia","IMCC26256",NA,"uncultured","uncultured bacterium"
"ASV1847","Bin66",0.000179856115107914,"Bacteria","Proteobacteria","Gammaproteobacteria","Burkholderiales","Chitinimonadaceae","Chitinivorax","uncultured bacterium"
"ASV1848","Bin12",0.000179856115107914,"Bacteria","Firmicutes","Negativicutes",NA,NA,"uncultured","uncultured bacterium"
"ASV1849","Bin60",0.000179856115107914,"Bacteria","Proteobacteria","Gammaproteobacteria","Steroidobacterales","Steroidobacteraceae","uncultured","uncultured bacterium"
"ASV1850","Bin77",0.000179856115107914,"Bacteria","Proteobacteria","Alphaproteobacteria","Dongiales","Dongiaceae","Dongia","uncultured bacterium"
"ASV1851","Bin96",0.000179856115107914,"Bacteria","Proteobacteria","Alphaproteobacteria","Rickettsiales","SM2D12","uncultured","uncultured bacterium"
"ASV1852","Bin105",0.000179856115107914,"Bacteria","Actinobacteriota","Thermoleophilia","Gaiellales",NA,"uncultured","uncultured bacterium"
"ASV1853","Bin46",0.000179856115107914,"Bacteria","Acidobacteriota","Vicinamibacteria","Vicinamibacterales",NA,"uncultured","uncultured bacterium"
"ASV1854","Bin62",0.000179856115107914,"Bacteria","Proteobacteria","Gammaproteobacteria","Burkholderiales","Rhodocyclaceae","Dechlorobacter","uncultured bacterium"
"ASV1855","Bin80",0.000179856115107914,"Bacteria","Proteobacteria","Alphaproteobacteria","Caulobacterales","Hyphomonadaceae","SWB02","uncultured bacterium"
"ASV1856","Bin106",0.000179856115107914,"Bacteria","Actinobacteriota","Acidimicrobiia","Microtrichales","Iamiaceae","Iamia","uncultured bacterium"
"ASV1857","Bin105",0.000179856115107914,"Bacteria","Actinobacteriota","Thermoleophilia","Gaiellales","Gaiellaceae","Gaiella","uncultured bacterium"
"ASV1858","Bin41",0.000179856115107914,"Bacteria","Planctomycetota","Phycisphaerae","Tepidisphaerales","WD2101 soil group","uncultured","uncultured bacterium"
"ASV1859","Bin40",0.000179856115107914,"Bacteria","Planctomycetota","Planctomycetes","Gemmatales","Gemmataceae","uncultured","uncultured bacterium"
"ASV1860","Bin1",0.000185387131952017,"Bacteria","Chloroflexi","Anaerolineae","SBR1031","A4b","uncultured","uncultured bacterium"
"ASV1861","Bin67",0.000185387131952017,"Bacteria","Proteobacteria","Gammaproteobacteria","Burkholderiales","Oxalobacteraceae","uncultured","uncultured bacterium"
"ASV1862","Bin62",0.000185387131952017,"Bacteria","Proteobacteria","Gammaproteobacteria","Burkholderiales","Hydrogenophilaceae","uncultured","uncultured bacterium"
"ASV1863","Bin92",0.000185387131952017,"Bacteria","Proteobacteria","Alphaproteobacteria","Rhizobiales","Hyphomicrobiaceae","Pedomicrobium","uncultured bacterium"
"ASV1864","Bin25",0.000185387131952017,"Bacteria","Bacteroidota","Bacteroidia","Chitinophagales","Chitinophagaceae","Terrimonas","uncultured bacterium"
"ASV1865","Bin54",0.000185387131952017,"Bacteria","Spirochaetota","Spirochaetia","Spirochaetales","Spirochaetaceae","uncultured","uncultured bacterium"
"ASV1866","Bin9",0.000185387131952017,"Bacteria","Chloroflexi","Anaerolineae","Anaerolineales","Anaerolineaceae","uncultured","uncultured bacterium"
"ASV1867","Bin72",0.000185387131952017,"Bacteria","Proteobacteria","Gammaproteobacteria","Xanthomonadales","Rhodanobacteraceae","Ahniella","uncultured bacterium"
"ASV1868","Bin12",0.000185387131952017,"Bacteria","Firmicutes","Negativicutes",NA,NA,"uncultured","uncultured bacterium"
"ASV1869","Bin107",0.000185387131952017,"Bacteria","Actinobacteriota","Actinobacteria","Frankiales","Sporichthyaceae","Longivirga","uncultured bacterium"
"ASV1870","Bin85",0.000185387131952017,"Bacteria","Proteobacteria","Alphaproteobacteria","Sphingomonadales","Sphingomonadaceae","Novosphingobium","uncultured bacterium"
"ASV1871","Bin54",0.000185387131952017,"Bacteria","Spirochaetota","V2072-189E03",NA,NA,"uncultured","uncultured bacterium"
"ASV1872","Bin54",0.000185387131952017,"Bacteria","Spirochaetota","Leptospirae","Leptospirales","Leptospiraceae","Turneriella","uncultured bacterium"
"ASV1873","Bin13",0.000185387131952017,"Bacteria","Desulfobacterota","Syntrophorhabdia","Syntrophorhabdales","Syntrophorhabdaceae","Syntrophorhabdus","uncultured bacterium"
"ASV1874","Bin19",0.000185387131952017,"Bacteria","Bacteroidota","Bacteroidia","Bacteroidales","Bacteroidetes vadinHA17","uncultured","uncultured bacterium"
"ASV1875","Bin62",0.000185387131952017,"Bacteria","Proteobacteria","Gammaproteobacteria","Burkholderiales","Nitrosomonadaceae","Ellin6067","uncultured bacterium"
"ASV1876","Bin2",0.000185387131952017,"Bacteria","Chloroflexi","Anaerolineae","SBR1031","A4b","uncultured","uncultured bacterium"
"ASV1877","Bin31",0.000185387131952017,"Bacteria","Planctomycetota","Planctomycetes","Planctomycetales","Schlesneriaceae","Planctopirus","uncultured bacterium"
"ASV1878","Bin22",0.000185387131952017,"Bacteria","Bacteroidota","Bacteroidia","Sphingobacteriales","Lentimicrobiaceae","uncultured","uncultured bacterium"
"ASV1879","Bin34",0.000172483766233766,"Bacteria","Planctomycetota","Planctomycetes","Pirellulales","Pirellulaceae","uncultured","uncultured bacterium"
"ASV1880","Bin90",0.000172483766233766,"Bacteria","Proteobacteria","Alphaproteobacteria","Rhizobiales","Xanthobacteraceae","uncultured","uncultured bacterium"
"ASV1881","Bin89",0.000172483766233766,"Bacteria","Proteobacteria","Alphaproteobacteria","Rhizobiales","Pleomorphomonadaceae","uncultured","uncultured bacterium"
"ASV1882","Bin12",0.000172483766233766,"Bacteria","Firmicutes","Negativicutes","Veillonellales-Selenomonadales","Sporomusaceae","Anaeromusa-Anaeroarcus","uncultured bacterium"
"ASV1883","Bin101",0.000172483766233766,"Bacteria","MBNT15",NA,NA,NA,"uncultured","uncultured bacterium"
"ASV1908","Bin67",0.000178595347591195,"Bacteria","Proteobacteria","Gammaproteobacteria","Burkholderiales","Oxalobacteraceae","Noviherbaspirillum","uncultured bacterium"
"ASV1909","Bin39",0.000178595347591195,"Bacteria","Planctomycetota","Planctomycetes","Gemmatales","Gemmataceae","Gemmata","uncultured bacterium"
"ASV1910","Bin27",0.000178595347591195,"Bacteria","Bacteroidota","Bacteroidia","Chitinophagales","Chitinophagaceae","Edaphobaculum","uncultured bacterium"
"ASV1911","Bin34",0.000178595347591195,"Bacteria","Planctomycetota","Planctomycetes","Pirellulales","Pirellulaceae","uncultured","uncultured bacterium"
"ASV1912","Bin41",0.000178595347591195,"Bacteria","Planctomycetota","Phycisphaerae","Phycisphaerales","Phycisphaeraceae","uncultured","uncultured bacterium"
"ASV1913","Bin86",0.000178595347591195,"Bacteria","Proteobacteria","Alphaproteobacteria","Rhizobiales","Rhizobiaceae","Mesorhizobium","uncultured bacterium"
"ASV1914","Bin39",0.000178595347591195,"Bacteria","Planctomycetota","Planctomycetes","Gemmatales","Gemmataceae","Fimbriiglobus","uncultured bacterium"
"ASV1915","Bin45",0.000178595347591195,"Bacteria","Acidobacteriota","Vicinamibacteria","Vicinamibacterales","Vicinamibacteraceae","uncultured","uncultured bacterium"
"ASV1916","Bin49",0.000178595347591195,"Archaea","Euryarchaeota","Methanobacteria","Methanobacteriales","Methanobacteriaceae","uncultured","uncultured bacterium"
"ASV1917","Bin105",0.000178595347591195,"Bacteria","Actinobacteriota","Thermoleophilia","Gaiellales",NA,"uncultured","uncultured bacterium"
"ASV1918","Bin94",0.000178595347591195,"Bacteria","Proteobacteria","Alphaproteobacteria","Rhizobiales","A0839","uncultured","uncultured bacterium"
"ASV1919","Bin39",0.000178595347591195,"Bacteria","Planctomycetota","Planctomycetes","Gemmatales","Gemmataceae","uncultured","uncultured bacterium"
"ASV1920","Bin52",0.000178595347591195,"Bacteria","Patescibacteria","Saccharimonadia","Saccharimonadales",NA,"uncultured","uncultured bacterium"
"ASV1921","Bin49",0.000178595347591195,"Archaea","Euryarchaeota","Methanobacteria","Methanobacteriales","Methanobacteriaceae","Methanobacterium","uncultured bacterium"
"ASV1922","Bin76",0.000178595347591195,"Bacteria","Proteobacteria","Alphaproteobacteria","Acetobacterales","Acetobacteraceae","Roseomonas","uncultured bacterium"
"ASV1923","Bin16",0.000178595347591195,"Bacteria","Bacteroidota","Bacteroidia","Cytophagales","Microscillaceae","uncultured","uncultured bacterium"
"ASV1924","Bin30",0.000178595347591195,"Bacteria","Acidobacteriota","Thermoanaerobaculia","Thermoanaerobaculales","Thermoanaerobaculaceae","Subgroup 10","uncultured bacterium"
"ASV1925","Bin6",0.000178595347591195,"Bacteria","Chloroflexi","Anaerolineae","Ardenticatenales",NA,"uncultured","uncultured bacterium"
"ASV1926","Bin76",0.000178595347591195,"Bacteria","Proteobacteria","Alphaproteobacteria","Acetobacterales","Acetobacteraceae","Craurococcus-Caldovatus","uncultured bacterium"
"ASV1927","Bin61",0.000178595347591195,"Bacteria","Proteobacteria","Gammaproteobacteria","Pseudomonadales","211ds20","uncultured","uncultured bacterium"
"ASV1928","Bin63",0.000173935845611086,"Bacteria","Proteobacteria","Gammaproteobacteria","Burkholderiales","SC-I-84","uncultured","uncultured bacterium"
"ASV1929","Bin94",0.000169276343630978,"Bacteria","Proteobacteria","Alphaproteobacteria","Caulobacterales","Caulobacteraceae","Caulobacter","uncultured bacterium"
"ASV1930","Bin27",0.000169276343630978,"Bacteria","Bacteroidota","Bacteroidia","Chitinophagales","Chitinophagaceae","Sediminibacterium","uncultured bacterium"
"ASV1931","Bin59",0.000169276343630978,"Bacteria","Proteobacteria","Gammaproteobacteria",NA,NA,"uncultured","uncultured bacterium"
"ASV1932","Bin74",0.000169276343630978,"Bacteria","Desulfobacterota","Desulfovibrionia","Desulfovibrionales","Desulfovibrionaceae","Desulfovibrio","uncultured bacterium"
"ASV1933","Bin26",0.000169276343630978,"Bacteria","Bacteroidota","Bacteroidia","Chitinophagales","Chitinophagaceae","Niastella","uncultured bacterium"
"ASV1934","Bin31",0.000169276343630978,"Bacteria","Planctomycetota","Planctomycetes","Planctomycetales","Gimesiaceae","uncultured","uncultured bacterium"
"ASV1935","Bin29",0.000169276343630978,"Bacteria","Bacteroidota","Bacteroidia","Bacteroidales","Paludibacteraceae","Paludibacter","uncultured bacterium"
"ASV1936","Bin25",0.000169276343630978,"Bacteria","Bacteroidota","Bacteroidia","Chitinophagales","Chitinophagaceae","Terrimonas","uncultured bacterium"
"ASV1937","Bin55",0.000169276343630978,"Bacteria","Firmicutes","Bacilli","Alicyclobacillales","Alicyclobacillaceae","Tumebacillus","uncultured bacterium"
"ASV1938","Bin31",0.000169276343630978,"Bacteria","Planctomycetota","Planctomycetes","Planctomycetales",NA,"uncultured","uncultured bacterium"
"ASV1939","Bin78",0.000169276343630978,"Bacteria","Proteobacteria","Alphaproteobacteria","Defluviicoccales","Defluviicoccaceae","Defluviicoccus","uncultured bacterium"
"ASV1940","Bin79",0.000169276343630978,"Bacteria","Proteobacteria","Alphaproteobacteria","Tistrellales","Geminicoccaceae","Candidatus Alysiosphaera","uncultured bacterium"
"ASV1941","Bin67",0.000169276343630978,"Bacteria","Proteobacteria","Gammaproteobacteria","Burkholderiales","Oxalobacteraceae","Noviherbaspirillum","uncultured bacterium"
"ASV1942","Bin40",0.000169276343630978,"Bacteria","Planctomycetota","Planctomycetes","Gemmatales","Gemmataceae","uncultured","uncultured bacterium"
"ASV1943","Bin94",0.000169276343630978,"Bacteria","Proteobacteria","Alphaproteobacteria","Caulobacterales","Caulobacteraceae","Phenylobacterium","uncultured bacterium"
"ASV1944","Bin44",0.000169276343630978,"Bacteria","Latescibacterota",NA,NA,NA,"uncultured","uncultured bacterium"
"ASV1945","Bin76",0.000169276343630978,"Bacteria","Proteobacteria","Alphaproteobacteria","Elsterales",NA,"uncultured","uncultured bacterium"
"ASV1946","Bin103",0.000169276343630978,"Bacteria","Verrucomicrobiota","Verrucomicrobiae","Verrucomicrobiales","Rubritaleaceae","Luteolibacter","uncultured bacterium"
"ASV1947","Bin103",0.000169276343630978,"Bacteria","Verrucomicrobiota","Verrucomicrobiae","Pedosphaerales","Pedosphaeraceae","DEV008","uncultured bacterium"
"ASV1948","Bin89",0.000169276343630978,"Bacteria","Proteobacteria","Alphaproteobacteria","Rhizobiales","Rhizobiales Incertae Sedis","Phreatobacter","uncultured bacterium"
"ASV1949","Bin46",0.000169276343630978,"Bacteria","Acidobacteriota","Vicinamibacteria","Vicinamibacterales",NA,"uncultured","uncultured bacterium"
"ASV1950","Bin71",0.000174482006543075,"Bacteria","Proteobacteria","Gammaproteobacteria","Burkholderiales","Comamonadaceae","Curvibacter","uncultured bacterium"
"ASV1951","Bin88",0.000174482006543075,"Bacteria","Proteobacteria","Alphaproteobacteria","Rhizobiales","Rhodomicrobiaceae","Rhodomicrobium","uncultured bacterium"
"ASV1952","Bin76",0.000174482006543075,"Bacteria","Proteobacteria","Alphaproteobacteria","Reyranellales","Reyranellaceae","uncultured","uncultured bacterium"
"ASV1953","Bin10",0.000174482006543075,"Bacteria","Chloroflexi","Anaerolineae","Anaerolineales","Anaerolineaceae","UTCFX1","uncultured bacterium"
"ASV1954","Bin58",0.000174482006543075,"Bacteria","Firmicutes","Clostridia","Oscillospirales","Hungateiclostridiaceae","Ruminiclostridium","uncultured bacterium"
"ASV1955","Bin18",0.000174482006543075,"Bacteria","Bacteroidota","Bacteroidia","Bacteroidales","Marinilabiliaceae","[Cytophaga] xylanolytica group","uncultured bacterium"
"ASV1956","Bin66",0.000174482006543075,"Bacteria","Proteobacteria","Gammaproteobacteria","Burkholderiales","Methylophilaceae","MM2","uncultured bacterium"
"ASV1957","Bin68",0.000174482006543075,"Bacteria","Proteobacteria","Gammaproteobacteria","Burkholderiales","Comamonadaceae","uncultured","uncultured bacterium"
"ASV1958","Bin74",0.000174482006543075,"Bacteria","Desulfobacterota","Desulfovibrionia","Desulfovibrionales","Desulfovibrionaceae","Desulfovibrio","uncultured bacterium"
"ASV1959","Bin19",0.000174482006543075,"Bacteria","Bacteroidota","Bacteroidia","Bacteroidales","SB-5","uncultured","uncultured bacterium"
"ASV1960","Bin19",0.000174482006543075,"Bacteria","Bacteroidota","Bacteroidia","Bacteroidales","Bacteroidetes BD2-2","uncultured","uncultured bacterium"
"ASV1961","Bin66",0.000174482006543075,"Bacteria","Proteobacteria","Gammaproteobacteria","Burkholderiales","Methylophilaceae","Methylophilus","uncultured bacterium"
"ASV1962","Bin57",0.000174482006543075,"Bacteria","Firmicutes","Clostridia","Clostridiales","Clostridiaceae","Clostridium sensu stricto 1","uncultured bacterium"
"ASV1963","Bin38",0.000174482006543075,"Bacteria","Planctomycetota","Planctomycetes","Pirellulales","Pirellulaceae","uncultured","uncultured bacterium"
"ASV1964","Bin31",0.000174482006543075,"Bacteria","Planctomycetota","Planctomycetes","Planctomycetales",NA,"uncultured","uncultured bacterium"
"ASV1965","Bin79",0.000174482006543075,"Bacteria","Proteobacteria","Alphaproteobacteria","Ferrovibrionales","Ferrovibrionaceae","Ferrovibrio","uncultured bacterium"
"ASV1966","Bin32",9.81461286804798e-05,"Bacteria","Planctomycetota","Planctomycetes","Planctomycetales","Rubinisphaeraceae","SH-PL14","uncultured bacterium"
"ASV1967","Bin9",0.000162337662337662,"Bacteria","Chloroflexi","Anaerolineae","Anaerolineales","Anaerolineaceae","Longilinea","uncultured bacterium"
"ASV1968","Bin76",0.000162337662337662,"Bacteria","Proteobacteria","Alphaproteobacteria","Reyranellales","Reyranellaceae","uncultured","uncultured bacterium"
"ASV1969","Bin4",0.000162337662337662,"Bacteria","Chloroflexi","Anaerolineae","SBR1031","A4b","uncultured","uncultured bacterium"
"ASV1970","Bin23",0.000162337662337662,"Bacteria","Bacteroidota","Bacteroidia","Sphingobacteriales","env.OPS 17","uncultured","uncultured bacterium"
"ASV1971","Bin53",0.000162337662337662,"Bacteria","Spirochaetota","Spirochaetia","Spirochaetales","Spirochaetaceae","uncultured","uncultured bacterium"
"ASV1972","Bin88",0.000162337662337662,"Bacteria","Proteobacteria","Alphaproteobacteria","Rhizobiales","Rhodomicrobiaceae","Rhodomicrobium","uncultured bacterium"
"ASV1973","Bin13",0.000162337662337662,"Bacteria","Desulfobacterota","Syntrophorhabdia","Syntrophorhabdales","Syntrophorhabdaceae","Syntrophorhabdus","uncultured bacterium"
"ASV1974","Bin77",0.000162337662337662,"Bacteria","Proteobacteria","Alphaproteobacteria","Dongiales","Dongiaceae","Dongia","uncultured bacterium"
"ASV1975","Bin91",0.000162337662337662,"Bacteria","Proteobacteria","Alphaproteobacteria","Rhizobiales","Pleomorphomonadaceae","Chthonobacter","uncultured bacterium"
"ASV1996","Bin35",0.000167433138366746,"Bacteria","Planctomycetota","Planctomycetes","Pirellulales","Pirellulaceae","Rhodopirellula","uncultured bacterium"
"ASV1997","Bin8",0.000167433138366746,"Bacteria","Chloroflexi","Anaerolineae","RBG-13-54-9",NA,"uncultured","uncultured bacterium"
"ASV1998","Bin72",0.000167433138366746,"Bacteria","Proteobacteria","Gammaproteobacteria","Xanthomonadales","Xanthomonadaceae","Pseudoxanthomonas","uncultured bacterium"
"ASV1999","Bin57",0.000167433138366746,"Bacteria","Firmicutes","Clostridia","Clostridiales","Clostridiaceae","Clostridium sensu stricto 1","uncultured bacterium"
"ASV2000","Bin106",0.000167433138366746,"Bacteria","Actinobacteriota","Acidimicrobiia","Microtrichales","Ilumatobacteraceae","CL500-29 marine group","uncultured bacterium"
"ASV2001","Bin31",0.000167433138366746,"Bacteria","Planctomycetota","Planctomycetes","Planctomycetales",NA,"uncultured","uncultured bacterium"
"ASV2002","Bin11",0.000167433138366746,"Bacteria","Chloroflexi","KD4-96",NA,NA,"uncultured","uncultured bacterium"
"ASV2003","Bin35",0.000167433138366746,"Bacteria","Planctomycetota","Planctomycetes","Pirellulales","Pirellulaceae","uncultured","uncultured bacterium"
"ASV2004","Bin82",0.000167433138366746,"Bacteria","Proteobacteria","Alphaproteobacteria","Rhizobiales","Rhizobiaceae","Allorhizobium-Neorhizobium-Pararhizobium-Rhizobium","uncultured bacterium"
"ASV2005","Bin7",0.000167433138366746,"Bacteria","Chloroflexi","Chloroflexia","Thermomicrobiales","JG30-KF-CM45","uncultured","uncultured bacterium"
"ASV2006","Bin81",0.000167433138366746,"Bacteria","Proteobacteria","Alphaproteobacteria","Rhodobacterales","Rhodobacteraceae","Oceanicella","uncultured bacterium"
"ASV2007","Bin39",0.000167433138366746,"Bacteria","Planctomycetota","Planctomycetes","Gemmatales","Gemmataceae","uncultured","uncultured bacterium"
"ASV2008","Bin52",0.000167433138366746,"Bacteria","Patescibacteria","Saccharimonadia","Saccharimonadales",NA,"uncultured","uncultured bacterium"
"ASV2009","Bin45",0.000167433138366746,"Bacteria","Acidobacteriota","Vicinamibacteria","Vicinamibacterales","Vicinamibacteraceae","uncultured","uncultured bacterium"
"ASV2010","Bin36",0.000167433138366746,"Bacteria","Planctomycetota","Planctomycetes","Pirellulales","Pirellulaceae","Pir4 lineage","uncultured bacterium"
"ASV2011","Bin5",0.000167433138366746,"Bacteria","Chloroflexi","Anaerolineae","SBR1031",NA,"uncultured","uncultured bacterium"
"ASV2012","Bin106",0.000167433138366746,"Bacteria","Actinobacteriota","Acidimicrobiia","Microtrichales","Iamiaceae","Iamia","uncultured bacterium"
"ASV2013","Bin79",0.000167433138366746,"Bacteria","Proteobacteria","Alphaproteobacteria","Tistrellales","Geminicoccaceae","Candidatus Alysiosphaera","uncultured bacterium"
"ASV2014","Bin12",0.000160443885396582,"Bacteria","Armatimonadota","Fimbriimonadia","Fimbriimonadales","Fimbriimonadaceae","uncultured","uncultured bacterium"
"ASV2015","Bin41",0.000158696572154041,"Bacteria","Planctomycetota","Phycisphaerae","Tepidisphaerales","WD2101 soil group","uncultured","uncultured bacterium"
"ASV2016","Bin49",0.000158696572154041,"Archaea","Crenarchaeota","Nitrososphaeria","Nitrososphaerales","Nitrososphaeraceae","uncultured","uncultured bacterium"
"ASV2017","Bin24",0.000158696572154041,"Bacteria","Bacteroidota","Bacteroidia","Chitinophagales","Chitinophagaceae","Terrimonas","uncultured bacterium"
"ASV2018","Bin3",0.000158696572154041,"Bacteria","Chloroflexi","Anaerolineae","SBR1031","A4b","uncultured","uncultured bacterium"
"ASV2019","Bin74",0.000158696572154041,"Bacteria","Desulfobacterota","Desulfovibrionia","Desulfovibrionales","Desulfomicrobiaceae","Desulfomicrobium","uncultured bacterium"
"ASV2020","Bin101",0.000158696572154041,"Bacteria","Myxococcota","bacteriap25",NA,NA,"uncultured","uncultured bacterium"
"ASV2021","Bin15",0.000158696572154041,"Bacteria","Bacteroidota","Ignavibacteria","Ignavibacteriales","Ignavibacteriaceae","Ignavibacterium","uncultured bacterium"
"ASV2022","Bin8",0.000158696572154041,"Bacteria","Chloroflexi","Anaerolineae","Anaerolineales","Anaerolineaceae","uncultured","uncultured bacterium"
"ASV2023","Bin107",0.000158696572154041,"Bacteria","Actinobacteriota","Actinobacteria","Micromonosporales","Micromonosporaceae","Actinoplanes","uncultured bacterium"
"ASV2024","Bin103",0.000158696572154041,"Bacteria","Verrucomicrobiota","Verrucomicrobiae","Pedosphaerales","Pedosphaeraceae","uncultured","uncultured bacterium"
"ASV2025","Bin98",0.000158696572154041,"Bacteria","Desulfobacterota","Desulfomonilia","Desulfomonilales","Desulfomonilaceae","Desulfomonile","uncultured bacterium"
"ASV2026","Bin37",0.000158696572154041,"Bacteria","Planctomycetota","Planctomycetes","Pirellulales","Pirellulaceae","Pir4 lineage","uncultured bacterium"
"ASV2027","Bin4",0.000159997987882066,"Bacteria","Chloroflexi","Anaerolineae","SBR1031","A4b","uncultured","uncultured bacterium"
"ASV2028","Bin23",0.000163576881134133,"Bacteria","Bacteroidota","Bacteroidia","Sphingobacteriales","NS11-12 marine group","uncultured","uncultured bacterium"
"ASV2029","Bin95",0.000163576881134133,"Bacteria","Proteobacteria","Alphaproteobacteria","Micavibrionales",NA,"uncultured","uncultured bacterium"
"ASV2030","Bin68",0.000163576881134133,"Bacteria","Proteobacteria","Gammaproteobacteria","Burkholderiales","Comamonadaceae","Piscinibacter","uncultured bacterium"
"ASV2031","Bin107",0.000163576881134133,"Bacteria","Actinobacteriota","Actinobacteria","Corynebacteriales","Nocardiaceae","Rhodococcus","uncultured bacterium"
"ASV2032","Bin70",0.000163576881134133,"Bacteria","Proteobacteria","Gammaproteobacteria","Burkholderiales","Comamonadaceae","uncultured","uncultured bacterium"
"ASV2033","Bin94",0.000163576881134133,"Bacteria","Proteobacteria","Alphaproteobacteria","Micropepsales","Micropepsaceae","uncultured","uncultured bacterium"
"ASV2034","Bin18",0.000163576881134133,"Bacteria","Bacteroidota","Bacteroidia","Bacteroidales","Prolixibacteraceae","Meniscus","uncultured bacterium"
"ASV2035","Bin54",0.000163576881134133,"Bacteria","Cloacimonadota","Cloacimonadia","Cloacimonadales","Cloacimonadaceae","LNR A2-18","uncultured bacterium"
"ASV2036","Bin57",0.000163576881134133,"Bacteria","Firmicutes","Clostridia","Clostridiales","Clostridiaceae","Proteiniclasticum","uncultured bacterium"
"ASV2037","Bin66",0.000163576881134133,"Bacteria","Proteobacteria","Gammaproteobacteria","Burkholderiales","Methylophilaceae","Methylotenera","uncultured bacterium"
"ASV2038","Bin73",0.000163576881134133,"Bacteria","Proteobacteria","Gammaproteobacteria","Legionellales","Legionellaceae","Legionella","uncultured bacterium"
"ASV2039","Bin82",0.000163576881134133,"Bacteria","Proteobacteria","Alphaproteobacteria","Rhizobiales","Rhizobiaceae","Shinella","uncultured bacterium"
"ASV2040","Bin72",0.000163576881134133,"Bacteria","Proteobacteria","Gammaproteobacteria","Xanthomonadales","Rhodanobacteraceae","uncultured","uncultured bacterium"
"ASV2041","Bin54",0.000163576881134133,"Bacteria","Spirochaetota","Spirochaetia","Spirochaetales","Spirochaetaceae","Treponema","uncultured bacterium"
"ASV2042","Bin39",0.000163576881134133,"Bacteria","Planctomycetota","Planctomycetes","Gemmatales","Gemmataceae","Fimbriiglobus","uncultured bacterium"
"ASV2043","Bin7",0.000163576881134133,"Bacteria","Armatimonadota",NA,NA,NA,"uncultured","uncultured bacterium"
"ASV2044","Bin5",0.000163576881134133,"Bacteria","Chloroflexi","Anaerolineae","SBR1031",NA,"uncultured","uncultured bacterium"
"ASV2045","Bin71",5.4525627044711e-05,"Bacteria","Proteobacteria","Gammaproteobacteria","Burkholderiales","Comamonadaceae","Acidovorax","uncultured bacterium"
"ASV2046","Bin25",0.000152191558441558,"Bacteria","Bacteroidota","Bacteroidia","Chitinophagales","Chitinophagaceae","Terrimonas","uncultured bacterium"
"ASV2047","Bin40",0.000152191558441558,"Bacteria","Planctomycetota","Planctomycetes","Gemmatales","Gemmataceae","uncultured","uncultured bacterium"
"ASV2048","Bin30",0.000152191558441558,"Bacteria","Acidobacteriota","Thermoanaerobaculia","Thermoanaerobaculales","Thermoanaerobaculaceae","Subgroup 10","uncultured bacterium"
"ASV2049","Bin49",0.000152191558441558,"Archaea","Crenarchaeota","Bathyarchaeia",NA,NA,"uncultured","uncultured bacterium"
"ASV2050","Bin29",0.000152191558441558,"Bacteria","Bacteroidota","Bacteroidia","Bacteroidales","Paludibacteraceae","Paludibacter","uncultured bacterium"
"ASV2051","Bin3",0.000152191558441558,"Bacteria","Chloroflexi","Anaerolineae","SBR1031","A4b","uncultured","uncultured bacterium"
"ASV2052","Bin82",0.000152191558441558,"Bacteria","Proteobacteria","Alphaproteobacteria","Rhizobiales","Rhizobiaceae","Allorhizobium-Neorhizobium-Pararhizobium-Rhizobium","uncultured bacterium"
"ASV2053","Bin66",0.000152191558441558,"Bacteria","Proteobacteria","Gammaproteobacteria","Burkholderiales","Methylophilaceae","MM1","uncultured bacterium"
"ASV2054","Bin82",0.000152191558441558,"Bacteria","Proteobacteria","Alphaproteobacteria","Rhizobiales","Rhizobiaceae","Allorhizobium-Neorhizobium-Pararhizobium-Rhizobium","uncultured bacterium"
"ASV2055","Bin76",0.000152191558441558,"Bacteria","Proteobacteria","Alphaproteobacteria",NA,NA,"uncultured","uncultured bacterium"
"ASV2056","Bin93",0.000152191558441558,"Bacteria","Proteobacteria","Alphaproteobacteria","Rhizobiales","Rhizobiales Incertae Sedis","uncultured","uncultured bacterium"
"ASV2057","Bin108",0.000152191558441558,"Bacteria","Actinobacteriota","Actinobacteria","PeM15",NA,"uncultured","uncultured bacterium"
"ASV2058","Bin81",7.10227272727273e-05,"Bacteria","Proteobacteria","Alphaproteobacteria","Rhodobacterales","Rhodobacteraceae","Rhodobacter","uncultured bacterium"
"ASV2091","Bin63",0.000156270929142296,"Bacteria","Proteobacteria","Gammaproteobacteria","Burkholderiales","Nitrosomonadaceae","MND1","uncultured bacterium"
"ASV2092","Bin21",0.000156270929142296,"Bacteria","Bacteroidota","Bacteroidia","Flavobacteriales","NS9 marine group","uncultured","uncultured bacterium"
"ASV2093","Bin86",0.000156270929142296,"Bacteria","Proteobacteria","Alphaproteobacteria","Rhizobiales","Rhizobiaceae","Mesorhizobium","uncultured bacterium"
"ASV2094","Bin2",0.000156270929142296,"Bacteria","Chloroflexi","Anaerolineae","SBR1031","A4b","uncultured","uncultured bacterium"
"ASV2095","Bin71",0.000156270929142296,"Bacteria","Proteobacteria","Gammaproteobacteria","Burkholderiales","Comamonadaceae","Hydrogenophaga","uncultured bacterium"
"ASV2096","Bin37",0.000156270929142296,"Bacteria","Planctomycetota","Planctomycetes","Pirellulales","Pirellulaceae","Pir4 lineage","uncultured bacterium"
"ASV2097","Bin35",0.000156270929142296,"Bacteria","Planctomycetota","Planctomycetes","Pirellulales","Pirellulaceae","Blastopirellula","uncultured bacterium"
"ASV2098","Bin99",0.000156270929142296,"Bacteria","Myxococcota","Myxococcia","Myxococcales","Myxococcaceae","uncultured","uncultured bacterium"
"ASV2099","Bin105",0.000156270929142296,"Bacteria","Actinobacteriota","Thermoleophilia","Gaiellales","Gaiellaceae","Gaiella","uncultured bacterium"
"ASV2100","Bin7",0.000156270929142296,"Bacteria","Chloroflexi","JG30-KF-CM66",NA,NA,"uncultured","uncultured bacterium"
"ASV2101","Bin32",0.000156270929142296,"Bacteria","Planctomycetota","Planctomycetes","Planctomycetales","Rubinisphaeraceae","SH-PL14","uncultured bacterium"
"ASV2102","Bin102",0.000156270929142296,"Bacteria","Bdellovibrionota","Oligoflexia","0319-6G20",NA,"uncultured","uncultured bacterium"
"ASV2103","Bin28",0.000156270929142296,"Bacteria","Bacteroidota","Bacteroidia","Chitinophagales","Saprospiraceae","uncultured","uncultured bacterium"
"ASV2104","Bin8",0.000156270929142296,"Bacteria","Chloroflexi","Anaerolineae","SJA-15",NA,"uncultured","uncultured bacterium"
"ASV2105","Bin40",0.000156270929142296,"Bacteria","Planctomycetota","OM190",NA,NA,"uncultured","uncultured bacterium"
"ASV2106","Bin40",0.000156270929142296,"Bacteria","Planctomycetota","OM190",NA,NA,"uncultured","uncultured bacterium"
"ASV2107","Bin102",0.000156270929142296,"Bacteria","Bdellovibrionota","Oligoflexia","0319-6G20",NA,"uncultured","uncultured bacterium"
"ASV2108","Bin107",0.000156270929142296,"Bacteria","Actinobacteriota","Actinobacteria","Pseudonocardiales","Pseudonocardiaceae","Lechevalieria","uncultured bacterium"
"ASV2109","Bin31",0.000156270929142296,"Bacteria","Planctomycetota","Planctomycetes","Planctomycetales",NA,"uncultured","uncultured bacterium"
"ASV2110","Bin89",0.000152776302657214,"Bacteria","Proteobacteria","Alphaproteobacteria","Rhizobiales","Pleomorphomonadaceae","Prosthecomicrobium","uncultured bacterium"
"ASV2111","Bin103",0.000148116800677105,"Bacteria","Verrucomicrobiota","Verrucomicrobiae","Chthoniobacterales","Xiphinematobacteraceae","Candidatus Xiphinematobacter","uncultured bacterium"
"ASV2112","Bin74",0.000148116800677105,"Bacteria","Desulfobacterota","Desulfovibrionia","Desulfovibrionales","Desulfovibrionaceae","Desulfovibrio","uncultured bacterium"
"ASV2113","Bin91",0.000148116800677105,"Bacteria","Proteobacteria","Alphaproteobacteria","Rhizobiales","D05-2","uncultured","uncultured bacterium"
"ASV2114","Bin76",0.000148116800677105,"Bacteria","Proteobacteria","Alphaproteobacteria","Reyranellales","Reyranellaceae","Reyranella","uncultured bacterium"
"ASV2115","Bin87",0.000148116800677105,"Bacteria","Proteobacteria","Alphaproteobacteria","Rhizobiales","Devosiaceae","uncultured","uncultured bacterium"
"ASV2116","Bin80",0.000148116800677105,"Bacteria","Proteobacteria","Alphaproteobacteria","Caulobacterales","Hyphomonadaceae","SWB02","uncultured bacterium"
"ASV2117","Bin5",0.000148116800677105,"Bacteria","Chloroflexi","Anaerolineae","SBR1031",NA,"uncultured","uncultured bacterium"
"ASV2118","Bin49",0.000148116800677105,"Archaea","Crenarchaeota","Nitrososphaeria","Nitrososphaerales","Nitrososphaeraceae","Candidatus Nitrocosmicus","uncultured bacterium"
"ASV2119","Bin8",0.000148116800677105,"Bacteria","Chloroflexi","Anaerolineae","RBG-13-54-9",NA,"uncultured","uncultured bacterium"
"ASV2120","Bin95",0.000148116800677105,"Bacteria","Proteobacteria","Alphaproteobacteria","Micavibrionales",NA,"uncultured","uncultured bacterium"
"ASV2121","Bin67",0.000148116800677105,"Bacteria","Proteobacteria","Gammaproteobacteria","Burkholderiales","Sutterellaceae","uncultured","uncultured bacterium"
"ASV2122","Bin40",0.000148116800677105,"Bacteria","Planctomycetota","OM190",NA,NA,"uncultured","uncultured bacterium"
"ASV2123","Bin41",0.000148116800677105,"Bacteria","Planctomycetota","Phycisphaerae","Tepidisphaerales","Tepidisphaeraceae","uncultured","uncultured bacterium"
"ASV2124","Bin34",0.000148116800677105,"Bacteria","Planctomycetota","Planctomycetes","Pirellulales","Pirellulaceae","uncultured","uncultured bacterium"
"ASV2125","Bin22",0.000148116800677105,"Bacteria","Bacteroidota","Bacteroidia","Sphingobacteriales","Lentimicrobiaceae","uncultured","uncultured bacterium"
"ASV2126","Bin12",0.000148116800677105,"Bacteria","Firmicutes","Negativicutes",NA,NA,"uncultured","uncultured bacterium"
"ASV2127","Bin12",0.000148116800677105,"Bacteria","Abditibacteriota","Abditibacteria","Abditibacteriales","Abditibacteriaceae","Abditibacterium","uncultured bacterium"
"ASV2128","Bin108",0.000148116800677105,"Bacteria","Actinobacteriota","Actinobacteria",NA,NA,"uncultured","uncultured bacterium"
"ASV2129","Bin37",0.000148116800677105,"Bacteria","Planctomycetota","Planctomycetes","Pirellulales","Pirellulaceae","Pir4 lineage","uncultured bacterium"
"ASV2130","Bin36",0.000148116800677105,"Bacteria","Planctomycetota","Planctomycetes","Pirellulales","Pirellulaceae","Pir4 lineage","uncultured bacterium"
"ASV2131","Bin86",0.000148116800677105,"Bacteria","Proteobacteria","Alphaproteobacteria","Rhizobiales","Rhizobiaceae","Mesorhizobium","uncultured bacterium"
"ASV2132","Bin75",0.000148116800677105,"Bacteria","SAR324 clade(Marine group B)",NA,NA,NA,"uncultured","uncultured bacterium"
"ASV2133","Bin94",0.000148116800677105,"Bacteria","Proteobacteria","Alphaproteobacteria","Caulobacterales","Caulobacteraceae","uncultured","uncultured bacterium"
"ASV2134","Bin81",0.000148116800677105,"Bacteria","Proteobacteria","Alphaproteobacteria","Rhodobacterales","Rhodobacteraceae","Defluviimonas","uncultured bacterium"
"ASV2135","Bin57",0.000148116800677105,"Bacteria","Firmicutes","Clostridia","Christensenellales","Christensenellaceae","uncultured","uncultured bacterium"
"ASV2136","Bin73",0.000151370339997166,"Bacteria","Proteobacteria","Gammaproteobacteria","Beggiatoales","Beggiatoaceae","Candidatus Allobeggiatoa","uncultured bacterium"
"ASV2137","Bin54",0.000152671755725191,"Bacteria","Spirochaetota","Spirochaetia","Spirochaetales","Spirochaetaceae","Salinispira","uncultured bacterium"
"ASV2138","Bin12",0.000152671755725191,"Bacteria","FCPU426",NA,NA,NA,"uncultured","uncultured bacterium"
"ASV2139","Bin3",0.000152671755725191,"Bacteria","Chloroflexi","Anaerolineae","SBR1031","A4b","OLB13","uncultured bacterium"
"ASV2140","Bin82",0.000152671755725191,"Bacteria","Proteobacteria","Alphaproteobacteria","Rhizobiales","Rhizobiaceae","uncultured","uncultured bacterium"
"ASV2141","Bin31",0.000152671755725191,"Bacteria","Planctomycetota","Planctomycetes","Planctomycetales","Gimesiaceae","uncultured","uncultured bacterium"
"ASV2142","Bin12",0.000152671755725191,"Bacteria","Armatimonadota","Fimbriimonadia","Fimbriimonadales","Fimbriimonadaceae","uncultured","uncultured bacterium"
"ASV2143","Bin7",0.000152671755725191,"Bacteria","Chloroflexi","Anaerolineae","Caldilineales","Caldilineaceae","uncultured","uncultured bacterium"
"ASV2144","Bin61",0.000152671755725191,"Bacteria","Dependentiae","Babeliae","Babeliales",NA,"uncultured","uncultured bacterium"
"ASV2145","Bin18",0.000152671755725191,"Bacteria","Bacteroidota","Bacteroidia","Bacteroidales","Prolixibacteraceae","Roseimarinus","uncultured bacterium"
"ASV2146","Bin62",0.000152671755725191,"Bacteria","Proteobacteria","Gammaproteobacteria","Burkholderiales","Hydrogenophilaceae","uncultured","uncultured bacterium"
"ASV2147","Bin33",0.000152671755725191,"Bacteria","Planctomycetota","Planctomycetes","Pirellulales","Pirellulaceae","uncultured","uncultured bacterium"
"ASV2148","Bin91",0.000152671755725191,"Bacteria","Proteobacteria","Alphaproteobacteria","Rhizobiales","Pleomorphomonadaceae","Pleomorphomonas","uncultured bacterium"
"ASV2149","Bin15",0.000152671755725191,"Bacteria","Bacteroidota","Ignavibacteria","Ignavibacteriales",NA,"uncultured","uncultured bacterium"
"ASV2150","Bin94",0.000152671755725191,"Bacteria","Proteobacteria","Alphaproteobacteria","Caulobacterales","Caulobacteraceae","Phenylobacterium","uncultured bacterium"
"ASV2151","Bin11",0.000152671755725191,"Bacteria","Elusimicrobiota","Lineage IIb",NA,NA,"uncultured","uncultured bacterium"
"ASV2152","Bin15",0.000152671755725191,"Bacteria","Bacteroidota","Ignavibacteria","Ignavibacteriales","BSV40","uncultured","uncultured bacterium"
"ASV2153","Bin19",0.000152671755725191,"Bacteria","Bacteroidota","Bacteroidia","Bacteroidales","Bacteroidetes BD2-2","uncultured","uncultured bacterium"
"ASV2154","Bin95",0.000152671755725191,"Bacteria","Proteobacteria","Alphaproteobacteria","Rhodospirillales",NA,"uncultured","uncultured bacterium"
"ASV2155","Bin54",0.000152671755725191,"Bacteria","Spirochaetota","Spirochaetia","Spirochaetales","Spirochaetaceae","Treponema","uncultured bacterium"
"ASV2156","Bin71",0.000152671755725191,"Bacteria","Proteobacteria","Gammaproteobacteria","Burkholderiales","Comamonadaceae","Curvibacter","uncultured bacterium"
"ASV2157","Bin18",0.000152671755725191,"Bacteria","Bacteroidota","Bacteroidia","Bacteroidales","Prolixibacteraceae","Roseimarinus","uncultured bacterium"
"ASV2158","Bin98",0.000152671755725191,"Bacteria","Desulfobacterota","Desulfuromonadia","Geobacterales","Geobacteraceae","uncultured","uncultured bacterium"
"ASV2159","Bin8",0.000152671755725191,"Bacteria","Chloroflexi","Anaerolineae","SJA-15",NA,"uncultured","uncultured bacterium"
"ASV2160","Bin38",0.000152671755725191,"Bacteria","Planctomycetota","Planctomycetes","Pirellulales","Pirellulaceae","uncultured","uncultured bacterium"
"ASV2161","Bin89",0.000152671755725191,"Bacteria","Proteobacteria","Alphaproteobacteria","Rhizobiales","Amb-16S-1323","uncultured","uncultured bacterium"
"ASV2162","Bin26",0.000152671755725191,"Bacteria","Bacteroidota","Bacteroidia","Chitinophagales","Chitinophagaceae","Niastella","uncultured bacterium"
"ASV2163","Bin65",0.000152671755725191,"Bacteria","Proteobacteria","Gammaproteobacteria","Burkholderiales","Rhodocyclaceae","Thauera","uncultured bacterium"
"ASV2164","Bin94",0.000152671755725191,"Bacteria","Proteobacteria","Alphaproteobacteria","Caulobacterales","Caulobacteraceae","Phenylobacterium","uncultured bacterium"
"ASV2165","Bin77",0.000152671755725191,"Bacteria","Proteobacteria","Alphaproteobacteria","Azospirillales","Azospirillaceae","Azospirillum","uncultured bacterium"
"ASV2166","Bin5",0.000152671755725191,"Bacteria","Chloroflexi","Anaerolineae","SBR1031",NA,"uncultured","uncultured bacterium"
"ASV2167","Bin42",0.000152671755725191,"Bacteria","Planctomycetota","vadinHA49",NA,NA,"uncultured","uncultured bacterium"
"ASV2168","Bin47",0.000142045454545455,"Bacteria","Acidobacteriota","Blastocatellia","DS-100",NA,"uncultured","uncultured bacterium"
"ASV2169","Bin82",0.000142045454545455,"Bacteria","Proteobacteria","Alphaproteobacteria","Rhizobiales","Rhizobiaceae","Allorhizobium-Neorhizobium-Pararhizobium-Rhizobium","uncultured bacterium"
"ASV2170","Bin84",0.000142045454545455,"Bacteria","Proteobacteria","Alphaproteobacteria","Sphingomonadales","Sphingomonadaceae","Altererythrobacter","uncultured bacterium"
"ASV2171","Bin16",0.000142045454545455,"Bacteria","Bacteroidota","Bacteroidia","Cytophagales","Microscillaceae","uncultured","uncultured bacterium"
"ASV2172","Bin78",0.000142045454545455,"Bacteria","Proteobacteria","Alphaproteobacteria","Defluviicoccales","Defluviicoccaceae","Defluviicoccus","uncultured bacterium"
"ASV2173","Bin97",0.000142045454545455,"Bacteria","Proteobacteria",NA,NA,NA,"uncultured","uncultured bacterium"
"ASV2174","Bin27",0.000142045454545455,"Bacteria","Bacteroidota","Bacteroidia","Chitinophagales","Chitinophagaceae","Aurantisolimonas","uncultured bacterium"
"ASV2175","Bin66",0.000142045454545455,"Bacteria","Proteobacteria","Gammaproteobacteria","Burkholderiales","Leeiaceae","Leeia","uncultured bacterium"
"ASV2208","Bin24",0.000145108719917846,"Bacteria","Bacteroidota","Bacteroidia","Chitinophagales","37-13","uncultured","uncultured bacterium"
"ASV2209","Bin17",0.000145108719917846,"Bacteria","Bacteroidota","Bacteroidia","Cytophagales","Spirosomaceae","Emticicia","uncultured bacterium"
"ASV2210","Bin91",0.000145108719917846,"Bacteria","Proteobacteria","Alphaproteobacteria","Rhizobiales","Pleomorphomonadaceae","Pleomorphomonas","uncultured bacterium"
"ASV2211","Bin66",0.000145108719917846,"Bacteria","Proteobacteria","Gammaproteobacteria","Burkholderiales","TRA3-20","uncultured","uncultured bacterium"
"ASV2212","Bin19",0.000145108719917846,"Bacteria","Bacteroidota","OC31",NA,NA,"uncultured","uncultured bacterium"
"ASV2213","Bin94",0.000145108719917846,"Bacteria","Proteobacteria","Alphaproteobacteria","Caulobacterales","Caulobacteraceae","Phenylobacterium","uncultured bacterium"
"ASV2214","Bin58",0.000145108719917846,"Bacteria","Firmicutes","Clostridia","Oscillospirales","Hungateiclostridiaceae","HN-HF0106","uncultured bacterium"
"ASV2215","Bin38",0.000145108719917846,"Bacteria","Planctomycetota","Planctomycetes","Pirellulales","Pirellulaceae","Pirellula","uncultured bacterium"
"ASV2216","Bin103",0.000145108719917846,"Bacteria","Verrucomicrobiota","Verrucomicrobiae","Pedosphaerales","Pedosphaeraceae","uncultured","uncultured bacterium"
"ASV2217","Bin23",0.000145108719917846,"Bacteria","Bacteroidota","Bacteroidia","Sphingobacteriales","env.OPS 17","uncultured","uncultured bacterium"
"ASV2218","Bin97",0.000145108719917846,"Bacteria","Proteobacteria","Alphaproteobacteria","Paracaedibacterales","Paracaedibacteraceae","Candidatus Captivus","uncultured bacterium"
"ASV2219","Bin106",0.000145108719917846,"Bacteria","Actinobacteriota","Acidimicrobiia","Microtrichales","Ilumatobacteraceae","uncultured","uncultured bacterium"
"ASV2220","Bin104",0.000145108719917846,"Bacteria","Actinobacteriota","Thermoleophilia","Solirubrobacterales","67-14","uncultured","uncultured bacterium"
"ASV2221","Bin49",0.000145108719917846,"Archaea","Crenarchaeota","Nitrososphaeria","Nitrososphaerales","Nitrososphaeraceae","uncultured","uncultured bacterium"
"ASV2222","Bin76",0.000145108719917846,"Bacteria","Proteobacteria","Alphaproteobacteria","Elsterales",NA,"uncultured","uncultured bacterium"
"ASV2223","Bin47",0.000145108719917846,"Bacteria","Acidobacteriota","Blastocatellia","DS-100",NA,"uncultured","uncultured bacterium"
"ASV2224","Bin16",0.000145108719917846,"Bacteria","Bacteroidota","Bacteroidia","Cytophagales","Microscillaceae","uncultured","uncultured bacterium"
"ASV2225","Bin41",0.000141614093432765,"Bacteria","Planctomycetota","Phycisphaerae","Phycisphaerales","Phycisphaeraceae","AKYG587","uncultured bacterium"
"ASV2226","Bin24",6.69732553466982e-05,"Bacteria","Bacteroidota","Bacteroidia","Chitinophagales",NA,"uncultured","uncultured bacterium"
"ASV2227","Bin103",0.000137537029200169,"Bacteria","Verrucomicrobiota","Verrucomicrobiae","Pedosphaerales","Pedosphaeraceae","uncultured","uncultured bacterium"
"ASV2228","Bin99",0.000137537029200169,"Bacteria","Myxococcota","Myxococcia","Myxococcales","Myxococcaceae","uncultured","uncultured bacterium"
"ASV2229","Bin99",0.000137537029200169,"Bacteria","Myxococcota","Polyangia","Polyangiales","BIrii41","uncultured","uncultured bacterium"
"ASV2230","Bin45",0.000137537029200169,"Bacteria","Acidobacteriota","Vicinamibacteria","Subgroup 17",NA,"uncultured","uncultured bacterium"
"ASV2231","Bin24",0.000137537029200169,"Bacteria","Bacteroidota","Bacteroidia","Chitinophagales","Chitinophagaceae","Terrimonas","uncultured bacterium"
"ASV2232","Bin96",0.000137537029200169,"Bacteria","Proteobacteria","Alphaproteobacteria",NA,NA,"uncultured","uncultured bacterium"
"ASV2233","Bin36",0.000137537029200169,"Bacteria","Planctomycetota","Planctomycetes","Pirellulales","Pirellulaceae","Pir4 lineage","uncultured bacterium"
"ASV2234","Bin36",0.000137537029200169,"Bacteria","Planctomycetota","Planctomycetes","Pirellulales","Pirellulaceae","Pir4 lineage","uncultured bacterium"
"ASV2235","Bin87",0.000137537029200169,"Bacteria","Proteobacteria","Alphaproteobacteria","Rhizobiales","Devosiaceae","Devosia","uncultured bacterium"
"ASV2236","Bin37",0.000137537029200169,"Bacteria","Planctomycetota","Planctomycetes","Pirellulales","Pirellulaceae","Pir4 lineage","uncultured bacterium"
"ASV2237","Bin30",0.000137537029200169,"Bacteria","Acidobacteriota","Thermoanaerobaculia","Thermoanaerobaculales","Thermoanaerobaculaceae","Subgroup 10","uncultured bacterium"
"ASV2238","Bin87",0.000137537029200169,"Bacteria","Proteobacteria","Alphaproteobacteria","Rhizobiales","Devosiaceae","Devosia","uncultured bacterium"
"ASV2239","Bin81",0.000137537029200169,"Bacteria","Proteobacteria","Alphaproteobacteria","Rhodobacterales","Rhodobacteraceae","Defluviimonas","uncultured bacterium"
"ASV2240","Bin89",0.000137537029200169,"Bacteria","Proteobacteria","Alphaproteobacteria","Rhizobiales","Rhizobiales Incertae Sedis","Bauldia","uncultured bacterium"
"ASV2241","Bin83",0.000137537029200169,"Bacteria","Proteobacteria","Alphaproteobacteria","Sphingomonadales","Sphingomonadaceae","Ellin6055","uncultured bacterium"
"ASV2242","Bin76",0.000137537029200169,"Bacteria","Proteobacteria","Alphaproteobacteria","Acetobacterales","Acetobacteraceae","uncultured","uncultured bacterium"
"ASV2243","Bin104",0.000137537029200169,"Bacteria","Actinobacteriota","Thermoleophilia","Solirubrobacterales","67-14","uncultured","uncultured bacterium"
"ASV2244","Bin108",0.000137537029200169,"Bacteria","Actinobacteriota","Actinobacteria","Kineosporiales","Kineosporiaceae","uncultured","uncultured bacterium"
"ASV2245","Bin102",0.000137537029200169,"Bacteria","Bdellovibrionota","Oligoflexia","0319-6G20",NA,"uncultured","uncultured bacterium"
"ASV2246","Bin102",0.000137537029200169,"Bacteria","Dadabacteria","Dadabacteriia","Dadabacteriales",NA,"uncultured","uncultured bacterium"
"ASV2247","Bin7",0.000137537029200169,"Bacteria","Chloroflexi","TK10",NA,NA,"uncultured","uncultured bacterium"
"ASV2248","Bin34",0.000137537029200169,"Bacteria","Planctomycetota","Planctomycetes","Pirellulales","Pirellulaceae","uncultured","uncultured bacterium"
"ASV2249","Bin61",0.000137537029200169,"Bacteria","Proteobacteria","Gammaproteobacteria","Ga0077536",NA,"uncultured","uncultured bacterium"
"ASV2250","Bin22",0.000135368691296008,"Bacteria","Bacteroidota","Bacteroidia","Bacteroidales","M2PB4-65 termite group","uncultured","uncultured bacterium"
"ASV2251","Bin67",0.000141766630316249,"Bacteria","Proteobacteria","Gammaproteobacteria","Burkholderiales","Oxalobacteraceae","uncultured","uncultured bacterium"
"ASV2252","Bin3",0.000141766630316249,"Bacteria","Chloroflexi","Anaerolineae","SBR1031","A4b","uncultured","uncultured bacterium"
"ASV2253","Bin39",0.000141766630316249,"Bacteria","Planctomycetota","Planctomycetes","Gemmatales","Gemmataceae","Fimbriiglobus","uncultured bacterium"
"ASV2254","Bin19",0.000141766630316249,"Bacteria","Bacteroidota","Bacteroidia","Bacteroidales","Bacteroidetes BD2-2","uncultured","uncultured bacterium"
"ASV2255","Bin100",0.000141766630316249,"Bacteria","Myxococcota","Polyangia","Haliangiales","Haliangiaceae","Haliangium","uncultured bacterium"
"ASV2256","Bin97",0.000141766630316249,"Bacteria","Proteobacteria","Alphaproteobacteria","Rickettsiales",NA,"uncultured","uncultured bacterium"
"ASV2257","Bin45",0.000141766630316249,"Bacteria","Acidobacteriota","Vicinamibacteria","Subgroup 17",NA,"uncultured","uncultured bacterium"
"ASV2258","Bin48",0.000141766630316249,"Bacteria","Cyanobacteria","Vampirivibrionia","Vampirovibrionales",NA,"uncultured","uncultured bacterium"
"ASV2259","Bin57",0.000141766630316249,"Bacteria","Firmicutes","Clostridia","Clostridiales","Clostridiaceae","Clostridium sensu stricto 13","uncultured bacterium"
"ASV2260","Bin56",0.000141766630316249,"Bacteria","Firmicutes","Bacilli","Bacillales","Bacillaceae","Bacillus","uncultured bacterium"
"ASV2261","Bin12",0.000141766630316249,"Bacteria","Firmicutes",NA,NA,NA,"uncultured","uncultured bacterium"
"ASV2262","Bin14",0.000141766630316249,"Bacteria","Bacteroidota","Ignavibacteria","SJA-28",NA,"uncultured","uncultured bacterium"
"ASV2263","Bin18",0.000141766630316249,"Bacteria","Bacteroidota","Bacteroidia","Bacteroidales","Prolixibacteraceae","uncultured","uncultured bacterium"
"ASV2264","Bin29",0.000141766630316249,"Bacteria","Bacteroidota","Bacteroidia","Bacteroidales","Paludibacteraceae","Paludibacter","uncultured bacterium"
"ASV2265","Bin103",0.000141766630316249,"Bacteria","Verrucomicrobiota","Verrucomicrobiae","Pedosphaerales","Pedosphaeraceae","uncultured","uncultured bacterium"
"ASV2266","Bin28",0.000141766630316249,"Bacteria","Bacteroidota","Bacteroidia","Chitinophagales","Saprospiraceae","uncultured","uncultured bacterium"
"ASV2267","Bin49",0.000141766630316249,"Bacteria","Margulisbacteria",NA,NA,NA,"uncultured","uncultured bacterium"
"ASV2268","Bin43",0.000141766630316249,"Bacteria","Acidobacteriota","Acidobacteriae","GOUTB8",NA,"uncultured","uncultured bacterium"
"ASV2269","Bin8",0.000141766630316249,"Bacteria","Chloroflexi","Anaerolineae","Anaerolineales","Anaerolineaceae","uncultured","uncultured bacterium"
"ASV2270","Bin67",0.000141766630316249,"Bacteria","Proteobacteria","Gammaproteobacteria","Burkholderiales","Oxalobacteraceae","uncultured","uncultured bacterium"
"ASV2271","Bin65",0.000141766630316249,"Bacteria","Proteobacteria","Gammaproteobacteria","Burkholderiales","Rhodocyclaceae","Sulfuritalea","uncultured bacterium"
"ASV2272","Bin10",0.000141766630316249,"Bacteria","Chloroflexi","Anaerolineae","Anaerolineales","Anaerolineaceae","UTCFX1","uncultured bacterium"
"ASV2273","Bin94",0.000131899350649351,"Bacteria","Proteobacteria","Alphaproteobacteria","Micropepsales","Micropepsaceae","Rhizomicrobium","uncultured bacterium"
"ASV2274","Bin40",0.000131899350649351,"Bacteria","Planctomycetota","Planctomycetes","Gemmatales","Gemmataceae","uncultured","uncultured bacterium"
"ASV2275","Bin54",0.000131899350649351,"Bacteria","Spirochaetota","Spirochaetia","Spirochaetales","Spirochaetaceae","M2PT2-76 termite group","uncultured bacterium"
"ASV2276","Bin68",0.000131899350649351,"Bacteria","Proteobacteria","Gammaproteobacteria","Burkholderiales","Comamonadaceae","uncultured","uncultured bacterium"
"ASV2277","Bin81",0.000131899350649351,"Bacteria","Proteobacteria","Alphaproteobacteria","Rhodobacterales","Rhodobacteraceae","Paracoccus","uncultured bacterium"
"ASV2278","Bin16",0.000131899350649351,"Bacteria","Bacteroidota","Bacteroidia","Cytophagales","Microscillaceae","Chryseolinea","uncultured bacterium"
"ASV2279","Bin44",0.000131899350649351,"Bacteria","FCPU426",NA,NA,NA,"uncultured","uncultured bacterium"
"ASV2280","Bin31",0.000131899350649351,"Bacteria","Planctomycetota","Planctomycetes","Planctomycetales","Gimesiaceae","uncultured","uncultured bacterium"
"ASV2281","Bin32",0.000131899350649351,"Bacteria","Planctomycetota","Planctomycetes","Planctomycetales","Rubinisphaeraceae","SH-PL14","uncultured bacterium"
"ASV2282","Bin20",0.000131899350649351,"Bacteria","Bacteroidota","Bacteroidia","Flavobacteriales","Crocinitomicaceae","Fluviicola","uncultured bacterium"
"ASV2283","Bin28",0.000131899350649351,"Bacteria","Bacteroidota","Bacteroidia","Chitinophagales","Saprospiraceae","Phaeodactylibacter","uncultured bacterium"
"ASV2284","Bin91",0.000131899350649351,"Bacteria","Proteobacteria","Alphaproteobacteria","Rhizobiales","Pleomorphomonadaceae","Chthonobacter","uncultured bacterium"
"ASV2285","Bin39",0.000131899350649351,"Bacteria","Planctomycetota","Planctomycetes","Gemmatales","Gemmataceae","Fimbriiglobus","uncultured bacterium"
"ASV2309","Bin92",0.000133946510693396,"Bacteria","Proteobacteria","Alphaproteobacteria","Rhizobiales","Methyloligellaceae","uncultured","uncultured bacterium"
"ASV2310","Bin2",0.000133946510693396,"Bacteria","Chloroflexi","Anaerolineae","SBR1031","A4b","uncultured","uncultured bacterium"
"ASV2311","Bin8",0.000133946510693396,"Bacteria","Chloroflexi","Anaerolineae","RBG-13-54-9",NA,"uncultured","uncultured bacterium"
"ASV2312","Bin47",0.000133946510693396,"Bacteria","Acidobacteriota","Blastocatellia","Pyrinomonadales","Pyrinomonadaceae","RB41","uncultured bacterium"
"ASV2313","Bin14",0.000133946510693396,"Bacteria","Bacteroidota","Kapabacteria","Kapabacteriales",NA,"uncultured","uncultured bacterium"
"ASV2314","Bin40",0.000133946510693396,"Bacteria","Planctomycetota","Planctomycetes","Isosphaerales","Isosphaeraceae","uncultured","uncultured bacterium"
"ASV2315","Bin11",0.000133946510693396,"Bacteria","Chloroflexi","Gitt-GS-136",NA,NA,"uncultured","uncultured bacterium"
"ASV2316","Bin40",0.000133946510693396,"Bacteria","Planctomycetota","Planctomycetes","Gemmatales","Gemmataceae","uncultured","uncultured bacterium"
"ASV2317","Bin36",0.000133946510693396,"Bacteria","Planctomycetota","Planctomycetes","Pirellulales","Pirellulaceae","Pir4 lineage","uncultured bacterium"
"ASV2318","Bin35",0.000133946510693396,"Bacteria","Planctomycetota","Planctomycetes","Pirellulales","Pirellulaceae","Pirellula","uncultured bacterium"
"ASV2319","Bin32",0.000133946510693396,"Bacteria","Planctomycetota","Planctomycetes","Planctomycetales","Rubinisphaeraceae","uncultured","uncultured bacterium"
"ASV2320","Bin34",0.000133946510693396,"Bacteria","Planctomycetota","Planctomycetes","Pirellulales","Pirellulaceae","uncultured","uncultured bacterium"
"ASV2321","Bin16",0.000133946510693396,"Bacteria","Bacteroidota","Bacteroidia","Cytophagales","Microscillaceae","Ohtaekwangia","uncultured bacterium"
"ASV2322","Bin80",0.000133946510693396,"Bacteria","Proteobacteria","Alphaproteobacteria","Caulobacterales","Hyphomonadaceae","Hirschia","uncultured bacterium"
"ASV2323","Bin16",0.000133946510693396,"Bacteria","Bacteroidota","Bacteroidia","Cytophagales","Microscillaceae","uncultured","uncultured bacterium"
"ASV2324","Bin17",0.000133946510693396,"Bacteria","Bacteroidota","Bacteroidia","Cytophagales","Cytophagaceae","Cytophaga","uncultured bacterium"
"ASV2325","Bin27",0.000133946510693396,"Bacteria","Bacteroidota","Bacteroidia","Chitinophagales","Chitinophagaceae","Edaphobaculum","uncultured bacterium"
"ASV2326","Bin27",0.000133946510693396,"Bacteria","Bacteroidota","Bacteroidia","Chitinophagales","Chitinophagaceae","Aurantisolimonas","uncultured bacterium"
"ASV2327","Bin100",0.000133946510693396,"Bacteria","Myxococcota","Polyangia","Blfdi19",NA,"uncultured","uncultured bacterium"
"ASV2328","Bin76",0.000133946510693396,"Bacteria","Proteobacteria","Alphaproteobacteria",NA,NA,"uncultured","uncultured bacterium"
"ASV2329","Bin96",0.000133946510693396,"Bacteria","Proteobacteria","Alphaproteobacteria",NA,NA,"uncultured","uncultured bacterium"
"ASV2330","Bin64",0.000133946510693396,"Bacteria","Proteobacteria","Gammaproteobacteria","Burkholderiales","Rhodocyclaceae","Sulfuritalea","uncultured bacterium"
"ASV2331","Bin17",0.000133946510693396,"Bacteria","Bacteroidota","Bacteroidia","Cytophagales","Spirosomaceae","Pseudarcicella","uncultured bacterium"
"ASV2332","Bin22",0.000126957257723233,"Bacteria","Bacteroidota","Bacteroidia","Sphingobacteriales","KD1-131","uncultured","uncultured bacterium"
"ASV2333","Bin19",0.000126957257723233,"Bacteria","Bacteroidota","Bacteroidia","Cytophagales","Amoebophilaceae","Candidatus Amoebophilus","uncultured bacterium"
"ASV2334","Bin79",0.000126957257723233,"Bacteria","Proteobacteria","Alphaproteobacteria","Tistrellales","Geminicoccaceae","Candidatus Alysiosphaera","uncultured bacterium"
"ASV2335","Bin77",0.000126957257723233,"Bacteria","Proteobacteria","Alphaproteobacteria","Dongiales","Dongiaceae","Dongia","uncultured bacterium"
"ASV2336","Bin23",0.000126957257723233,"Bacteria","Bacteroidota","Bacteroidia","Sphingobacteriales","NS11-12 marine group","uncultured","uncultured bacterium"
"ASV2337","Bin19",0.000126957257723233,"Bacteria","Bacteroidota","Bacteroidia","Bacteroidales","Bacteroidetes vadinHA17","uncultured","uncultured bacterium"
"ASV2338","Bin2",0.000126957257723233,"Bacteria","Chloroflexi","Anaerolineae","SBR1031","A4b","uncultured","uncultured bacterium"
"ASV2339","Bin54",0.000126957257723233,"Bacteria","Spirochaetota","Leptospirae","Leptospirales","Leptospiraceae","Leptonema","illini"
"ASV2340","Bin74",0.000126957257723233,"Bacteria","Desulfobacterota","Desulfovibrionia","Desulfovibrionales","Desulfovibrionaceae","Desulfovibrio","uncultured bacterium"
"ASV2341","Bin101",0.000126957257723233,"Bacteria","Desulfobacterota",NA,NA,NA,"uncultured","uncultured bacterium"
"ASV2342","Bin35",0.000126957257723233,"Bacteria","Planctomycetota","Planctomycetes","Pirellulales","Pirellulaceae","Rhodopirellula","uncultured bacterium"
"ASV2343","Bin92",0.000126957257723233,"Bacteria","Proteobacteria","Alphaproteobacteria","Rhizobiales","Hyphomicrobiaceae","Hyphomicrobium","uncultured bacterium"
"ASV2344","Bin106",0.000126957257723233,"Bacteria","Actinobacteriota","Acidimicrobiia","Microtrichales","Ilumatobacteraceae","CL500-29 marine group","uncultured bacterium"
"ASV2345","Bin101",0.000126957257723233,"Bacteria","SAR324 clade(Marine group B)",NA,NA,NA,"uncultured","uncultured bacterium"
"ASV2346","Bin75",0.000126957257723233,"Bacteria","Campylobacterota","Campylobacteria","Campylobacterales","Sulfurimonadaceae","Sulfuricurvum","uncultured bacterium"
"ASV2347","Bin88",0.000126957257723233,"Bacteria","Proteobacteria","Alphaproteobacteria","Rhizobiales","Rhodomicrobiaceae","Rhodomicrobium","uncultured bacterium"
"ASV2348","Bin5",0.000126957257723233,"Bacteria","Chloroflexi","Anaerolineae","SBR1031",NA,"uncultured","uncultured bacterium"
"ASV2349","Bin87",0.000126957257723233,"Bacteria","Proteobacteria","Alphaproteobacteria","Rhizobiales","Devosiaceae","Arsenicitalea","uncultured bacterium"
"ASV2350","Bin51",0.000126957257723233,"Bacteria","Patescibacteria","Microgenomatia","Candidatus Woykebacteria",NA,"uncultured","uncultured bacterium"
"ASV2351","Bin100",0.000126957257723233,"Bacteria","Myxococcota","Polyangia","Nannocystales","Nannocystaceae","Nannocystis","exedens"
"ASV2352","Bin53",0.000126957257723233,"Bacteria","Spirochaetota","Spirochaetia","Spirochaetales","Spirochaetaceae","uncultured","uncultured bacterium"
"ASV2353","Bin55",0.000126957257723233,"Bacteria","Firmicutes","Bacilli","Alicyclobacillales","Alicyclobacillaceae","Tumebacillus","uncultured bacterium"
"ASV2354","Bin30",0.000130861504907306,"Bacteria","Acidobacteriota","Holophagae","Holophagales","Holophagaceae","uncultured","uncultured bacterium"
"ASV2355","Bin98",0.000130861504907306,"Bacteria","Desulfobacterota","Desulfuromonadia","Geobacterales","Geobacteraceae","Geobacter","uncultured bacterium"
"ASV2356","Bin69",0.000130861504907306,"Bacteria","Proteobacteria","Gammaproteobacteria","Burkholderiales","Comamonadaceae","uncultured","uncultured bacterium"
"ASV2357","Bin51",0.000130861504907306,"Bacteria","Patescibacteria","Microgenomatia","Candidatus Amesbacteria",NA,"uncultured","uncultured bacterium"
"ASV2358","Bin37",0.000130861504907306,"Bacteria","Planctomycetota","Planctomycetes","Pirellulales","Pirellulaceae","Pir4 lineage","uncultured bacterium"
"ASV2359","Bin96",0.000130861504907306,"Bacteria","Proteobacteria","Alphaproteobacteria","Rickettsiales","SM2D12","uncultured","uncultured bacterium"
"ASV2360","Bin55",0.000130861504907306,"Bacteria","Firmicutes","Bacilli","Paenibacillales","Paenibacillaceae","Paenibacillus","uncultured bacterium"
"ASV2361","Bin32",0.000130861504907306,"Bacteria","Planctomycetota","Planctomycetes","Planctomycetales",NA,"uncultured","uncultured bacterium"
"ASV2362","Bin18",0.000130861504907306,"Bacteria","Bacteroidota","Bacteroidia","Bacteroidales","Paludibacteraceae","uncultured","uncultured bacterium"
"ASV2363","Bin56",0.000130861504907306,"Bacteria","Firmicutes","Clostridia","Christensenellales","Christensenellaceae","Christensenellaceae R-7 group","uncultured bacterium"
"ASV2364","Bin41",0.000130861504907306,"Bacteria","Planctomycetota","Phycisphaerae","Tepidisphaerales","WD2101 soil group","uncultured","uncultured bacterium"
"ASV2365","Bin65",0.000130861504907306,"Bacteria","Proteobacteria","Gammaproteobacteria","Burkholderiales","Rhodocyclaceae","uncultured","uncultured bacterium"
"ASV2366","Bin51",0.000130861504907306,"Bacteria","Patescibacteria","Microgenomatia","Candidatus Gottesmanbacteria",NA,"uncultured","uncultured bacterium"
"ASV2367","Bin103",0.000130861504907306,"Bacteria","Verrucomicrobiota","Verrucomicrobiae","Pedosphaerales","Pedosphaeraceae","Ellin516","uncultured bacterium"
"ASV2368","Bin41",0.000130861504907306,"Bacteria","Planctomycetota","Phycisphaerae","Tepidisphaerales","CPla-3 termite group","uncultured","uncultured bacterium"
"ASV2369","Bin99",0.000130861504907306,"Bacteria","Myxococcota",NA,NA,NA,"uncultured","uncultured bacterium"
"ASV2370","Bin102",0.000130861504907306,"Bacteria",NA,NA,NA,NA,"uncultured","uncultured bacterium"
"ASV2371","Bin12",0.000130861504907306,"Bacteria","WPS-2",NA,NA,NA,"uncultured","uncultured bacterium"
"ASV2372","Bin74",0.000130861504907306,"Bacteria","Desulfobacterota","Desulfovibrionia","Desulfovibrionales","Desulfovibrionaceae","Desulfovibrio","uncultured bacterium"
"ASV2373","Bin53",0.000130861504907306,"Bacteria","Spirochaetota","Spirochaetia","Spirochaetales","Spirochaetaceae","uncultured","uncultured bacterium"
"ASV2374","Bin103",0.000130861504907306,"Bacteria","Verrucomicrobiota","Verrucomicrobiae","Opitutales","Opitutaceae","Lacunisphaera","uncultured bacterium"
"ASV2375","Bin50",0.000130861504907306,"Bacteria","Proteobacteria","Alphaproteobacteria","Rickettsiales","Mitochondria","uncultured","uncultured bacterium"
"ASV2376","Bin8",0.000130861504907306,"Bacteria","Chloroflexi","Anaerolineae","Anaerolineales","Anaerolineaceae","uncultured","uncultured bacterium"
"ASV2377","Bin15",0.000130861504907306,"Bacteria","Bacteroidota","Ignavibacteria","Ignavibacteriales","SR-FBR-L83","uncultured","uncultured bacterium"
"ASV2378","Bin7",0.000130861504907306,"Bacteria","Chloroflexi","Chloroflexia","Thermomicrobiales","AKYG1722","uncultured","uncultured bacterium"
"ASV2379","Bin57",0.000130861504907306,"Bacteria","Firmicutes","Clostridia","Christensenellales","Christensenellaceae","uncultured","uncultured bacterium"
"ASV2380","Bin58",0.000130861504907306,"Bacteria","Firmicutes","Clostridia","Clostridia vadinBB60 group",NA,"uncultured","uncultured bacterium"
"ASV2381","Bin75",0.000130861504907306,"Bacteria","Campylobacterota","Campylobacteria","Campylobacterales","Sulfurospirillaceae","Sulfurospirillum","uncultured bacterium"
"ASV2382","Bin74",0.000130861504907306,"Bacteria","Desulfobacterota","Desulfovibrionia","Desulfovibrionales","Desulfovibrionaceae","Desulfovibrio","uncultured bacterium"
"ASV2383","Bin108",0.000130861504907306,"Bacteria","Actinobacteriota","Actinobacteria","Micrococcales","Bogoriellaceae","Georgenia","uncultured bacterium"
"ASV2384","Bin102",0.000130861504907306,"Bacteria","Bdellovibrionota","Bdellovibrionia","Bdellovibrionales","Bdellovibrionaceae","Bdellovibrio","uncultured bacterium"
"ASV2385","Bin11",0.000130861504907306,"Bacteria","Chloroflexi","KD4-96",NA,NA,"uncultured","uncultured bacterium"
"ASV2386","Bin42",0.000121753246753247,"Bacteria","Planctomycetota","vadinHA49",NA,NA,"uncultured","uncultured bacterium"
"ASV2387","Bin82",0.000121753246753247,"Bacteria","Proteobacteria","Alphaproteobacteria","Rhizobiales","Rhizobiaceae","Allorhizobium-Neorhizobium-Pararhizobium-Rhizobium","uncultured bacterium"
"ASV2388","Bin22",0.000121753246753247,"Bacteria","Bacteroidota","Bacteroidia","Sphingobacteriales","Lentimicrobiaceae","uncultured","uncultured bacterium"
"ASV2389","Bin38",0.000121753246753247,"Bacteria","Planctomycetota","Planctomycetes","Pirellulales","Pirellulaceae","uncultured","uncultured bacterium"
"ASV2390","Bin8",0.000121753246753247,"Bacteria","Chloroflexi","Anaerolineae","Anaerolineales","Anaerolineaceae","uncultured","uncultured bacterium"
"ASV2391","Bin69",0.000121753246753247,"Bacteria","Proteobacteria","Gammaproteobacteria","Burkholderiales","Comamonadaceae","Leptothrix","uncultured bacterium"
"ASV2392","Bin95",0.000121753246753247,"Bacteria","Proteobacteria","Alphaproteobacteria","Micavibrionales",NA,"uncultured","uncultured bacterium"
"ASV2393","Bin55",0.000121753246753247,"Bacteria","Firmicutes","Bacilli","Alicyclobacillales","Alicyclobacillaceae","Tumebacillus","uncultured bacterium"
"ASV2394","Bin107",0.000121753246753247,"Bacteria","Actinobacteriota","Actinobacteria","Propionibacteriales","Nocardioidaceae","Nocardioides","uncultured bacterium"
"ASV2395","Bin38",0.000121753246753247,"Bacteria","Planctomycetota","Planctomycetes","Pirellulales","Pirellulaceae","Pirellula","uncultured bacterium"
"ASV2433","Bin81",0.000122784301468947,"Bacteria","Proteobacteria","Alphaproteobacteria","Rhodobacterales","Rhodobacteraceae","Amaricoccus","uncultured bacterium"
"ASV2434","Bin49",0.000122784301468947,"Archaea","Crenarchaeota","Nitrososphaeria","Nitrososphaerales","Nitrososphaeraceae","Candidatus Nitrocosmicus","uncultured bacterium"
"ASV2435","Bin46",0.000122784301468947,"Bacteria","Acidobacteriota","Vicinamibacteria","Vicinamibacterales",NA,"uncultured","uncultured bacterium"
"ASV2436","Bin46",0.000122784301468947,"Bacteria","Acidobacteriota","Vicinamibacteria","Vicinamibacterales",NA,"uncultured","uncultured bacterium"
"ASV2437","Bin94",0.000122784301468947,"Bacteria","Proteobacteria","Alphaproteobacteria","Caulobacterales","Caulobacteraceae","uncultured","uncultured bacterium"
"ASV2438","Bin63",0.000122784301468947,"Bacteria","Proteobacteria","Gammaproteobacteria","Burkholderiales","Nitrosomonadaceae","MND1","uncultured bacterium"
"ASV2439","Bin81",0.000122784301468947,"Bacteria","Proteobacteria","Alphaproteobacteria","Rhodobacterales","Rhodobacteraceae","Tabrizicola","uncultured bacterium"
"ASV2440","Bin30",0.000122784301468947,"Bacteria","Acidobacteriota","Subgroup 22",NA,NA,"uncultured","uncultured bacterium"
"ASV2441","Bin34",0.000122784301468947,"Bacteria","Planctomycetota","Planctomycetes","Pirellulales","Pirellulaceae","uncultured","uncultured bacterium"
"ASV2442","Bin30",0.000122784301468947,"Bacteria","Acidobacteriota","Holophagae","Holophagales","Holophagaceae","Holophaga","uncultured bacterium"
"ASV2443","Bin40",0.000122784301468947,"Bacteria","Planctomycetota","OM190",NA,NA,"uncultured","uncultured bacterium"
"ASV2444","Bin45",0.000122784301468947,"Bacteria","Acidobacteriota","Vicinamibacteria","Vicinamibacterales","Vicinamibacteraceae","uncultured","uncultured bacterium"
"ASV2445","Bin83",0.000122784301468947,"Bacteria","Proteobacteria","Alphaproteobacteria","Sphingomonadales","Sphingomonadaceae","Sphingomonas","uncultured bacterium"
"ASV2446","Bin90",0.000122784301468947,"Bacteria","Proteobacteria","Alphaproteobacteria","Rhizobiales","Xanthobacteraceae","Pseudorhodoplanes","uncultured bacterium"
"ASV2447","Bin70",0.000122784301468947,"Bacteria","Proteobacteria","Gammaproteobacteria","Burkholderiales","Comamonadaceae","Ideonella","uncultured bacterium"
"ASV2448","Bin108",0.000122784301468947,"Bacteria","Actinobacteriota","Actinobacteria","Micrococcales","Demequinaceae","uncultured","uncultured bacterium"
"ASV2449","Bin85",0.000122784301468947,"Bacteria","Proteobacteria","Alphaproteobacteria","Sphingomonadales","Sphingomonadaceae","Novosphingobium","uncultured bacterium"
"ASV2450","Bin31",0.000122784301468947,"Bacteria","Planctomycetota","Planctomycetes","Planctomycetales","Schlesneriaceae","Planctopirus","uncultured bacterium"
"ASV2451","Bin35",0.000122784301468947,"Bacteria","Planctomycetota","Planctomycetes","Pirellulales","Pirellulaceae","Pirellula","uncultured bacterium"
"ASV2452","Bin86",0.000122784301468947,"Bacteria","Proteobacteria","Alphaproteobacteria","Rhizobiales","Rhizobiaceae","Mesorhizobium","uncultured bacterium"
"ASV2453","Bin23",0.000122784301468947,"Bacteria","Bacteroidota","Bacteroidia","Sphingobacteriales","AKYH767","uncultured","uncultured bacterium"
"ASV2454","Bin76",0.000122784301468947,"Bacteria","Proteobacteria","Alphaproteobacteria","Rhodospirillales",NA,"uncultured","uncultured bacterium"
"ASV2455","Bin73",0.000122784301468947,"Bacteria","Proteobacteria","Gammaproteobacteria","Diplorickettsiales","Diplorickettsiaceae","Aquicella","uncultured bacterium"
"ASV2456","Bin99",0.000122784301468947,"Bacteria","Myxococcota","Polyangia","Polyangiales","Sandaracinaceae","uncultured","uncultured bacterium"
"ASV2457","Bin2",0.000116377486246297,"Bacteria","Chloroflexi","Anaerolineae","SBR1031","A4b","uncultured","uncultured bacterium"
"ASV2458","Bin7",0.000116377486246297,"Bacteria","Chloroflexi","OLB14",NA,NA,"uncultured","uncultured bacterium"
"ASV2459","Bin33",0.000116377486246297,"Bacteria","Planctomycetota","Planctomycetes",NA,NA,"uncultured","uncultured bacterium"
"ASV2460","Bin8",0.000116377486246297,"Bacteria","Chloroflexi","Anaerolineae","1-20",NA,"uncultured","uncultured bacterium"
"ASV2461","Bin52",0.000116377486246297,"Bacteria","Patescibacteria","Saccharimonadia","Saccharimonadales",NA,"uncultured","uncultured bacterium"
"ASV2462","Bin77",0.000116377486246297,"Bacteria","Proteobacteria","Alphaproteobacteria","Dongiales","Dongiaceae","Dongia","uncultured bacterium"
"ASV2463","Bin100",0.000116377486246297,"Bacteria","NB1-j",NA,NA,NA,"uncultured","uncultured bacterium"
"ASV2464","Bin103",0.000116377486246297,"Bacteria","Verrucomicrobiota","Verrucomicrobiae","Chthoniobacterales","Terrimicrobiaceae","Terrimicrobium","uncultured bacterium"
"ASV2465","Bin83",0.000116377486246297,"Bacteria","Proteobacteria","Alphaproteobacteria","Sphingomonadales","Sphingomonadaceae","Sphingobium","uncultured bacterium"
"ASV2466","Bin94",0.000116377486246297,"Bacteria","Proteobacteria","Alphaproteobacteria","Caulobacterales","Caulobacteraceae","Phenylobacterium","uncultured bacterium"
"ASV2467","Bin101",0.000116377486246297,"Bacteria","SAR324 clade(Marine group B)",NA,NA,NA,"uncultured","uncultured bacterium"
"ASV2468","Bin13",0.000116377486246297,"Bacteria","Fibrobacterota","Fibrobacteria","Fibrobacterales","Fibrobacteraceae","uncultured","uncultured bacterium"
"ASV2469","Bin13",0.000116377486246297,"Bacteria","Gemmatimonadota","Gemmatimonadetes","Gemmatimonadales","Gemmatimonadaceae","uncultured","uncultured bacterium"
"ASV2470","Bin78",0.000116377486246297,"Bacteria","Proteobacteria","Alphaproteobacteria","Defluviicoccales","Defluviicoccaceae","Defluviicoccus","uncultured bacterium"
"ASV2471","Bin80",0.000116377486246297,"Bacteria","Proteobacteria","Alphaproteobacteria","Caulobacterales","Hyphomonadaceae","SWB02","uncultured bacterium"
"ASV2472","Bin95",0.000116377486246297,"Bacteria","Proteobacteria","Alphaproteobacteria","Rhodospirillales",NA,"uncultured","uncultured bacterium"
"ASV2473","Bin2",0.000116377486246297,"Bacteria","Chloroflexi","Anaerolineae","SBR1031","A4b","uncultured","uncultured bacterium"
"ASV2474","Bin44",0.000116377486246297,"Bacteria","Verrucomicrobiota","Omnitrophia","Omnitrophales","Omnitrophaceae","Candidatus Omnitrophus","uncultured bacterium"
"ASV2475","Bin38",0.000116377486246297,"Bacteria","Planctomycetota","Planctomycetes","Pirellulales","Pirellulaceae","Pirellula","uncultured bacterium"
"ASV2476","Bin10",0.000116377486246297,"Bacteria","Chloroflexi","Anaerolineae","Anaerolineales","Anaerolineaceae","UTCFX1","uncultured bacterium"
"ASV2477","Bin3",0.000116377486246297,"Bacteria","Chloroflexi","Anaerolineae","SBR1031","A4b","OLB13","uncultured bacterium"
"ASV2478","Bin63",0.000116377486246297,"Bacteria","Proteobacteria","Gammaproteobacteria","Burkholderiales","SC-I-84","uncultured","uncultured bacterium"
"ASV2479","Bin52",0.000119956379498364,"Bacteria","Patescibacteria","Saccharimonadia","Saccharimonadales",NA,"uncultured","uncultured bacterium"
"ASV2480","Bin29",0.000119956379498364,"Bacteria","Bacteroidota","Bacteroidia","Bacteroidales","Dysgonomonadaceae","uncultured","uncultured bacterium"
"ASV2481","Bin40",0.000119956379498364,"Bacteria","Planctomycetota","Planctomycetes","Gemmatales","Gemmataceae","uncultured","uncultured bacterium"
"ASV2482","Bin11",0.000119956379498364,"Bacteria","Armatimonadota",NA,NA,NA,"uncultured","uncultured bacterium"
"ASV2483","Bin12",0.000119956379498364,"Bacteria",NA,NA,NA,NA,"uncultured","uncultured bacterium"
"ASV2484","Bin98",0.000119956379498364,"Bacteria","Desulfobacterota","Desulfuromonadia","Geobacterales","Geobacteraceae","uncultured","uncultured bacterium"
"ASV2485","Bin8",0.000119956379498364,"Bacteria","Chloroflexi","Anaerolineae","Anaerolineales","Anaerolineaceae","uncultured","uncultured bacterium"
"ASV2486","Bin86",0.000119956379498364,"Bacteria","Proteobacteria","Alphaproteobacteria","Rhizobiales","Rhizobiaceae","Pseudaminobacter","uncultured bacterium"
"ASV2487","Bin100",0.000119956379498364,"Bacteria","Myxococcota","Polyangia","Blfdi19",NA,"uncultured","uncultured bacterium"
"ASV2488","Bin76",0.000119956379498364,"Bacteria","Proteobacteria","Alphaproteobacteria","Acetobacterales","Acetobacteraceae","uncultured","uncultured bacterium"
"ASV2489","Bin98",0.000119956379498364,"Bacteria","Desulfobacterota","Desulfuromonadia","Geobacterales","Geobacteraceae","uncultured","uncultured bacterium"
"ASV2490","Bin76",0.000119956379498364,"Bacteria","Proteobacteria","Alphaproteobacteria","Rhodospirillales",NA,"uncultured","uncultured bacterium"
"ASV2491","Bin76",0.000119956379498364,"Bacteria","Proteobacteria","Alphaproteobacteria","Acetobacterales","Acetobacteraceae","Rhodovarius","uncultured bacterium"
"ASV2492","Bin9",0.000119956379498364,"Bacteria","Chloroflexi","Anaerolineae","Anaerolineales","Anaerolineaceae","Leptolinea","uncultured bacterium"
"ASV2493","Bin6",0.000119956379498364,"Bacteria","Chloroflexi","Anaerolineae","SBR1031",NA,"uncultured","uncultured bacterium"
"ASV2494","Bin95",0.000119956379498364,"Bacteria","Proteobacteria","Alphaproteobacteria","Rhodospirillales",NA,"uncultured","uncultured bacterium"
"ASV2495","Bin106",0.000119956379498364,"Bacteria","Actinobacteriota","Acidimicrobiia","Microtrichales","Ilumatobacteraceae","Ilumatobacter","uncultured bacterium"
"ASV2496","Bin69",0.000119956379498364,"Bacteria","Proteobacteria","Gammaproteobacteria","Burkholderiales","Comamonadaceae","Rubrivivax","uncultured bacterium"
"ASV2497","Bin41",0.000119956379498364,"Bacteria","Planctomycetota","Phycisphaerae","Tepidisphaerales","WD2101 soil group","uncultured","uncultured bacterium"
"ASV2498","Bin3",0.000119956379498364,"Bacteria","Chloroflexi","Anaerolineae","SBR1031","A4b","uncultured","uncultured bacterium"
"ASV2499","Bin19",0.000111607142857143,"Bacteria","Bacteroidota","Bacteroidia","Bacteroidales","Bacteroidetes BD2-2","uncultured","uncultured bacterium"
"ASV2500","Bin34",0.000111607142857143,"Bacteria","Planctomycetota","Planctomycetes","Pirellulales","Pirellulaceae","uncultured","uncultured bacterium"
"ASV2501","Bin28",0.000111607142857143,"Bacteria","Bacteroidota","Bacteroidia","Chitinophagales","Saprospiraceae","uncultured","uncultured bacterium"
"ASV2502","Bin100",0.000111607142857143,"Bacteria","Myxococcota","Polyangia","Nannocystales","Nannocystaceae","Nannocystis","uncultured bacterium"
"ASV2503","Bin54",0.000111607142857143,"Bacteria","Spirochaetota","Spirochaetia","Spirochaetales","Spirochaetaceae","Treponema","uncultured bacterium"
"ASV2504","Bin31",0.000111607142857143,"Bacteria","Planctomycetota","Planctomycetes","Planctomycetales","Schlesneriaceae","Planctopirus","uncultured bacterium"
"ASV2505","Bin19",0.000111607142857143,"Bacteria","Bacteroidota","Bacteroidia","Bacteroidales","Bacteroidetes BD2-2","uncultured","uncultured bacterium"
"ASV2506","Bin38",0.000111607142857143,"Bacteria","Planctomycetota","Planctomycetes","Pirellulales","Pirellulaceae","Pirellula","uncultured bacterium"
"ASV2507","Bin88",0.000111607142857143,"Bacteria","Proteobacteria","Alphaproteobacteria","Rhizobiales","Rhodomicrobiaceae","Rhodomicrobium","uncultured bacterium"
"ASV2508","Bin76",0.000111607142857143,"Bacteria","Proteobacteria","Alphaproteobacteria","Reyranellales","Reyranellaceae","Reyranella","uncultured bacterium"
"ASV2538","Bin101",0.000111622092244497,"Bacteria","SAR324 clade(Marine group B)",NA,NA,NA,"uncultured","uncultured bacterium"
"ASV2539","Bin95",0.000111622092244497,"Bacteria","Proteobacteria","Alphaproteobacteria","Micavibrionales",NA,"uncultured","uncultured bacterium"
"ASV2540","Bin61",0.000111622092244497,"Bacteria","Proteobacteria","Gammaproteobacteria","Pseudomonadales","Moraxellaceae","uncultured","uncultured bacterium"
"ASV2541","Bin20",0.000111622092244497,"Bacteria","Bacteroidota","Bacteroidia","Flavobacteriales","Weeksellaceae","Chryseobacterium","uncultured bacterium"
"ASV2542","Bin27",0.000111622092244497,"Bacteria","Bacteroidota","Bacteroidia","Chitinophagales","Chitinophagaceae","Chitinophaga","uncultured bacterium"
"ASV2543","Bin24",0.000111622092244497,"Bacteria","Bacteroidota","Bacteroidia","Sphingobacteriales","Sphingobacteriaceae","Mucilaginibacter","uncultured bacterium"
"ASV2544","Bin7",0.000111622092244497,"Bacteria","Chloroflexi","Chloroflexia","Thermomicrobiales","JG30-KF-CM45","uncultured","uncultured bacterium"
"ASV2545","Bin7",0.000111622092244497,"Bacteria","Chloroflexi","Anaerolineae","Caldilineales","Caldilineaceae","uncultured","uncultured bacterium"
"ASV2546","Bin3",0.000111622092244497,"Bacteria","Chloroflexi","Anaerolineae","SBR1031","A4b","uncultured","uncultured bacterium"
"ASV2547","Bin95",0.000111622092244497,"Bacteria","Proteobacteria","Alphaproteobacteria","Micavibrionales",NA,"uncultured","uncultured bacterium"
"ASV2548","Bin7",0.000111622092244497,"Bacteria","Chloroflexi","Anaerolineae","Caldilineales","Caldilineaceae","uncultured","uncultured bacterium"
"ASV2549","Bin95",0.000111622092244497,"Bacteria","Proteobacteria","Alphaproteobacteria","Rhodospirillales",NA,"uncultured","uncultured bacterium"
"ASV2550","Bin105",0.000111622092244497,"Bacteria","Actinobacteriota","Thermoleophilia","Gaiellales",NA,"uncultured","uncultured bacterium"
"ASV2551","Bin41",0.000111622092244497,"Bacteria","Planctomycetota","Phycisphaerae","Phycisphaerales","Phycisphaeraceae","SM1A02","uncultured bacterium"
"ASV2552","Bin4",0.000111622092244497,"Bacteria","Chloroflexi","Anaerolineae","SBR1031","A4b","uncultured","uncultured bacterium"
"ASV2553","Bin94",0.000111622092244497,"Bacteria","Proteobacteria","Alphaproteobacteria","Caulobacterales","Caulobacteraceae","Brevundimonas","uncultured bacterium"
"ASV2554","Bin96",0.000111622092244497,"Bacteria","Proteobacteria","Alphaproteobacteria","Rickettsiales","SM2D12","uncultured","uncultured bacterium"
"ASV2555","Bin73",0.000111622092244497,"Bacteria","Proteobacteria","Gammaproteobacteria","Gammaproteobacteria Incertae Sedis","Unknown Family","Candidatus Berkiella","uncultured bacterium"
"ASV2556","Bin74",0.000111622092244497,"Bacteria","Desulfobacterota","Desulfovibrionia","Desulfovibrionales","Desulfovibrionaceae","Desulfovibrio","uncultured bacterium"
"ASV2557","Bin89",0.000111622092244497,"Bacteria","Proteobacteria","Alphaproteobacteria","Rhizobiales","Rhizobiales Incertae Sedis","Bauldia","uncultured bacterium"
"ASV2558","Bin92",0.000111622092244497,"Bacteria","Proteobacteria","Alphaproteobacteria","Rhizobiales","Methyloligellaceae","uncultured","uncultured bacterium"
"ASV2559","Bin45",0.000111622092244497,"Bacteria","Acidobacteriota","Vicinamibacteria","Vicinamibacterales","Vicinamibacteraceae","uncultured","uncultured bacterium"
"ASV2560","Bin94",0.000111622092244497,"Bacteria","Proteobacteria","Alphaproteobacteria","Rhizobiales","A0839","uncultured","uncultured bacterium"
"ASV2561","Bin54",0.000111622092244497,"Bacteria","Spirochaetota","Spirochaetia","Spirochaetales","Spirochaetaceae","Spirochaeta 2","uncultured bacterium"
"ASV2562","Bin92",0.000111622092244497,"Bacteria","Proteobacteria","Alphaproteobacteria","Rhizobiales","Hyphomicrobiaceae","Hyphomicrobium","uncultured bacterium"
"ASV2563","Bin7",0.000111622092244497,"Bacteria","Chloroflexi","Dehalococcoidia","S085",NA,"uncultured","uncultured bacterium"
"ASV2564","Bin107",0.000111622092244497,"Bacteria","Actinobacteriota","Actinobacteria","Micromonosporales","Micromonosporaceae","Phytohabitans","uncultured bacterium"
"ASV2565","Bin21",0.000111622092244497,"Bacteria","Bacteroidota","Bacteroidia","Flavobacteriales","NS9 marine group","uncultured","uncultured bacterium"
"ASV2566","Bin3",0.000111622092244497,"Bacteria","Chloroflexi","Anaerolineae","SBR1031","A4b","uncultured","uncultured bacterium"
"ASV2567","Bin50",0.000110593756982467,"Bacteria","Proteobacteria","Alphaproteobacteria","Rickettsiales","Mitochondria","uncultured","uncultured bacterium"
"ASV2568","Bin97",0.000105797714769361,"Bacteria","Proteobacteria","Alphaproteobacteria","Rickettsiales","SM1B06","uncultured","uncultured bacterium"
"ASV2569","Bin97",0.000105797714769361,"Bacteria","Proteobacteria","Alphaproteobacteria","Paracaedibacterales","Paracaedibacteraceae","uncultured","uncultured bacterium"
"ASV2570","Bin85",0.000105797714769361,"Bacteria","Proteobacteria","Alphaproteobacteria","Sphingomonadales","Sphingomonadaceae","Sphingorhabdus","uncultured bacterium"
"ASV2571","Bin98",0.000105797714769361,"Bacteria","Desulfobacterota","Desulfobacteria","Desulfobacterales","Desulfosarcinaceae","uncultured","uncultured bacterium"
"ASV2572","Bin74",0.000105797714769361,"Bacteria","Desulfobacterota","Desulfovibrionia","Desulfovibrionales","Desulfovibrionaceae","Desulfovibrio","uncultured bacterium"
"ASV2573","Bin73",0.000105797714769361,"Bacteria","Proteobacteria","Gammaproteobacteria","Gammaproteobacteria Incertae Sedis","Unknown Family","Candidatus Ovatusbacter","uncultured bacterium"
"ASV2574","Bin20",0.000105797714769361,"Bacteria","Bacteroidota","Bacteroidia","Flavobacteriales","Weeksellaceae","Chryseobacterium","uncultured bacterium"
"ASV2575","Bin36",0.000105797714769361,"Bacteria","Planctomycetota","Planctomycetes","Pirellulales","Pirellulaceae","Pir4 lineage","uncultured bacterium"
"ASV2576","Bin20",0.000105797714769361,"Bacteria","Bacteroidota","Bacteroidia","Flavobacteriales","Crocinitomicaceae","Fluviicola","uncultured bacterium"
"ASV2577","Bin15",0.000105797714769361,"Bacteria","Bacteroidota","Ignavibacteria","Ignavibacteriales","Ignavibacteriaceae","Ignavibacterium","uncultured bacterium"
"ASV2578","Bin44",0.000105797714769361,"Bacteria","Latescibacterota",NA,NA,NA,"uncultured","uncultured bacterium"
"ASV2579","Bin90",0.000105797714769361,"Bacteria","Proteobacteria","Alphaproteobacteria","Rhizobiales","Rhizobiales Incertae Sedis","Phreatobacter","uncultured bacterium"
"ASV2580","Bin95",0.000105797714769361,"Bacteria","Proteobacteria","Alphaproteobacteria","Rhodospirillales",NA,"uncultured","uncultured bacterium"
"ASV2581","Bin59",0.000105797714769361,"Bacteria","Proteobacteria","Gammaproteobacteria","CCM19a",NA,"uncultured","uncultured bacterium"
"ASV2582","Bin77",0.000105797714769361,"Bacteria","Proteobacteria","Alphaproteobacteria","Dongiales","Dongiaceae","Dongia","uncultured bacterium"
"ASV2583","Bin2",0.000105797714769361,"Bacteria","Chloroflexi","Anaerolineae","SBR1031","A4b","uncultured","uncultured bacterium"
"ASV2584","Bin98",0.000105797714769361,"Bacteria","Desulfobacterota","Desulfomonilia","Desulfomonilales","Desulfomonilaceae","Desulfomonile","uncultured bacterium"
"ASV2585","Bin73",0.000105797714769361,"Bacteria","Proteobacteria","Gammaproteobacteria","Legionellales","Legionellaceae","Legionella","uncultured bacterium"
"ASV2586","Bin2",0.000105797714769361,"Bacteria","Chloroflexi","Anaerolineae","SBR1031","A4b","uncultured","uncultured bacterium"
"ASV2587","Bin40",0.000105797714769361,"Bacteria","Planctomycetota","Planctomycetes","Gemmatales","Gemmataceae","uncultured","uncultured bacterium"
"ASV2588","Bin12",0.000105797714769361,"Bacteria","Armatimonadota","Fimbriimonadia","Fimbriimonadales","Fimbriimonadaceae","uncultured","uncultured bacterium"
"ASV2589","Bin44",0.000105797714769361,"Bacteria","Verrucomicrobiota","Omnitrophia","Omnitrophales","koll11","uncultured","uncultured bacterium"
"ASV2590","Bin40",0.000105797714769361,"Bacteria","Planctomycetota","Planctomycetes","Gemmatales","Gemmataceae","uncultured","uncultured bacterium"
"ASV2591","Bin102",0.000105797714769361,"Bacteria","Bdellovibrionota","Oligoflexia","0319-6G20",NA,"uncultured","uncultured bacterium"
"ASV2592","Bin94",0.000105797714769361,"Bacteria","Proteobacteria","Alphaproteobacteria","Caulobacterales","Caulobacteraceae","Asticcacaulis","uncultured bacterium"
"ASV2593","Bin97",0.000105797714769361,"Bacteria","Proteobacteria","Alphaproteobacteria","Rhodospirillales",NA,"uncultured","uncultured bacterium"
"ASV2594","Bin2",0.000105797714769361,"Bacteria","Chloroflexi","Anaerolineae","SBR1031","A4b","uncultured","uncultured bacterium"
"ASV2595","Bin87",0.000105797714769361,"Bacteria","Proteobacteria","Alphaproteobacteria","Rhizobiales","Devosiaceae","Arsenicitalea","uncultured bacterium"
"ASV2596","Bin36",0.000105797714769361,"Bacteria","Planctomycetota","Planctomycetes","Pirellulales","Pirellulaceae","Pir4 lineage","uncultured bacterium"
"ASV2597","Bin40",0.000105797714769361,"Bacteria","Planctomycetota",NA,NA,NA,"uncultured","uncultured bacterium"
"ASV2598","Bin84",0.000105797714769361,"Bacteria","Proteobacteria","Alphaproteobacteria","Sphingomonadales","Sphingomonadaceae","Altererythrobacter","uncultured bacterium"
"ASV2599","Bin38",0.000105797714769361,"Bacteria","Planctomycetota","Planctomycetes","Pirellulales","Pirellulaceae","uncultured","uncultured bacterium"
"ASV2600","Bin11",0.000109051254089422,"Bacteria","Chloroflexi","KD4-96",NA,NA,"uncultured","uncultured bacterium"
"ASV2601","Bin43",0.000109051254089422,"Bacteria","Acidobacteriota","Acidobacteriae","Bryobacterales","Bryobacteraceae","Bryobacter","uncultured bacterium"
"ASV2602","Bin66",0.000109051254089422,"Bacteria","Proteobacteria","Gammaproteobacteria","Burkholderiales","Chitinimonadaceae","Chitinivorax","uncultured bacterium"
"ASV2603","Bin62",0.000109051254089422,"Bacteria","Proteobacteria","Gammaproteobacteria","Salinisphaerales","Solimonadaceae","Alkanibacter","uncultured bacterium"
"ASV2604","Bin106",0.000109051254089422,"Bacteria","Actinobacteriota","Acidimicrobiia","Microtrichales","Ilumatobacteraceae","CL500-29 marine group","uncultured bacterium"
"ASV2605","Bin48",0.000109051254089422,"Bacteria","Cyanobacteria","Vampirivibrionia","Vampirovibrionales","Vampirovibrionaceae","Vampirovibrio","uncultured bacterium"
"ASV2606","Bin95",0.000109051254089422,"Bacteria","Proteobacteria","Alphaproteobacteria","Rhodospirillales",NA,"uncultured","uncultured bacterium"
"ASV2607","Bin107",0.000109051254089422,"Bacteria","Actinobacteriota","Actinobacteria","Propionibacteriales","Propionibacteriaceae","Brooklawnia","uncultured bacterium"
"ASV2608","Bin65",0.000109051254089422,"Bacteria","Proteobacteria","Gammaproteobacteria","Burkholderiales","Rhodocyclaceae","uncultured","uncultured bacterium"
"ASV2609","Bin94",0.000109051254089422,"Bacteria","Proteobacteria","Alphaproteobacteria","Caulobacterales","Caulobacteraceae","Caulobacter","uncultured bacterium"
"ASV2610","Bin12",0.000109051254089422,"Bacteria","Firmicutes","Negativicutes","Veillonellales-Selenomonadales","Sporomusaceae","uncultured","uncultured bacterium"
"ASV2611","Bin60",0.000109051254089422,"Bacteria","Proteobacteria","Gammaproteobacteria","Steroidobacterales","Steroidobacteraceae","Steroidobacter","uncultured bacterium"
"ASV2612","Bin62",0.000109051254089422,"Bacteria","Proteobacteria","Gammaproteobacteria","Burkholderiales","Rhodocyclaceae","Dechloromonas","uncultured bacterium"
"ASV2613","Bin62",0.000109051254089422,"Bacteria","Proteobacteria","Gammaproteobacteria","Burkholderiales","Rhodocyclaceae","Dechlorobacter","uncultured bacterium"
"ASV2614","Bin43",0.000109051254089422,"Bacteria","Acidobacteriota","Acidobacteriae","Bryobacterales","Bryobacteraceae","Bryobacter","uncultured bacterium"
"ASV2615","Bin53",0.000109051254089422,"Bacteria","Spirochaetota","Spirochaetia","Spirochaetales","Spirochaetaceae","uncultured","uncultured bacterium"
"ASV2616","Bin1",0.000109051254089422,"Bacteria","Chloroflexi","Anaerolineae","SBR1031","A4b","uncultured","uncultured bacterium"
"ASV2617","Bin51",0.000109051254089422,"Bacteria","Patescibacteria","Microgenomatia","Candidatus Woesebacteria",NA,"uncultured","uncultured bacterium"
"ASV2618","Bin8",0.000109051254089422,"Bacteria","Chloroflexi","Anaerolineae","Anaerolineales","Anaerolineaceae","uncultured","uncultured bacterium"
"ASV2619","Bin4",0.000109051254089422,"Bacteria","Chloroflexi","Anaerolineae","SBR1031","A4b","uncultured","uncultured bacterium"
"ASV2620","Bin90",0.000109051254089422,"Bacteria","Proteobacteria","Alphaproteobacteria","Rhizobiales","Xanthobacteraceae","Pseudorhodoplanes","uncultured bacterium"
"ASV2621","Bin16",0.000109051254089422,"Bacteria","Bacteroidota","Bacteroidia","Cytophagales","Microscillaceae","uncultured","uncultured bacterium"
"ASV2622","Bin61",0.000109051254089422,"Bacteria","Dependentiae","Babeliae","Babeliales",NA,"uncultured","uncultured bacterium"
"ASV2623","Bin82",0.000109051254089422,"Bacteria","Proteobacteria","Alphaproteobacteria","Rhizobiales","Rhizobiaceae","Allorhizobium-Neorhizobium-Pararhizobium-Rhizobium","uncultured bacterium"
"ASV2624","Bin40",0.000106774189550907,"Bacteria","Planctomycetota","Planctomycetes","Gemmatales","Gemmataceae","uncultured","uncultured bacterium"
"ASV2625","Bin95",0.000101461038961039,"Bacteria","Proteobacteria","Alphaproteobacteria","Micavibrionales","Micavibrionaceae","uncultured","uncultured bacterium"
"ASV2626","Bin52",0.000101461038961039,"Bacteria",NA,NA,NA,NA,"uncultured","uncultured bacterium"
"ASV2627","Bin9",0.000101461038961039,"Bacteria","Chloroflexi","Anaerolineae","Anaerolineales","Anaerolineaceae","uncultured","uncultured bacterium"
"ASV2628","Bin82",0.000101461038961039,"Bacteria","Proteobacteria","Alphaproteobacteria","Rhizobiales","Rhizobiaceae","Allorhizobium-Neorhizobium-Pararhizobium-Rhizobium","uncultured bacterium"
"ASV2629","Bin2",0.000101461038961039,"Bacteria","Chloroflexi","Anaerolineae","SBR1031","A4b","uncultured","uncultured bacterium"
"ASV2630","Bin86",0.000101461038961039,"Bacteria","Proteobacteria","Alphaproteobacteria","Rhizobiales","Rhizobiaceae","Mesorhizobium","uncultured bacterium"
"ASV2631","Bin4",0.000101461038961039,"Bacteria","Chloroflexi","Anaerolineae","SBR1031","A4b","uncultured","uncultured bacterium"
"ASV2632","Bin61",0.000101461038961039,"Bacteria","Proteobacteria","Gammaproteobacteria","Methylococcales","Methylococcaceae","Methyloterricola","uncultured bacterium"
"ASV2633","Bin34",0.000101461038961039,"Bacteria","Planctomycetota","Planctomycetes","Pirellulales","Pirellulaceae","uncultured","uncultured bacterium"
"ASV2634","Bin32",0.000101461038961039,"Bacteria","Planctomycetota","Planctomycetes","Planctomycetales",NA,"uncultured","uncultured bacterium"
"ASV2635","Bin70",0.000101461038961039,"Bacteria","Proteobacteria","Gammaproteobacteria","Burkholderiales","Comamonadaceae","Ideonella","uncultured bacterium"
"ASV2636","Bin28",0.000101461038961039,"Bacteria","Bacteroidota","Bacteroidia","Chitinophagales","Saprospiraceae","Haliscomenobacter","uncultured bacterium"
"ASV2637","Bin7",0.000101461038961039,"Bacteria","Chloroflexi","Anaerolineae","Caldilineales","Caldilineaceae","uncultured","uncultured bacterium"
"ASV2673","Bin45",0.000100459883020047,"Bacteria","Acidobacteriota","Vicinamibacteria","Vicinamibacterales","Vicinamibacteraceae","uncultured","uncultured bacterium"
"ASV2674","Bin53",0.000100459883020047,"Bacteria","Spirochaetota","Spirochaetia","Spirochaetales","Spirochaetaceae","uncultured","uncultured bacterium"
"ASV2675","Bin55",0.000100459883020047,"Bacteria","Firmicutes","Bacilli","Alicyclobacillales","Alicyclobacillaceae","Tumebacillus","uncultured bacterium"
"ASV2676","Bin17",0.000100459883020047,"Bacteria","Bacteroidota","Bacteroidia","Cytophagales","Cytophagaceae","Cytophaga","uncultured bacterium"
"ASV2677","Bin100",0.000100459883020047,"Bacteria","Myxococcota","Polyangia","Nannocystales","Nannocystaceae","Nannocystis","uncultured bacterium"
"ASV2678","Bin76",0.000100459883020047,"Bacteria","Proteobacteria","Alphaproteobacteria","Reyranellales","Reyranellaceae","uncultured","uncultured bacterium"
"ASV2679","Bin38",0.000100459883020047,"Bacteria","Planctomycetota","Planctomycetes","Pirellulales","Pirellulaceae","Pirellula","uncultured bacterium"
"ASV2680","Bin49",0.000100459883020047,"Bacteria","Margulisbacteria",NA,NA,NA,"uncultured","uncultured bacterium"
"ASV2681","Bin48",0.000100459883020047,"Bacteria","Cyanobacteria","Vampirivibrionia","Obscuribacterales","Obscuribacteraceae","uncultured","uncultured bacterium"
"ASV2682","Bin27",0.000100459883020047,"Bacteria","Bacteroidota","Bacteroidia","Chitinophagales","Chitinophagaceae","Parafilimonas","uncultured bacterium"
"ASV2683","Bin79",0.000100459883020047,"Bacteria","Proteobacteria","Alphaproteobacteria","Tistrellales","Geminicoccaceae","Candidatus Alysiosphaera","uncultured bacterium"
"ASV2684","Bin50",0.000100459883020047,"Bacteria","Planctomycetota","BD7-11",NA,NA,"uncultured","uncultured bacterium"
"ASV2685","Bin73",0.000100459883020047,"Bacteria","Proteobacteria","Gammaproteobacteria","Gammaproteobacteria Incertae Sedis","Unknown Family","uncultured","uncultured bacterium"
"ASV2686","Bin95",0.000100459883020047,"Bacteria","Proteobacteria","Alphaproteobacteria","Rhodospirillales",NA,"uncultured","uncultured bacterium"
"ASV2687","Bin54",0.000100459883020047,"Bacteria","Spirochaetota","Leptospirae","Leptospirales","Leptospiraceae","Turneriella","uncultured bacterium"
"ASV2688","Bin102",0.000100459883020047,"Bacteria","Bdellovibrionota","Oligoflexia","0319-6G20",NA,"uncultured","uncultured bacterium"
"ASV2689","Bin102",0.000100459883020047,"Bacteria","Bdellovibrionota","Oligoflexia","0319-6G20",NA,"uncultured","uncultured bacterium"
"ASV2690","Bin45",0.000100459883020047,"Bacteria","Acidobacteriota","Vicinamibacteria","Vicinamibacterales","Vicinamibacteraceae","uncultured","uncultured bacterium"
"ASV2691","Bin67",0.000100459883020047,"Bacteria","Proteobacteria","Gammaproteobacteria","Burkholderiales","Burkholderiaceae","Lautropia","uncultured bacterium"
"ASV2692","Bin45",0.000100459883020047,"Bacteria","Acidobacteriota","Vicinamibacteria","Vicinamibacterales","Vicinamibacteraceae","uncultured","uncultured bacterium"
"ASV2693","Bin11",0.000100459883020047,"Bacteria","Chloroflexi","KD4-96",NA,NA,"uncultured","uncultured bacterium"
"ASV2694","Bin71",0.000100459883020047,"Bacteria","Proteobacteria","Gammaproteobacteria","Burkholderiales","Comamonadaceae","Ramlibacter","tataouinensis"
"ASV2695","Bin83",0.000100459883020047,"Bacteria","Proteobacteria","Alphaproteobacteria","Sphingomonadales","Sphingomonadaceae","Sphingomonas","uncultured bacterium"
"ASV2696","Bin87",9.52179432924249e-05,"Bacteria","Proteobacteria","Alphaproteobacteria","Rhizobiales","Devosiaceae","Devosia","uncultured bacterium"
"ASV2697","Bin34",9.52179432924249e-05,"Bacteria","Planctomycetota","Planctomycetes","Pirellulales","Pirellulaceae","uncultured","uncultured bacterium"
"ASV2698","Bin63",9.52179432924249e-05,"Bacteria","Proteobacteria","Gammaproteobacteria","Burkholderiales","Nitrosomonadaceae","MND1","uncultured bacterium"
"ASV2699","Bin33",9.52179432924249e-05,"Bacteria","Planctomycetota","Planctomycetes","Pirellulales","Pirellulaceae","uncultured","uncultured bacterium"
"ASV2700","Bin36",9.52179432924249e-05,"Bacteria","Planctomycetota","Planctomycetes","Pirellulales","Pirellulaceae","Pir4 lineage","uncultured bacterium"
"ASV2701","Bin18",9.52179432924249e-05,"Bacteria","Bacteroidota","Bacteroidia","Bacteroidales","Prolixibacteraceae","Roseimarinus","uncultured bacterium"
"ASV2702","Bin6",9.52179432924249e-05,"Bacteria","Chloroflexi","Anaerolineae","Ardenticatenales",NA,"uncultured","uncultured bacterium"
"ASV2703","Bin56",9.52179432924249e-05,"Bacteria","Firmicutes","Clostridia","Peptostreptococcales-Tissierellales","Acidaminobacteraceae","Acidaminobacter","uncultured bacterium"
"ASV2704","Bin82",9.52179432924249e-05,"Bacteria","Proteobacteria","Alphaproteobacteria","Rhizobiales","Rhizobiaceae","Allorhizobium-Neorhizobium-Pararhizobium-Rhizobium","uncultured bacterium"
"ASV2705","Bin54",9.52179432924249e-05,"Bacteria","Spirochaetota","Spirochaetia","Spirochaetales","Spirochaetaceae","Salinispira","uncultured bacterium"
"ASV2706","Bin2",9.52179432924249e-05,"Bacteria","Chloroflexi","Anaerolineae","SBR1031","A4b","uncultured","uncultured bacterium"
"ASV2707","Bin86",9.52179432924249e-05,"Bacteria","Proteobacteria","Alphaproteobacteria","Rhizobiales","Rhizobiaceae","Mesorhizobium","uncultured bacterium"
"ASV2708","Bin107",9.52179432924249e-05,"Bacteria","Actinobacteriota","Actinobacteria","Propionibacteriales","Propionibacteriaceae","uncultured","uncultured bacterium"
"ASV2709","Bin76",9.52179432924249e-05,"Bacteria","Proteobacteria","Alphaproteobacteria","Reyranellales","Reyranellaceae","uncultured","uncultured bacterium"
"ASV2710","Bin7",9.52179432924249e-05,"Bacteria","Chloroflexi","Dehalococcoidia","S085",NA,"uncultured","uncultured bacterium"
"ASV2711","Bin21",9.52179432924249e-05,"Bacteria","Bacteroidota","Bacteroidia","Flavobacteriales","NS9 marine group","uncultured","uncultured bacterium"
"ASV2712","Bin64",9.52179432924249e-05,"Bacteria","Proteobacteria","Gammaproteobacteria","Burkholderiales","Rhodocyclaceae","Denitratisoma","uncultured bacterium"
"ASV2713","Bin107",9.52179432924249e-05,"Bacteria","Actinobacteriota","Actinobacteria","Propionibacteriales","Nocardioidaceae","Marmoricola","uncultured bacterium"
"ASV2714","Bin29",9.52179432924249e-05,"Bacteria","Bacteroidota","Bacteroidia","Bacteroidales","Dysgonomonadaceae","uncultured","uncultured bacterium"
"ASV2715","Bin33",9.52179432924249e-05,"Bacteria","Planctomycetota","Planctomycetes",NA,NA,"uncultured","uncultured bacterium"
"ASV2716","Bin8",9.52179432924249e-05,"Bacteria","Chloroflexi","Anaerolineae","Anaerolineales","Anaerolineaceae","uncultured","uncultured bacterium"
"ASV2717","Bin39",9.52179432924249e-05,"Bacteria","Planctomycetota","Planctomycetes","Gemmatales","Gemmataceae","Fimbriiglobus","uncultured bacterium"
"ASV2718","Bin67",9.52179432924249e-05,"Bacteria","Proteobacteria","Gammaproteobacteria","Burkholderiales","Burkholderiaceae","Lautropia","uncultured bacterium"
"ASV2719","Bin47",9.52179432924249e-05,"Bacteria","Acidobacteriota","Subgroup 25",NA,NA,"uncultured","uncultured bacterium"
"ASV2720","Bin81",9.52179432924249e-05,"Bacteria","Proteobacteria","Alphaproteobacteria","Rhodobacterales","Rhodobacteraceae","Amaricoccus","uncultured bacterium"
"ASV2721","Bin87",9.30496053882639e-05,"Bacteria","Proteobacteria","Alphaproteobacteria","Rhizobiales","Devosiaceae","uncultured","uncultured bacterium"
"ASV2722","Bin44",9.81461286804798e-05,"Bacteria","FCPU426",NA,NA,NA,"uncultured","uncultured bacterium"
"ASV2723","Bin29",9.81461286804798e-05,"Bacteria","Bacteroidota","Bacteroidia","Bacteroidales","Paludibacteraceae","Paludibacter","uncultured bacterium"
"ASV2724","Bin69",9.81461286804798e-05,"Bacteria","Proteobacteria","Gammaproteobacteria","Burkholderiales","Comamonadaceae","Ideonella","uncultured bacterium"
"ASV2725","Bin53",9.81461286804798e-05,"Bacteria","Spirochaetota","Spirochaetia","Spirochaetales","Spirochaetaceae","uncultured","uncultured bacterium"
"ASV2726","Bin9",9.81461286804798e-05,"Bacteria","Chloroflexi","Anaerolineae","Anaerolineales","Anaerolineaceae","Anaerolinea","uncultured bacterium"
"ASV2727","Bin28",9.81461286804798e-05,"Bacteria","Bacteroidota","Bacteroidia","Chitinophagales","Saprospiraceae","uncultured","uncultured bacterium"
"ASV2728","Bin44",9.81461286804798e-05,"Bacteria","Verrucomicrobiota","Omnitrophia","Omnitrophales","Omnitrophaceae","Candidatus Omnitrophus","uncultured bacterium"
"ASV2729","Bin8",9.81461286804798e-05,"Bacteria","Chloroflexi","Anaerolineae","SJA-15",NA,"uncultured","uncultured bacterium"
"ASV2730","Bin44",9.81461286804798e-05,"Bacteria","Verrucomicrobiota","Omnitrophia","Omnitrophales","Omnitrophaceae","Candidatus Omnitrophus","uncultured bacterium"
"ASV2731","Bin106",9.81461286804798e-05,"Bacteria","Actinobacteriota","Acidimicrobiia","Microtrichales","Ilumatobacteraceae","uncultured","uncultured bacterium"
"ASV2732","Bin24",9.81461286804798e-05,"Bacteria","Bacteroidota","Bacteroidia","Chitinophagales","Chitinophagaceae","Terrimonas","uncultured bacterium"
"ASV2733","Bin98",9.81461286804798e-05,"Bacteria","Desulfobacterota","Desulfobacteria","Desulfobacterales","Desulfosarcinaceae","Sva0081 sediment group","uncultured bacterium"
"ASV2734","Bin96",9.81461286804798e-05,"Bacteria","Proteobacteria","Alphaproteobacteria","Rickettsiales","SM2D12","uncultured","uncultured bacterium"
"ASV2735","Bin57",9.81461286804798e-05,"Bacteria","Firmicutes","Clostridia","Christensenellales","Christensenellaceae","uncultured","uncultured bacterium"
"ASV2736","Bin103",9.81461286804798e-05,"Bacteria","Verrucomicrobiota","Verrucomicrobiae","Pedosphaerales","Pedosphaeraceae","uncultured","uncultured bacterium"
"ASV2737","Bin38",9.81461286804798e-05,"Bacteria","Planctomycetota","Planctomycetes","Pirellulales","Pirellulaceae","Pirellula","uncultured bacterium"
"ASV2738","Bin53",9.81461286804798e-05,"Bacteria","Spirochaetota","Spirochaetia","Spirochaetales","Spirochaetaceae","uncultured","uncultured bacterium"
"ASV2739","Bin8",9.81461286804798e-05,"Bacteria","Chloroflexi","Anaerolineae","Ardenticatenales",NA,"uncultured","uncultured bacterium"
"ASV2740","Bin77",9.81461286804798e-05,"Bacteria","Proteobacteria","Alphaproteobacteria","Rhodospirillales","Magnetospirillaceae","Magnetospirillum","uncultured bacterium"
"ASV2741","Bin4",9.81461286804798e-05,"Bacteria","Chloroflexi","Anaerolineae","SBR1031","A4b","uncultured","uncultured bacterium"
"ASV2742","Bin83",9.81461286804798e-05,"Bacteria","Proteobacteria","Alphaproteobacteria","Sphingomonadales","Sphingomonadaceae","Sphingomonas","uncultured bacterium"
"ASV2743","Bin73",9.81461286804798e-05,"Bacteria","Proteobacteria","Gammaproteobacteria","Beggiatoales","Beggiatoaceae","Beggiatoa","uncultured bacterium"
"ASV2744","Bin105",9.81461286804798e-05,"Bacteria","Actinobacteriota","Thermoleophilia","Gaiellales",NA,"uncultured","uncultured bacterium"
"ASV2745","Bin11",9.81461286804798e-05,"Bacteria","Elusimicrobiota","Endomicrobia","Endomicrobiales","Endomicrobiaceae","Endomicrobium","uncultured bacterium"
"ASV2746","Bin9",9.81461286804798e-05,"Bacteria","Chloroflexi","Anaerolineae","Anaerolineales","Anaerolineaceae","uncultured","uncultured bacterium"
"ASV2747","Bin18",9.81461286804798e-05,"Bacteria","Bacteroidota","Bacteroidia","Bacteroidales","SB-5","uncultured","uncultured bacterium"
"ASV2748","Bin35",9.81461286804798e-05,"Bacteria","Planctomycetota","Planctomycetes","Pirellulales","Pirellulaceae","Pirellula","uncultured bacterium"
"ASV2749","Bin103",9.81461286804798e-05,"Bacteria","Verrucomicrobiota","Verrucomicrobiae","Opitutales","Opitutaceae","Alterococcus","uncultured bacterium"
"ASV2750","Bin54",9.81461286804798e-05,"Bacteria","Spirochaetota","Spirochaetia","Spirochaetales","Spirochaetaceae","Treponema","uncultured bacterium"
"ASV2751","Bin62",9.81461286804798e-05,"Bacteria","Proteobacteria","Gammaproteobacteria","Burkholderiales","Rhodocyclaceae","uncultured","uncultured bacterium"
"ASV2752","Bin62",9.81461286804798e-05,"Bacteria","Proteobacteria","Gammaproteobacteria","Burkholderiales","Rhodocyclaceae","Dechlorobacter","uncultured bacterium"
"ASV2753","Bin31",9.81461286804798e-05,"Bacteria","Planctomycetota","Planctomycetes","Planctomycetales",NA,"uncultured","uncultured bacterium"
"ASV2754","Bin61",9.81461286804798e-05,"Bacteria","Proteobacteria","Gammaproteobacteria","Pseudomonadales","Spongiibacteraceae","BD1-7 clade","uncultured bacterium"
"ASV2755","Bin58",9.81461286804798e-05,"Bacteria","Firmicutes","Clostridia","Oscillospirales","Oscillospiraceae","Sporobacter","uncultured bacterium"
"ASV2756","Bin62",9.81461286804798e-05,"Bacteria","Proteobacteria","Gammaproteobacteria","Competibacterales","Competibacteraceae","Candidatus Competibacter","uncultured bacterium"
"ASV2757","Bin64",7.63358778625954e-05,"Bacteria","Proteobacteria","Gammaproteobacteria","Burkholderiales","Rhodocyclaceae","Denitratisoma","uncultured bacterium"
"ASV2758","Bin68",9.43510211162883e-05,"Bacteria","Proteobacteria","Gammaproteobacteria","Burkholderiales","Comamonadaceae","Rivibacter","uncultured bacterium"
"ASV2759","Bin108",9.13149350649351e-05,"Bacteria","Actinobacteriota","Actinobacteria","Streptomycetales","Streptomycetaceae","Streptomyces","uncultured bacterium"
"ASV2760","Bin11",9.13149350649351e-05,"Bacteria","Firmicutes","Incertae Sedis","DTU014",NA,"uncultured","uncultured bacterium"
"ASV2761","Bin59",9.13149350649351e-05,"Bacteria","Proteobacteria","Gammaproteobacteria","CCM19a",NA,"uncultured","uncultured bacterium"
"ASV2762","Bin95",9.13149350649351e-05,"Bacteria","Proteobacteria","Alphaproteobacteria","Micavibrionales",NA,"uncultured","uncultured bacterium"
"ASV2763","Bin97",9.13149350649351e-05,"Bacteria","Proteobacteria","Alphaproteobacteria","Rhodospirillales",NA,"uncultured","uncultured bacterium"
"ASV2764","Bin20",9.13149350649351e-05,"Bacteria","Bacteroidota","Bacteroidia","Flavobacteriales","Weeksellaceae","Chryseobacterium","uncultured bacterium"
"ASV2765","Bin107",9.13149350649351e-05,"Bacteria","Actinobacteriota","Actinobacteria","Micromonosporales","Micromonosporaceae","Virgisporangium","uncultured bacterium"
"ASV2766","Bin8",9.13149350649351e-05,"Bacteria","Chloroflexi","Anaerolineae","Ardenticatenales",NA,"uncultured","uncultured bacterium"
"ASV2767","Bin66",9.13149350649351e-05,"Bacteria","Proteobacteria","Gammaproteobacteria","Burkholderiales","TRA3-20","uncultured","uncultured bacterium"
"ASV2768","Bin41",9.13149350649351e-05,"Bacteria","Planctomycetota","Phycisphaerae","Tepidisphaerales","CPla-3 termite group","uncultured","uncultured bacterium"
"ASV2769","Bin56",9.13149350649351e-05,"Bacteria","Firmicutes","Clostridia","Peptostreptococcales-Tissierellales","Acidaminobacteraceae","Acidaminobacter","uncultured bacterium"
"ASV2795","Bin2",8.92976737955976e-05,"Bacteria","Chloroflexi","Anaerolineae","SBR1031","A4b","uncultured","uncultured bacterium"
"ASV2796","Bin38",8.92976737955976e-05,"Bacteria","Planctomycetota","Planctomycetes","Pirellulales","Pirellulaceae","Pirellula","uncultured bacterium"
"ASV2797","Bin71",8.92976737955976e-05,"Bacteria","Proteobacteria","Gammaproteobacteria","Burkholderiales","Comamonadaceae","Ramlibacter","uncultured bacterium"
"ASV2798","Bin7",8.92976737955976e-05,"Bacteria",NA,NA,NA,NA,"uncultured","uncultured bacterium"
"ASV2799","Bin27",8.92976737955976e-05,"Bacteria","Bacteroidota","Bacteroidia","Chitinophagales","Chitinophagaceae","Parafilimonas","uncultured bacterium"
"ASV2800","Bin66",8.92976737955976e-05,"Bacteria","Proteobacteria","Gammaproteobacteria","Burkholderiales","Nitrosomonadaceae","Nitrosomonas","uncultured bacterium"
"ASV2801","Bin86",8.92976737955976e-05,"Bacteria","Proteobacteria","Alphaproteobacteria","Rhizobiales","Rhizobiaceae","Mesorhizobium","uncultured bacterium"
"ASV2802","Bin61",8.92976737955976e-05,"Bacteria","Proteobacteria","Gammaproteobacteria","Methylococcales","Methylomonadaceae","uncultured","uncultured bacterium"
"ASV2803","Bin80",8.92976737955976e-05,"Bacteria","Proteobacteria","Alphaproteobacteria","Caulobacterales","Hyphomonadaceae","SWB02","uncultured bacterium"
"ASV2804","Bin96",8.92976737955976e-05,"Bacteria","Proteobacteria","Alphaproteobacteria","Rickettsiales","SM2D12","uncultured","uncultured bacterium"
"ASV2805","Bin32",8.92976737955976e-05,"Bacteria","Planctomycetota","Planctomycetes","Planctomycetales","Rubinisphaeraceae","Planctomicrobium","uncultured bacterium"
"ASV2806","Bin45",8.92976737955976e-05,"Bacteria","Acidobacteriota","Vicinamibacteria","Vicinamibacterales","Vicinamibacteraceae","uncultured","uncultured bacterium"
"ASV2807","Bin40",8.92976737955976e-05,"Bacteria","Planctomycetota","OM190",NA,NA,"uncultured","uncultured bacterium"
"ASV2808","Bin101",8.92976737955976e-05,"Bacteria","Desulfobacterota",NA,NA,NA,"uncultured","uncultured bacterium"
"ASV2809","Bin107",8.92976737955976e-05,"Bacteria","Actinobacteriota","Actinobacteria","Pseudonocardiales","Pseudonocardiaceae","uncultured","uncultured bacterium"
"ASV2810","Bin107",8.92976737955976e-05,"Bacteria","Actinobacteriota","Actinobacteria","Micromonosporales","Micromonosporaceae","Couchioplanes","uncultured bacterium"
"ASV2811","Bin79",8.92976737955976e-05,"Bacteria","Proteobacteria","Alphaproteobacteria","Tistrellales","Geminicoccaceae","Candidatus Alysiosphaera","uncultured bacterium"
"ASV2812","Bin8",8.92976737955976e-05,"Bacteria","Chloroflexi","Anaerolineae","Anaerolineales","Anaerolineaceae","uncultured","uncultured bacterium"
"ASV2813","Bin84",8.92976737955976e-05,"Bacteria","Proteobacteria","Alphaproteobacteria","Sphingomonadales","Sphingomonadaceae","Altererythrobacter","uncultured bacterium"
"ASV2814","Bin104",8.92976737955976e-05,"Bacteria","Actinobacteriota","Thermoleophilia","Solirubrobacterales","67-14","uncultured","uncultured bacterium"
"ASV2815","Bin20",8.92976737955976e-05,"Bacteria","Bacteroidota","Bacteroidia","Flavobacteriales","Flavobacteriaceae","Flavobacterium","uncultured bacterium"
"ASV2816","Bin41",8.92976737955976e-05,"Bacteria","Planctomycetota","Phycisphaerae","Tepidisphaerales","CPla-3 termite group","uncultured","uncultured bacterium"
"ASV2817","Bin59",8.92976737955976e-05,"Bacteria","Proteobacteria","Gammaproteobacteria","R7C24",NA,"uncultured","uncultured bacterium"
"ASV2818","Bin56",8.46381718154888e-05,"Bacteria","Firmicutes","Bacilli","Acholeplasmatales","Acholeplasmataceae","Candidatus Phytoplasma","uncultured bacterium"
"ASV2819","Bin66",8.46381718154888e-05,"Bacteria","Proteobacteria","Gammaproteobacteria","Burkholderiales","Methylophilaceae","Methylobacillus","uncultured bacterium"
"ASV2820","Bin92",8.46381718154888e-05,"Bacteria","Proteobacteria","Alphaproteobacteria","Rhizobiales","Rhizobiales Incertae Sedis","uncultured","uncultured bacterium"
"ASV2821","Bin6",8.46381718154888e-05,"Bacteria","Chloroflexi","Anaerolineae","SBR1031","A4b","uncultured","uncultured bacterium"
"ASV2822","Bin1",8.46381718154888e-05,"Bacteria","Chloroflexi","Anaerolineae","SBR1031","A4b","uncultured","uncultured bacterium"
"ASV2823","Bin85",8.46381718154888e-05,"Bacteria","Proteobacteria","Alphaproteobacteria","Sphingomonadales","Sphingomonadaceae","Sphingopyxis","uncultured bacterium"
"ASV2824","Bin63",8.46381718154888e-05,"Bacteria","Proteobacteria","Gammaproteobacteria","Burkholderiales","SC-I-84","uncultured","uncultured bacterium"
"ASV2825","Bin96",8.46381718154888e-05,"Bacteria","Proteobacteria","Alphaproteobacteria","Rickettsiales","SM2D12","uncultured","uncultured bacterium"
"ASV2826","Bin14",8.46381718154888e-05,"Bacteria","Bacteroidota","Ignavibacteria","SJA-28",NA,"uncultured","uncultured bacterium"
"ASV2827","Bin82",8.46381718154888e-05,"Bacteria","Proteobacteria","Alphaproteobacteria","Rhizobiales","Rhizobiaceae","Allorhizobium-Neorhizobium-Pararhizobium-Rhizobium","uncultured bacterium"
"ASV2828","Bin89",8.46381718154888e-05,"Bacteria","Proteobacteria","Alphaproteobacteria","Rhizobiales","Rhizobiales Incertae Sedis","Bauldia","uncultured bacterium"
"ASV2829","Bin5",8.46381718154888e-05,"Bacteria","Chloroflexi","Anaerolineae","SBR1031",NA,"uncultured","uncultured bacterium"
"ASV2830","Bin14",8.46381718154888e-05,"Bacteria","Bacteroidota","Kapabacteria","Kapabacteriales",NA,"uncultured","uncultured bacterium"
"ASV2831","Bin78",8.46381718154888e-05,"Bacteria","Proteobacteria","Alphaproteobacteria",NA,NA,"uncultured","uncultured bacterium"
"ASV2832","Bin28",8.46381718154888e-05,"Bacteria","Bacteroidota","Bacteroidia","Chitinophagales","Saprospiraceae","uncultured","uncultured bacterium"
"ASV2833","Bin5",8.46381718154888e-05,"Bacteria","Chloroflexi","Anaerolineae","SBR1031","A4b","uncultured","uncultured bacterium"
"ASV2834","Bin76",8.46381718154888e-05,"Bacteria","Proteobacteria","Alphaproteobacteria","Acetobacterales","Acetobacteraceae","uncultured","uncultured bacterium"
"ASV2835","Bin73",8.46381718154888e-05,"Bacteria","Proteobacteria","Gammaproteobacteria","Legionellales","Legionellaceae","Legionella","uncultured bacterium"
"ASV2836","Bin90",8.46381718154888e-05,"Bacteria","Proteobacteria","Alphaproteobacteria","Rhizobiales","Xanthobacteraceae","Pseudorhodoplanes","uncultured bacterium"
"ASV2837","Bin80",8.46381718154888e-05,"Bacteria","Proteobacteria","Alphaproteobacteria","Caulobacterales","Hyphomonadaceae","SWB02","uncultured bacterium"
"ASV2838","Bin8",8.46381718154888e-05,"Bacteria","Chloroflexi","Anaerolineae","Ardenticatenales",NA,"uncultured","uncultured bacterium"
"ASV2839","Bin94",8.46381718154888e-05,"Bacteria","Proteobacteria","Alphaproteobacteria","Caulobacterales","Caulobacteraceae","Asticcacaulis","uncultured bacterium"
"ASV2840","Bin67",8.46381718154888e-05,"Bacteria","Proteobacteria","Gammaproteobacteria","Burkholderiales","Alcaligenaceae","uncultured","uncultured bacterium"
"ASV2841","Bin82",8.46381718154888e-05,"Bacteria","Proteobacteria","Alphaproteobacteria","Rhizobiales","Rhizobiaceae","Allorhizobium-Neorhizobium-Pararhizobium-Rhizobium","uncultured bacterium"
"ASV2842","Bin95",8.46381718154888e-05,"Bacteria","Proteobacteria","Alphaproteobacteria",NA,NA,"uncultured","uncultured bacterium"
"ASV2843","Bin61",8.46381718154888e-05,"Bacteria","Proteobacteria","Gammaproteobacteria","Methylococcales","Methylomonadaceae","Methylosarcina","uncultured bacterium"
"ASV2844","Bin66",8.46381718154888e-05,"Bacteria","Proteobacteria","Gammaproteobacteria","Burkholderiales","Chitinibacteraceae","Formivibrio","uncultured bacterium"
"ASV2845","Bin95",8.46381718154888e-05,"Bacteria","Proteobacteria","Alphaproteobacteria","Rhodospirillales",NA,"uncultured","uncultured bacterium"
"ASV2846","Bin61",8.46381718154888e-05,"Bacteria","Bdellovibrionota","Bdellovibrionia","Bacteriovoracales","Bacteriovoracaceae","Peredibacter","uncultured bacterium"
"ASV2847","Bin78",8.46381718154888e-05,"Bacteria","Proteobacteria","Alphaproteobacteria",NA,NA,"uncultured","uncultured bacterium"
"ASV2848","Bin23",8.46381718154888e-05,"Bacteria","Bacteroidota","Bacteroidia","Chitinophagales",NA,"uncultured","uncultured bacterium"
"ASV2849","Bin81",8.46381718154888e-05,"Bacteria","Proteobacteria","Alphaproteobacteria","Rhodobacterales","Rhodobacteraceae","Rubellimicrobium","uncultured bacterium"
"ASV2850","Bin46",8.46381718154888e-05,"Bacteria","Acidobacteriota","Vicinamibacteria","Vicinamibacterales",NA,"uncultured","uncultured bacterium"
"ASV2851","Bin99",8.46381718154888e-05,"Bacteria","Desulfobacterota","Syntrophobacteria","Syntrophobacterales","Syntrophobacteraceae","Desulfovirga","uncultured bacterium"
"ASV2852","Bin94",8.46381718154888e-05,"Bacteria","Proteobacteria","Alphaproteobacteria","Caulobacterales","Caulobacteraceae","Brevundimonas","uncultured bacterium"
"ASV2853","Bin85",8.46381718154888e-05,"Bacteria","Proteobacteria","Alphaproteobacteria","Sphingomonadales","Sphingomonadaceae","Novosphingobium","uncultured bacterium"
"ASV2854","Bin91",8.46381718154888e-05,"Bacteria","Proteobacteria","Alphaproteobacteria","Rhizobiales","Beijerinckiaceae","Methylocystis","uncultured bacterium"
"ASV2855","Bin3",8.46381718154888e-05,"Bacteria","Chloroflexi","Anaerolineae","SBR1031","A4b","uncultured","uncultured bacterium"
"ASV2856","Bin31",8.72410032715376e-05,"Bacteria","Planctomycetota","Planctomycetes","Planctomycetales","Gimesiaceae","uncultured","uncultured bacterium"
"ASV2857","Bin22",8.72410032715376e-05,"Bacteria","Bacteroidota","Bacteroidia","Sphingobacteriales","Lentimicrobiaceae","uncultured","uncultured bacterium"
"ASV2858","Bin47",8.72410032715376e-05,"Bacteria","Acidobacteriota","Blastocatellia","Blastocatellales","Blastocatellaceae","JGI 0001001-H03","uncultured bacterium"
"ASV2859","Bin43",8.72410032715376e-05,"Bacteria","Nitrospirota","Thermodesulfovibrionia",NA,NA,"uncultured","uncultured bacterium"
"ASV2860","Bin51",8.72410032715376e-05,"Bacteria","Patescibacteria","Microgenomatia","Candidatus Gottesmanbacteria",NA,"uncultured","uncultured bacterium"
"ASV2861","Bin61",8.72410032715376e-05,"Bacteria","Dependentiae","Babeliae","Babeliales",NA,"uncultured","uncultured bacterium"
"ASV2862","Bin21",8.72410032715376e-05,"Bacteria","Bacteroidota","Bacteroidia","Flavobacteriales","NS9 marine group","uncultured","uncultured bacterium"
"ASV2863","Bin11",8.72410032715376e-05,"Bacteria","Elusimicrobiota","Lineage IIb",NA,NA,"uncultured","uncultured bacterium"
"ASV2864","Bin95",8.72410032715376e-05,"Bacteria","Proteobacteria","Alphaproteobacteria","Micavibrionales",NA,"uncultured","uncultured bacterium"
"ASV2865","Bin61",8.72410032715376e-05,"Bacteria","Dependentiae","Babeliae","Babeliales","Vermiphilaceae","uncultured","uncultured bacterium"
"ASV2866","Bin103",8.72410032715376e-05,"Bacteria","Verrucomicrobiota","Verrucomicrobiae","Methylacidiphilales","Methylacidiphilaceae","uncultured","uncultured bacterium"
"ASV2867","Bin69",8.72410032715376e-05,"Bacteria","Proteobacteria","Gammaproteobacteria","Burkholderiales","Comamonadaceae","Ideonella","uncultured bacterium"
"ASV2868","Bin23",8.72410032715376e-05,"Bacteria","Bacteroidota","Bacteroidia","Sphingobacteriales","env.OPS 17","uncultured","uncultured bacterium"
"ASV2869","Bin36",8.72410032715376e-05,"Bacteria","Planctomycetota","Planctomycetes","Pirellulales","Pirellulaceae","Pir4 lineage","uncultured bacterium"
"ASV2870","Bin44",8.72410032715376e-05,"Bacteria","Methylomirabilota","Methylomirabilia","Methylomirabilales","Methylomirabilaceae","Sh765B-TzT-35","uncultured bacterium"
"ASV2871","Bin3",8.72410032715376e-05,"Bacteria","Chloroflexi","Anaerolineae","SBR1031","A4b","uncultured","uncultured bacterium"
"ASV2872","Bin12",8.72410032715376e-05,"Bacteria","Firmicutes","Negativicutes","Veillonellales-Selenomonadales","Sporomusaceae","Sporomusa","uncultured bacterium"
"ASV2873","Bin52",8.72410032715376e-05,"Bacteria","Patescibacteria","Saccharimonadia","Saccharimonadales",NA,"uncultured","uncultured bacterium"
"ASV2874","Bin48",8.72410032715376e-05,"Bacteria","Cyanobacteria","Sericytochromatia",NA,NA,"uncultured","uncultured bacterium"
"ASV2875","Bin103",8.72410032715376e-05,"Bacteria","Verrucomicrobiota","Verrucomicrobiae","Pedosphaerales","Pedosphaeraceae","uncultured","uncultured bacterium"
"ASV2876","Bin57",8.72410032715376e-05,"Bacteria","Firmicutes","Clostridia","Christensenellales","Christensenellaceae","uncultured","uncultured bacterium"
"ASV2877","Bin30",8.72410032715376e-05,"Bacteria","Acidobacteriota","Holophagae","Holophagales","Holophagaceae","uncultured","uncultured bacterium"
"ASV2878","Bin56",8.72410032715376e-05,"Bacteria","Firmicutes","Clostridia","Peptostreptococcales-Tissierellales","Family XI","W5053","uncultured bacterium"
"ASV2879","Bin31",8.72410032715376e-05,"Bacteria","Planctomycetota","Planctomycetes","Planctomycetales",NA,"uncultured","uncultured bacterium"
"ASV2880","Bin64",8.72410032715376e-05,"Bacteria","Proteobacteria","Gammaproteobacteria","Burkholderiales","Rhodocyclaceae","Sulfuritalea","uncultured bacterium"
"ASV2881","Bin106",8.72410032715376e-05,"Bacteria","Actinobacteriota","Acidimicrobiia","Microtrichales","Microtrichaceae","uncultured","uncultured bacterium"
"ASV2882","Bin20",8.72410032715376e-05,"Bacteria","Bacteroidota","Bacteroidia","Flavobacteriales","Crocinitomicaceae","Fluviicola","uncultured bacterium"
"ASV2883","Bin91",8.72410032715376e-05,"Bacteria","Proteobacteria","Alphaproteobacteria","Rhizobiales","Pleomorphomonadaceae","Pleomorphomonas","uncultured bacterium"
"ASV2884","Bin53",8.72410032715376e-05,"Bacteria","Spirochaetota","Spirochaetia","Spirochaetales","Spirochaetaceae","uncultured","uncultured bacterium"
"ASV2885","Bin61",8.72410032715376e-05,"Bacteria","Proteobacteria","Gammaproteobacteria","Enterobacterales","Erwiniaceae","Siccibacter","uncultured bacterium"
"ASV2886","Bin58",8.72410032715376e-05,"Bacteria","Firmicutes","Clostridia","Oscillospirales","Oscillospiraceae","NK4A214 group","uncultured bacterium"
"ASV2887","Bin74",8.72410032715376e-05,"Bacteria","Desulfobacterota","Desulfovibrionia","Desulfovibrionales","Desulfovibrionaceae","Desulfovibrio","uncultured bacterium"
"ASV2888","Bin18",8.72410032715376e-05,"Bacteria","Bacteroidota","Bacteroidia","Bacteroidales","Paludibacteraceae","uncultured","uncultured bacterium"
"ASV2889","Bin91",8.72410032715376e-05,"Bacteria","Proteobacteria","Alphaproteobacteria","Rhizobiales","Pleomorphomonadaceae","Pleomorphomonas","uncultured bacterium"
"ASV2890","Bin69",8.72410032715376e-05,"Bacteria","Proteobacteria","Gammaproteobacteria","Burkholderiales","Comamonadaceae","Ideonella","uncultured bacterium"
"ASV2891","Bin40",8.72410032715376e-05,"Bacteria","Planctomycetota","Planctomycetes","Isosphaerales","Isosphaeraceae","Aquisphaera","uncultured bacterium"
"ASV2892","Bin43",8.11688311688312e-05,"Bacteria","Acidobacteriota","Acidobacteriae","Bryobacterales","Bryobacteraceae","Bryobacter","uncultured bacterium"
"ASV2893","Bin60",8.11688311688312e-05,"Bacteria","Proteobacteria","Gammaproteobacteria","Steroidobacterales","Steroidobacteraceae","Steroidobacter","uncultured bacterium"
"ASV2894","Bin31",8.11688311688312e-05,"Bacteria","Planctomycetota","Planctomycetes","Planctomycetales","Schlesneriaceae","Planctopirus","uncultured bacterium"
"ASV2895","Bin7",8.11688311688312e-05,"Bacteria","Chloroflexi","TK10",NA,NA,"uncultured","uncultured bacterium"
"ASV2896","Bin61",8.11688311688312e-05,"Bacteria","Proteobacteria","Gammaproteobacteria","Methylococcales","Methylomonadaceae","uncultured","uncultured bacterium"
"ASV2897","Bin41",8.11688311688312e-05,"Bacteria","Planctomycetota","Phycisphaerae","Tepidisphaerales","WD2101 soil group","uncultured","uncultured bacterium"
"ASV2898","Bin18",8.11688311688312e-05,"Bacteria","Bacteroidota","Bacteroidia","Bacteroidales","Prolixibacteraceae","Roseimarinus","uncultured bacterium"
"ASV2899","Bin41",8.11688311688312e-05,"Bacteria","Planctomycetota","Phycisphaerae","Tepidisphaerales","WD2101 soil group","uncultured","uncultured bacterium"
"ASV2900","Bin47",8.11688311688312e-05,"Bacteria","Acidobacteriota","Blastocatellia","Blastocatellales","Blastocatellaceae","JGI 0001001-H03","uncultured bacterium"
"ASV2901","Bin50",8.11688311688312e-05,"Bacteria","Proteobacteria","Alphaproteobacteria","Rickettsiales","Mitochondria","uncultured","uncultured bacterium"
"ASV2902","Bin82",8.11688311688312e-05,"Bacteria","Proteobacteria","Alphaproteobacteria","Rhizobiales","Rhizobiaceae","Allorhizobium-Neorhizobium-Pararhizobium-Rhizobium","uncultured bacterium"
"ASV2903","Bin17",8.11688311688312e-05,"Bacteria","Bacteroidota","Bacteroidia","Cytophagales","Cytophagaceae","Cytophaga","uncultured bacterium"
"ASV2904","Bin106",8.11688311688312e-05,"Bacteria","Actinobacteriota","Acidimicrobiia","Microtrichales","Ilumatobacteraceae","CL500-29 marine group","uncultured bacterium"
"ASV2905","Bin39",8.11688311688312e-05,"Bacteria","Planctomycetota","Planctomycetes","Gemmatales","Gemmataceae","Fimbriiglobus","uncultured bacterium"
"ASV2906","Bin103",8.11688311688312e-05,"Bacteria","Verrucomicrobiota","Verrucomicrobiae","Chthoniobacterales","Terrimicrobiaceae","Terrimicrobium","uncultured bacterium"
"ASV2907","Bin102",8.11688311688312e-05,"Bacteria","Bdellovibrionota","Oligoflexia","0319-6G20",NA,"uncultured","uncultured bacterium"
"ASV2908","Bin87",8.11688311688312e-05,"Bacteria","Proteobacteria","Alphaproteobacteria","Rhizobiales","Devosiaceae","Devosia","uncultured bacterium"
"ASV2909","Bin63",8.11688311688312e-05,"Bacteria","Proteobacteria","Gammaproteobacteria","Burkholderiales","SC-I-84","uncultured","uncultured bacterium"
"ASV2950","Bin75",7.81354645711479e-05,"Bacteria","SAR324 clade(Marine group B)",NA,NA,NA,"uncultured","uncultured bacterium"
"ASV2951","Bin8",7.81354645711479e-05,"Bacteria","Chloroflexi","Anaerolineae","RBG-13-54-9",NA,"uncultured","uncultured bacterium"
"ASV2952","Bin82",7.81354645711479e-05,"Bacteria","Proteobacteria","Alphaproteobacteria","Rhizobiales","Rhizobiaceae","uncultured","uncultured bacterium"
"ASV2953","Bin74",7.81354645711479e-05,"Bacteria","Desulfobacterota","Desulfovibrionia","Desulfovibrionales","Desulfovibrionaceae","Desulfovibrio","uncultured bacterium"
"ASV2954","Bin75",7.81354645711479e-05,"Bacteria","Campylobacterota","Campylobacteria","Campylobacterales",NA,"uncultured","uncultured bacterium"
"ASV2955","Bin7",7.81354645711479e-05,"Bacteria","Chloroflexi","Chloroflexia","Thermomicrobiales","AKYG1722","uncultured","uncultured bacterium"
"ASV2956","Bin16",7.81354645711479e-05,"Bacteria","Bacteroidota","Bacteroidia","Cytophagales","Microscillaceae","Chryseolinea","uncultured bacterium"
"ASV2957","Bin67",7.81354645711479e-05,"Bacteria","Proteobacteria","Gammaproteobacteria","Burkholderiales","Burkholderiaceae","Cupriavidus","uncultured bacterium"
"ASV2958","Bin106",7.81354645711479e-05,"Bacteria","Actinobacteriota","Acidimicrobiia","Microtrichales",NA,"uncultured","uncultured bacterium"
"ASV2959","Bin77",7.81354645711479e-05,"Bacteria","Proteobacteria","Alphaproteobacteria","Azospirillales","Azospirillaceae","Azospirillum","uncultured bacterium"
"ASV2960","Bin92",7.81354645711479e-05,"Bacteria","Proteobacteria","Alphaproteobacteria","Rhizobiales","Hyphomicrobiaceae","Hyphomicrobium","uncultured bacterium"
"ASV2961","Bin12",7.81354645711479e-05,"Bacteria","Firmicutes","Negativicutes",NA,NA,"uncultured","uncultured bacterium"
"ASV2962","Bin50",7.81354645711479e-05,"Bacteria","Proteobacteria","Alphaproteobacteria","Rickettsiales","Mitochondria","uncultured","uncultured bacterium"
"ASV2963","Bin1",7.81354645711479e-05,"Bacteria","Chloroflexi","Anaerolineae","SBR1031","A4b","uncultured","uncultured bacterium"
"ASV2964","Bin31",7.81354645711479e-05,"Bacteria","Planctomycetota","Planctomycetes","Planctomycetales","Schlesneriaceae","Planctopirus","uncultured bacterium"
"ASV2965","Bin97",7.81354645711479e-05,"Bacteria","Proteobacteria","Alphaproteobacteria","Rhodospirillales",NA,"uncultured","uncultured bacterium"
"ASV2966","Bin16",7.81354645711479e-05,"Bacteria","Bacteroidota","Bacteroidia","Cytophagales","Microscillaceae","Chryseolinea","uncultured bacterium"
"ASV2967","Bin33",7.81354645711479e-05,"Bacteria","Planctomycetota","Planctomycetes","Pirellulales","Pirellulaceae","Pir2 lineage","uncultured bacterium"
"ASV2968","Bin32",7.81354645711479e-05,"Bacteria","Planctomycetota","Planctomycetes","Planctomycetales","Rubinisphaeraceae","Planctomicrobium","uncultured bacterium"
"ASV2969","Bin95",7.81354645711479e-05,"Bacteria","Proteobacteria","Alphaproteobacteria","Rhodospirillales",NA,"uncultured","uncultured bacterium"
"ASV2970","Bin100",7.81354645711479e-05,"Bacteria","NB1-j",NA,NA,NA,"uncultured","uncultured bacterium"
"ASV2971","Bin85",7.81354645711479e-05,"Bacteria","Proteobacteria","Alphaproteobacteria","Sphingomonadales","Sphingomonadaceae","Sphingopyxis","uncultured bacterium"
"ASV2972","Bin51",7.81354645711479e-05,"Bacteria","Patescibacteria","Microgenomatia",NA,NA,"uncultured","uncultured bacterium"
"ASV2973","Bin7",7.73642131246254e-05,"Bacteria","Chloroflexi","Anaerolineae","Caldilineales","Caldilineaceae","uncultured","uncultured bacterium"
"ASV2974","Bin43",7.40584003385527e-05,"Bacteria","Acidobacteriota","Acidobacteriae","Bryobacterales","Bryobacteraceae","Bryobacter","uncultured bacterium"
"ASV2975","Bin31",7.40584003385527e-05,"Bacteria","Planctomycetota","Planctomycetes","Planctomycetales","Schlesneriaceae","Planctopirus","uncultured bacterium"
"ASV2976","Bin54",7.40584003385527e-05,"Bacteria","Spirochaetota","V2072-189E03",NA,NA,"uncultured","uncultured bacterium"
"ASV2977","Bin52",7.40584003385527e-05,"Bacteria",NA,NA,NA,NA,"uncultured","uncultured bacterium"
"ASV2978","Bin32",7.40584003385527e-05,"Bacteria","Planctomycetota","Planctomycetes","Planctomycetales","Rubinisphaeraceae","Planctomicrobium","uncultured bacterium"
"ASV2979","Bin11",7.40584003385527e-05,"Bacteria","Elusimicrobiota","Elusimicrobia","Lineage IV",NA,"uncultured","uncultured bacterium"
"ASV2980","Bin48",7.40584003385527e-05,"Bacteria","Cyanobacteria","Vampirivibrionia","Vampirovibrionales",NA,"uncultured","uncultured bacterium"
"ASV2981","Bin23",7.40584003385527e-05,"Bacteria","Bacteroidota","Bacteroidia","Sphingobacteriales","AKYH767","uncultured","uncultured bacterium"
"ASV2982","Bin51",7.40584003385527e-05,"Bacteria","Patescibacteria","Microgenomatia","Candidatus Amesbacteria",NA,"uncultured","uncultured bacterium"
"ASV2983","Bin81",7.40584003385527e-05,"Bacteria","Proteobacteria","Alphaproteobacteria","Rhodobacterales","Rhodobacteraceae","Amaricoccus","uncultured bacterium"
"ASV2984","Bin54",7.40584003385527e-05,"Bacteria","Cloacimonadota","Cloacimonadia","Cloacimonadales","Cloacimonadaceae","LNR A2-18","uncultured bacterium"
"ASV2985","Bin86",7.40584003385527e-05,"Bacteria","Proteobacteria","Alphaproteobacteria","Rhizobiales","Rhizobiaceae","Mesorhizobium","uncultured bacterium"
"ASV2986","Bin99",7.40584003385527e-05,"Bacteria","Desulfobacterota","Syntrophobacteria","Syntrophobacterales","Syntrophobacteraceae","Desulforhabdus","uncultured bacterium"
"ASV2987","Bin82",7.40584003385527e-05,"Bacteria","Proteobacteria","Alphaproteobacteria","Rhizobiales","Rhizobiaceae","Shinella","uncultured bacterium"
"ASV2988","Bin39",7.40584003385527e-05,"Bacteria","Planctomycetota","Planctomycetes","Gemmatales","Gemmataceae","uncultured","uncultured bacterium"
"ASV2989","Bin106",7.40584003385527e-05,"Bacteria","Actinobacteriota","Acidimicrobiia","IMCC26256",NA,"uncultured","uncultured bacterium"
"ASV2990","Bin54",7.40584003385527e-05,"Bacteria","Spirochaetota","Spirochaetia","Spirochaetales","Spirochaetaceae","uncultured","uncultured bacterium"
"ASV2991","Bin14",7.40584003385527e-05,"Bacteria","Bacteroidota","Ignavibacteria","SJA-28",NA,"uncultured","uncultured bacterium"
"ASV2992","Bin44",7.40584003385527e-05,"Bacteria","Verrucomicrobiota","Omnitrophia","Omnitrophales","Omnitrophaceae","Candidatus Omnitrophus","uncultured bacterium"
"ASV2993","Bin11",7.40584003385527e-05,"Bacteria","WPS-2",NA,NA,NA,"uncultured","uncultured bacterium"
"ASV2994","Bin32",7.40584003385527e-05,"Bacteria","Planctomycetota","Planctomycetes","Planctomycetales","Rubinisphaeraceae","SH-PL14","uncultured bacterium"
"ASV2995","Bin61",7.40584003385527e-05,"Bacteria","Bdellovibrionota","Oligoflexia","Silvanigrellales","Silvanigrellaceae","Silvanigrella","uncultured bacterium"
"ASV2996","Bin95",7.40584003385527e-05,"Bacteria","Proteobacteria","Alphaproteobacteria","Rhodospirillales",NA,"uncultured","uncultured bacterium"
"ASV2997","Bin77",7.40584003385527e-05,"Bacteria","Proteobacteria","Alphaproteobacteria","Rhodospirillales","Magnetospiraceae","uncultured","uncultured bacterium"
"ASV2998","Bin102",7.40584003385527e-05,"Bacteria","Bdellovibrionota","Bdellovibrionia","Bdellovibrionales","Bdellovibrionaceae","Bdellovibrio","uncultured bacterium"
"ASV2999","Bin52",7.40584003385527e-05,"Bacteria","Patescibacteria",NA,NA,NA,"uncultured","uncultured bacterium"
"ASV3000","Bin60",7.40584003385527e-05,"Bacteria","Proteobacteria","Gammaproteobacteria","PLTA13",NA,"uncultured","uncultured bacterium"
"ASV3001","Bin61",7.40584003385527e-05,"Bacteria","Dependentiae","Babeliae","Babeliales",NA,"uncultured","uncultured bacterium"
"ASV3002","Bin8",7.40584003385527e-05,"Bacteria","Chloroflexi","Anaerolineae","RBG-13-54-9",NA,"uncultured","uncultured bacterium"
"ASV3003","Bin38",7.40584003385527e-05,"Bacteria","Planctomycetota","Planctomycetes","Pirellulales","Pirellulaceae","Pirellula","uncultured bacterium"
"ASV3004","Bin7",7.40584003385527e-05,"Bacteria","Chloroflexi","JG30-KF-CM66",NA,NA,"uncultured","uncultured bacterium"
"ASV3005","Bin43",7.63358778625954e-05,"Bacteria","Acidobacteriota","Acidobacteriae","Elev-16S-1166",NA,"uncultured","uncultured bacterium"
"ASV3006","Bin4",7.63358778625954e-05,"Bacteria","Chloroflexi","Anaerolineae","SBR1031","A4b","uncultured","uncultured bacterium"
"ASV3007","Bin33",7.63358778625954e-05,"Bacteria","Planctomycetota","Planctomycetes","Pirellulales","Pirellulaceae","Pir4 lineage","uncultured bacterium"
"ASV3008","Bin71",7.63358778625954e-05,"Bacteria","Proteobacteria","Gammaproteobacteria","Burkholderiales","Comamonadaceae","Acidovorax","uncultured bacterium"
"ASV3009","Bin14",7.63358778625954e-05,"Bacteria","Bacteroidota","Ignavibacteria","SJA-28",NA,"uncultured","uncultured bacterium"
"ASV3010","Bin51",7.63358778625954e-05,"Bacteria","Patescibacteria","Microgenomatia","Candidatus Woesebacteria",NA,"uncultured","uncultured bacterium"
"ASV3011","Bin99",7.63358778625954e-05,"Bacteria","NKB15",NA,NA,NA,"uncultured","uncultured bacterium"
"ASV3012","Bin52",7.63358778625954e-05,"Bacteria","Patescibacteria","Saccharimonadia","Saccharimonadales",NA,"uncultured","uncultured bacterium"
"ASV3013","Bin47",7.63358778625954e-05,"Bacteria","Acidobacteriota","Subgroup 18",NA,NA,"uncultured","uncultured bacterium"
"ASV3014","Bin57",7.63358778625954e-05,"Bacteria","Firmicutes","Clostridia","Clostridiales","Clostridiaceae","Proteiniclasticum","uncultured bacterium"
"ASV3015","Bin62",7.63358778625954e-05,"Bacteria","Proteobacteria","Gammaproteobacteria","Burkholderiales","Rhodocyclaceae","Dechlorobacter","uncultured bacterium"
"ASV3016","Bin61",7.63358778625954e-05,"Bacteria","Proteobacteria","Gammaproteobacteria","Methylococcales","Methylomonadaceae","Crenothrix","uncultured bacterium"
"ASV3017","Bin41",7.63358778625954e-05,"Bacteria","Planctomycetota","Phycisphaerae","mle1-8",NA,"uncultured","uncultured bacterium"
"ASV3018","Bin101",7.63358778625954e-05,"Bacteria","Bdellovibrionota","Bdellovibrionia","Bdellovibrionales","Bdellovibrionaceae","OM27 clade","uncultured bacterium"
"ASV3019","Bin107",7.63358778625954e-05,"Bacteria","Actinobacteriota","Actinobacteria","Micromonosporales","Micromonosporaceae","Actinoplanes","uncultured bacterium"
"ASV3020","Bin80",7.63358778625954e-05,"Bacteria","Proteobacteria","Alphaproteobacteria","Caulobacterales","Hyphomonadaceae","UKL13-1","uncultured bacterium"
"ASV3021","Bin43",7.63358778625954e-05,"Bacteria","Nitrospirota","Thermodesulfovibrionia",NA,NA,"uncultured","uncultured bacterium"
"ASV3022","Bin20",7.63358778625954e-05,"Bacteria","Bacteroidota","Bacteroidia","Flavobacteriales","Crocinitomicaceae","Fluviicola","uncultured bacterium"
"ASV3023","Bin14",7.63358778625954e-05,"Bacteria","Bacteroidota","Kryptonia","Kryptoniales","MSB-3C8","uncultured","uncultured bacterium"
"ASV3024","Bin72",7.63358778625954e-05,"Bacteria","Proteobacteria","Gammaproteobacteria","Acidiferrobacterales","Acidiferrobacteraceae","Sulfurifustis","uncultured bacterium"
"ASV3025","Bin99",7.63358778625954e-05,"Bacteria","Desulfobacterota","Syntrophobacteria","Syntrophobacterales","Syntrophobacteraceae","Syntrophobacter","uncultured bacterium"
"ASV3026","Bin22",7.63358778625954e-05,"Bacteria","Bacteroidota","Bacteroidia","Sphingobacteriales","KD1-131","uncultured","uncultured bacterium"
"ASV3027","Bin102",7.63358778625954e-05,"Bacteria","Bdellovibrionota","Oligoflexia","0319-6G20",NA,"uncultured","uncultured bacterium"
"ASV3028","Bin40",7.63358778625954e-05,"Bacteria","Planctomycetota","Planctomycetes","Gemmatales","Gemmataceae","Zavarzinella","uncultured bacterium"
"ASV3029","Bin57",7.63358778625954e-05,"Bacteria","Firmicutes","Clostridia",NA,NA,"uncultured","uncultured bacterium"
"ASV3030","Bin5",7.63358778625954e-05,"Bacteria","Chloroflexi","Anaerolineae","SBR1031",NA,"uncultured","uncultured bacterium"
"ASV3031","Bin20",7.63358778625954e-05,"Bacteria","Bacteroidota","Bacteroidia","Flavobacteriales","Weeksellaceae","Chryseobacterium","uncultured bacterium"
"ASV3032","Bin43",7.63358778625954e-05,"Bacteria","Nitrospirota","Thermodesulfovibrionia",NA,NA,"uncultured","uncultured bacterium"
"ASV3033","Bin83",7.63358778625954e-05,"Bacteria","Proteobacteria","Alphaproteobacteria","Sphingomonadales","Sphingomonadaceae","Ellin6055","uncultured bacterium"
"ASV3034","Bin62",7.63358778625954e-05,"Bacteria","Proteobacteria","Gammaproteobacteria","Burkholderiales","Rhodocyclaceae","Dechlorobacter","uncultured bacterium"
"ASV3035","Bin41",7.63358778625954e-05,"Bacteria","Planctomycetota","Phycisphaerae","Phycisphaerales","Phycisphaeraceae","SM1A02","uncultured bacterium"
"ASV3036","Bin88",7.63358778625954e-05,"Bacteria","Proteobacteria","Alphaproteobacteria","Rhizobiales","Rhodomicrobiaceae","Rhodomicrobium","uncultured bacterium"
"ASV3037","Bin103",7.10227272727273e-05,"Bacteria","Verrucomicrobiota","Verrucomicrobiae","Pedosphaerales","Pedosphaeraceae","uncultured","uncultured bacterium"
"ASV3038","Bin67",7.10227272727273e-05,"Bacteria","Proteobacteria","Gammaproteobacteria","Burkholderiales","Oxalobacteraceae","uncultured","uncultured bacterium"
"ASV3039","Bin54",7.10227272727273e-05,"Bacteria","Spirochaetota","Spirochaetia","Spirochaetales","Spirochaetaceae","uncultured","uncultured bacterium"
"ASV3040","Bin54",7.10227272727273e-05,"Bacteria","Spirochaetota","Spirochaetia","Spirochaetales","Spirochaetaceae","Treponema","uncultured bacterium"
"ASV3041","Bin103",7.10227272727273e-05,"Bacteria","Verrucomicrobiota","Verrucomicrobiae","Pedosphaerales","Pedosphaeraceae","uncultured","uncultured bacterium"
"ASV3042","Bin81",7.10227272727273e-05,"Bacteria","Proteobacteria","Alphaproteobacteria","Rhodobacterales","Rhodobacteraceae","uncultured","uncultured bacterium"
"ASV3043","Bin52",7.10227272727273e-05,"Bacteria",NA,NA,NA,NA,"uncultured","uncultured bacterium"
"ASV3044","Bin74",7.10227272727273e-05,"Bacteria","Desulfobacterota","Desulfovibrionia","Desulfovibrionales","Desulfovibrionaceae","Desulfovibrio","uncultured bacterium"
"ASV3045","Bin103",7.10227272727273e-05,"Bacteria","Verrucomicrobiota","Verrucomicrobiae","Methylacidiphilales","Methylacidiphilaceae","uncultured","uncultured bacterium"
"ASV3046","Bin15",7.10227272727273e-05,"Bacteria","Bacteroidota","Ignavibacteria","Ignavibacteriales",NA,"uncultured","uncultured bacterium"
"ASV3047","Bin85",7.10227272727273e-05,"Bacteria","Proteobacteria","Alphaproteobacteria","Sphingomonadales","Sphingomonadaceae","Novosphingobium","uncultured bacterium"
"ASV3048","Bin100",7.10227272727273e-05,"Bacteria","Myxococcota","Polyangia","Haliangiales","Haliangiaceae","Haliangium","uncultured bacterium"
"ASV3049","Bin10",7.10227272727273e-05,"Bacteria","Chloroflexi","Anaerolineae","Anaerolineales","Anaerolineaceae","uncultured","uncultured bacterium"
"ASV3050","Bin14",7.10227272727273e-05,"Bacteria","Bacteroidota","Kapabacteria","Kapabacteriales",NA,"uncultured","uncultured bacterium"
"ASV3051","Bin35",7.10227272727273e-05,"Bacteria","Planctomycetota","Planctomycetes","Pirellulales","Pirellulaceae","Blastopirellula","uncultured bacterium"
"ASV3052","Bin96",7.10227272727273e-05,"Bacteria","Proteobacteria","Alphaproteobacteria","Rickettsiales","SM2D12","uncultured","uncultured bacterium"
"ASV3053","Bin14",7.10227272727273e-05,"Bacteria","Bacteroidota","Kapabacteria","Kapabacteriales",NA,"uncultured","uncultured bacterium"
"ASV3054","Bin86",7.10227272727273e-05,"Bacteria","Proteobacteria","Alphaproteobacteria","Rhizobiales","Rhizobiaceae","uncultured","uncultured bacterium"
"ASV3055","Bin28",7.10227272727273e-05,"Bacteria","Bacteroidota","Bacteroidia","Chitinophagales","Saprospiraceae","uncultured","uncultured bacterium"
"ASV3056","Bin41",7.10227272727273e-05,"Bacteria","Planctomycetota","Phycisphaerae","Tepidisphaerales","Tepidisphaeraceae","uncultured","uncultured bacterium"
"ASV3057","Bin47",7.10227272727273e-05,"Bacteria","Acidobacteriota","Blastocatellia","Pyrinomonadales","Pyrinomonadaceae","RB41","uncultured bacterium"
"ASV3093","Bin23",6.69732553466982e-05,"Bacteria","Bacteroidota","Bacteroidia","Sphingobacteriales","NS11-12 marine group","uncultured","uncultured bacterium"
"ASV3094","Bin107",6.69732553466982e-05,"Bacteria","Actinobacteriota","Actinobacteria","Propionibacteriales","Propionibacteriaceae","Brooklawnia","uncultured bacterium"
"ASV3095","Bin99",6.69732553466982e-05,"Bacteria","Myxococcota","Polyangia","Polyangiales","BIrii41","uncultured","uncultured bacterium"
"ASV3096","Bin95",6.69732553466982e-05,"Bacteria","Proteobacteria","Alphaproteobacteria","Rhodospirillales",NA,"uncultured","uncultured bacterium"
"ASV3097","Bin107",6.69732553466982e-05,"Bacteria","Actinobacteriota","Actinobacteria",NA,NA,"uncultured","uncultured bacterium"
"ASV3098","Bin46",6.69732553466982e-05,"Bacteria","Acidobacteriota","Vicinamibacteria","Vicinamibacterales",NA,"uncultured","uncultured bacterium"
"ASV3099","Bin41",6.69732553466982e-05,"Bacteria","Planctomycetota","Phycisphaerae","S-70",NA,"uncultured","uncultured bacterium"
"ASV3100","Bin18",6.69732553466982e-05,"Bacteria","Bacteroidota","Bacteroidia","Bacteroidales","Paludibacteraceae","uncultured","uncultured bacterium"
"ASV3101","Bin62",6.69732553466982e-05,"Bacteria","Proteobacteria","Gammaproteobacteria","Burkholderiales","Rhodocyclaceae","Propionivibrio","uncultured bacterium"
"ASV3102","Bin84",6.69732553466982e-05,"Bacteria","Proteobacteria","Alphaproteobacteria","Sphingomonadales","Sphingomonadaceae","Altererythrobacter","uncultured bacterium"
"ASV3103","Bin60",6.69732553466982e-05,"Bacteria","Proteobacteria","Gammaproteobacteria","Steroidobacterales","Steroidobacteraceae","Steroidobacter","uncultured bacterium"
"ASV3104","Bin103",6.69732553466982e-05,"Bacteria","Verrucomicrobiota","Verrucomicrobiae","Chthoniobacterales","Chthoniobacteraceae","Chthoniobacter","uncultured bacterium"
"ASV3105","Bin95",6.69732553466982e-05,"Bacteria","Proteobacteria","Alphaproteobacteria","Micavibrionales",NA,"uncultured","uncultured bacterium"
"ASV3106","Bin44",6.69732553466982e-05,"Bacteria","Latescibacterota",NA,NA,NA,"uncultured","uncultured bacterium"
"ASV3107","Bin50",6.69732553466982e-05,"Bacteria","Proteobacteria","Alphaproteobacteria","Rickettsiales","Mitochondria","uncultured","uncultured bacterium"
"ASV3108","Bin27",6.69732553466982e-05,"Bacteria","Bacteroidota","Bacteroidia","Chitinophagales","Chitinophagaceae","Parafilimonas","uncultured bacterium"
"ASV3109","Bin31",6.69732553466982e-05,"Bacteria","Planctomycetota","Planctomycetes","Planctomycetales",NA,"uncultured","uncultured bacterium"
"ASV3110","Bin97",6.69732553466982e-05,"Bacteria","Proteobacteria","Alphaproteobacteria","Paracaedibacterales","Paracaedibacteraceae","uncultured","uncultured bacterium"
"ASV3111","Bin73",6.69732553466982e-05,"Bacteria","Proteobacteria","Gammaproteobacteria",NA,NA,"uncultured","uncultured bacterium"
"ASV3112","Bin62",6.69732553466982e-05,"Bacteria","Proteobacteria","Gammaproteobacteria","Burkholderiales","Nitrosomonadaceae","uncultured","uncultured bacterium"
"ASV3113","Bin47",6.69732553466982e-05,"Bacteria","Acidobacteriota","Blastocatellia","Blastocatellales","Blastocatellaceae","uncultured","uncultured bacterium"
"ASV3114","Bin99",6.69732553466982e-05,"Bacteria","Myxococcota","Polyangia","Polyangiales","BIrii41","uncultured","uncultured bacterium"
"ASV3115","Bin62",6.69732553466982e-05,"Bacteria","Proteobacteria","Gammaproteobacteria","Burkholderiales","Rhodocyclaceae","Propionivibrio","uncultured bacterium"
"ASV3116","Bin34",6.69732553466982e-05,"Bacteria","Planctomycetota","Planctomycetes","Pirellulales","Pirellulaceae","uncultured","uncultured bacterium"
"ASV3117","Bin2",6.69732553466982e-05,"Bacteria","Chloroflexi","Anaerolineae","SBR1031","A4b","uncultured","uncultured bacterium"
"ASV3118","Bin17",6.34786288616166e-05,"Bacteria","Bacteroidota","Bacteroidia","Cytophagales","Spirosomaceae","Dyadobacter","uncultured bacterium"
"ASV3119","Bin7",6.34786288616166e-05,"Bacteria","Chloroflexi","Chloroflexia","Thermomicrobiales","AKYG1722","uncultured","uncultured bacterium"
"ASV3120","Bin13",6.34786288616166e-05,"Bacteria","Fibrobacterota","Fibrobacteria","Fibrobacterales","BBMC-4","uncultured","uncultured bacterium"
"ASV3121","Bin102",6.34786288616166e-05,"Bacteria","Bdellovibrionota","Oligoflexia","0319-6G20",NA,"uncultured","uncultured bacterium"
"ASV3122","Bin36",6.34786288616166e-05,"Bacteria","Planctomycetota","Planctomycetes","Pirellulales","Pirellulaceae","Pir4 lineage","uncultured bacterium"
"ASV3123","Bin14",6.34786288616166e-05,"Bacteria","Bacteroidota","Kapabacteria","Kapabacteriales",NA,"uncultured","uncultured bacterium"
"ASV3124","Bin44",6.34786288616166e-05,"Bacteria","Latescibacterota",NA,NA,NA,"uncultured","uncultured bacterium"
"ASV3125","Bin31",6.34786288616166e-05,"Bacteria","Planctomycetota","Planctomycetes","Planctomycetales",NA,"uncultured","uncultured bacterium"
"ASV3126","Bin99",6.34786288616166e-05,"Bacteria","Myxococcota","Myxococcia","Myxococcales","Anaeromyxobacteraceae","Anaeromyxobacter","uncultured bacterium"
"ASV3127","Bin20",6.34786288616166e-05,"Bacteria","Bacteroidota","Bacteroidia","Flavobacteriales",NA,"uncultured","uncultured bacterium"
"ASV3128","Bin52",6.34786288616166e-05,"Bacteria","Patescibacteria","Berkelbacteria",NA,NA,"uncultured","uncultured bacterium"
"ASV3129","Bin5",6.34786288616166e-05,"Bacteria","Chloroflexi","Anaerolineae","SBR1031",NA,"uncultured","uncultured bacterium"
"ASV3130","Bin51",6.34786288616166e-05,"Bacteria","Patescibacteria","Microgenomatia","Candidatus Woesebacteria",NA,"uncultured","uncultured bacterium"
"ASV3131","Bin42",6.34786288616166e-05,"Bacteria","Planctomycetota","vadinHA49",NA,NA,"uncultured","uncultured bacterium"
"ASV3132","Bin107",6.34786288616166e-05,"Bacteria","Actinobacteriota","Actinobacteria","Pseudonocardiales","Pseudonocardiaceae","Pseudonocardia","uncultured bacterium"
"ASV3133","Bin41",6.34786288616166e-05,"Bacteria","Planctomycetota","Phycisphaerae","Phycisphaerales","Phycisphaeraceae","SM1A02","uncultured bacterium"
"ASV3134","Bin18",6.34786288616166e-05,"Bacteria","Bacteroidota","Bacteroidia","Bacteroidales","Bacteroidetes BD2-2","uncultured","uncultured bacterium"
"ASV3135","Bin61",6.34786288616166e-05,"Bacteria","Dependentiae","Babeliae","Babeliales",NA,"uncultured","uncultured bacterium"
"ASV3136","Bin82",6.34786288616166e-05,"Bacteria","Proteobacteria","Alphaproteobacteria","Rhizobiales","Rhizobiaceae","Allorhizobium-Neorhizobium-Pararhizobium-Rhizobium","uncultured bacterium"
"ASV3137","Bin107",6.34786288616166e-05,"Bacteria","Actinobacteriota","Actinobacteria","Micromonosporales","Micromonosporaceae","uncultured","uncultured bacterium"
"ASV3138","Bin8",6.34786288616166e-05,"Bacteria","Chloroflexi","Anaerolineae","Anaerolineales","Anaerolineaceae","uncultured","uncultured bacterium"
"ASV3139","Bin101",6.34786288616166e-05,"Bacteria","SAR324 clade(Marine group B)",NA,NA,NA,"uncultured","uncultured bacterium"
"ASV3140","Bin61",6.34786288616166e-05,"Bacteria","Proteobacteria","Gammaproteobacteria","Pseudomonadales","Cellvibrionaceae","Cellvibrio","uncultured bacterium"
"ASV3141","Bin103",6.34786288616166e-05,"Bacteria","Verrucomicrobiota","Verrucomicrobiae","Opitutales","Puniceicoccaceae","Cerasicoccus","uncultured bacterium"
"ASV3142","Bin86",6.34786288616166e-05,"Bacteria","Proteobacteria","Alphaproteobacteria","Rhizobiales","Rhizobiaceae","uncultured","uncultured bacterium"
"ASV3143","Bin97",6.34786288616166e-05,"Bacteria",NA,NA,NA,NA,"uncultured","uncultured bacterium"
"ASV3144","Bin61",6.54307524536532e-05,"Bacteria","Proteobacteria","Gammaproteobacteria","Pseudomonadales","211ds20","uncultured","uncultured bacterium"
"ASV3145","Bin88",6.54307524536532e-05,"Bacteria","Proteobacteria","Alphaproteobacteria","Rhizobiales","Rhodomicrobiaceae","Rhodomicrobium","uncultured bacterium"
"ASV3146","Bin9",6.54307524536532e-05,"Bacteria","Chloroflexi","Anaerolineae","Anaerolineales","Anaerolineaceae","Leptolinea","uncultured bacterium"
"ASV3147","Bin29",6.54307524536532e-05,"Bacteria","Bacteroidota","Bacteroidia","Bacteroidales","Bacteroidaceae","Bacteroides","uncultured bacterium"
"ASV3148","Bin22",6.54307524536532e-05,"Bacteria","Bacteroidota","Bacteroidia","Sphingobacteriales","Lentimicrobiaceae","uncultured","uncultured bacterium"
"ASV3149","Bin14",6.54307524536532e-05,"Bacteria","Bacteroidota","Kapabacteria","Kapabacteriales",NA,"uncultured","uncultured bacterium"
"ASV3150","Bin61",6.54307524536532e-05,"Bacteria","Dependentiae","Babeliae","Babeliales","Vermiphilaceae","uncultured","uncultured bacterium"
"ASV3151","Bin2",6.54307524536532e-05,"Bacteria","Chloroflexi","Anaerolineae","SBR1031","A4b","uncultured","uncultured bacterium"
"ASV3152","Bin11",6.54307524536532e-05,"Bacteria","Elusimicrobiota","Lineage IIa",NA,NA,"uncultured","uncultured bacterium"
"ASV3153","Bin8",6.54307524536532e-05,"Bacteria","Chloroflexi","Anaerolineae","Ardenticatenales",NA,"uncultured","uncultured bacterium"
"ASV3154","Bin28",6.54307524536532e-05,"Bacteria","Bacteroidota","Bacteroidia","Chitinophagales","Saprospiraceae","Haliscomenobacter","uncultured bacterium"
"ASV3155","Bin74",6.54307524536532e-05,"Bacteria","Desulfobacterota","Desulfovibrionia","Desulfovibrionales","Desulfovibrionaceae","Desulfovibrio","uncultured bacterium"
"ASV3156","Bin99",6.54307524536532e-05,"Bacteria","MBNT15",NA,NA,NA,"uncultured","uncultured bacterium"
"ASV3157","Bin96",6.54307524536532e-05,"Bacteria","Proteobacteria","Alphaproteobacteria","Rickettsiales","SM2D12","uncultured","uncultured bacterium"
"ASV3158","Bin77",6.54307524536532e-05,"Bacteria","Proteobacteria","Alphaproteobacteria","Rhodospirillales","Magnetospirillaceae","Magnetospirillum","uncultured bacterium"
"ASV3159","Bin36",6.54307524536532e-05,"Bacteria","Planctomycetota","Planctomycetes","Pirellulales","Pirellulaceae","Pir4 lineage","uncultured bacterium"
"ASV3160","Bin14",6.54307524536532e-05,"Bacteria","Bacteroidota","Kapabacteria","Kapabacteriales",NA,"uncultured","uncultured bacterium"
"ASV3161","Bin43",6.54307524536532e-05,"Bacteria","Nitrospirota","Thermodesulfovibrionia",NA,NA,"uncultured","uncultured bacterium"
"ASV3162","Bin42",6.54307524536532e-05,"Bacteria","Planctomycetota","vadinHA49",NA,NA,"uncultured","uncultured bacterium"
"ASV3163","Bin51",6.54307524536532e-05,"Bacteria","Patescibacteria","Berkelbacteria",NA,NA,"uncultured","uncultured bacterium"
"ASV3164","Bin56",6.54307524536532e-05,"Bacteria","Firmicutes","Clostridia","Peptostreptococcales-Tissierellales","Family XI","Gallicola","uncultured bacterium"
"ASV3165","Bin9",6.54307524536532e-05,"Bacteria","Chloroflexi","Anaerolineae","Anaerolineales","Anaerolineaceae","Ornatilinea","uncultured bacterium"
"ASV3166","Bin72",6.54307524536532e-05,"Bacteria","Proteobacteria","Gammaproteobacteria","Xanthomonadales","Rhodanobacteraceae","Tahibacter","uncultured bacterium"
"ASV3167","Bin101",6.54307524536532e-05,"Bacteria","Desulfobacterota","Syntrophia","Syntrophales","Smithellaceae","Smithella","uncultured bacterium"
"ASV3168","Bin103",6.54307524536532e-05,"Bacteria","Verrucomicrobiota","Verrucomicrobiae","Chthoniobacterales","Terrimicrobiaceae","Terrimicrobium","uncultured bacterium"
"ASV3169","Bin73",6.54307524536532e-05,"Bacteria","Proteobacteria","Gammaproteobacteria","eub62A3",NA,"uncultured","uncultured bacterium"
"ASV3170","Bin103",6.54307524536532e-05,"Bacteria","Verrucomicrobiota","Verrucomicrobiae","Methylacidiphilales","Methylacidiphilaceae","uncultured","uncultured bacterium"
"ASV3171","Bin107",6.54307524536532e-05,"Bacteria","Actinobacteriota","Actinobacteria","Corynebacteriales","Nocardiaceae","uncultured","uncultured bacterium"
"ASV3172","Bin79",6.54307524536532e-05,"Bacteria","Proteobacteria","Alphaproteobacteria","Ferrovibrionales","Taonella","uncultured","uncultured bacterium"
"ASV3173","Bin83",6.54307524536532e-05,"Bacteria","Proteobacteria","Alphaproteobacteria","Sphingomonadales","Sphingomonadaceae","Sphingomonas","uncultured bacterium"
"ASV3174","Bin58",6.54307524536532e-05,"Bacteria","Firmicutes","Clostridia","Oscillospirales","Oscillospiraceae","Papillibacter","uncultured bacterium"
"ASV3175","Bin5",6.54307524536532e-05,"Bacteria","Chloroflexi","Anaerolineae","SBR1031",NA,"uncultured","uncultured bacterium"
"ASV3176","Bin87",6.54307524536532e-05,"Bacteria","Proteobacteria","Alphaproteobacteria","Rhizobiales","Devosiaceae","Devosia","uncultured bacterium"
"ASV3177","Bin51",6.54307524536532e-05,"Bacteria","Patescibacteria","Microgenomatia","Candidatus Woesebacteria",NA,"uncultured","uncultured bacterium"
"ASV3178","Bin8",6.54307524536532e-05,"Bacteria","Chloroflexi","Anaerolineae","Ardenticatenales",NA,"uncultured","uncultured bacterium"
"ASV3179","Bin52",6.54307524536532e-05,"Bacteria","Patescibacteria","Saccharimonadia","Saccharimonadales",NA,"uncultured","uncultured bacterium"
"ASV3180","Bin84",6.16356448894617e-05,"Bacteria","Proteobacteria","Alphaproteobacteria","Sphingomonadales","Sphingomonadaceae","Altererythrobacter","uncultured bacterium"
"ASV3181","Bin41",6.08766233766234e-05,"Bacteria","Planctomycetota","Phycisphaerae","Phycisphaerales","Phycisphaeraceae","SM1A02","uncultured bacterium"
"ASV3182","Bin60",6.08766233766234e-05,"Bacteria","Proteobacteria","Gammaproteobacteria","Coxiellales","Coxiellaceae","Coxiella","uncultured bacterium"
"ASV3183","Bin102",6.08766233766234e-05,"Bacteria","Bdellovibrionota","Oligoflexia","0319-6G20",NA,"uncultured","uncultured bacterium"
"ASV3184","Bin106",6.08766233766234e-05,"Bacteria","Actinobacteriota","Acidimicrobiia","Microtrichales","Ilumatobacteraceae","CL500-29 marine group","uncultured bacterium"
"ASV3185","Bin31",6.08766233766234e-05,"Bacteria","Planctomycetota","Planctomycetes","Planctomycetales","Schlesneriaceae","Schlesneria","uncultured bacterium"
"ASV3186","Bin73",6.08766233766234e-05,"Bacteria","Proteobacteria","Gammaproteobacteria","Diplorickettsiales","Diplorickettsiaceae","Aquicella","uncultured bacterium"
"ASV3187","Bin97",6.08766233766234e-05,"Bacteria","Proteobacteria","Alphaproteobacteria","Rhodospirillales",NA,"uncultured","uncultured bacterium"
"ASV3188","Bin2",6.08766233766234e-05,"Bacteria","Chloroflexi","Anaerolineae","SBR1031","A4b","uncultured","uncultured bacterium"
"ASV3189","Bin18",6.08766233766234e-05,"Bacteria","Bacteroidota","Bacteroidia","Bacteroidales","Bacteroidetes BD2-2","uncultured","uncultured bacterium"
"ASV3190","Bin7",6.08766233766234e-05,"Bacteria","Chloroflexi","Chloroflexia","Thermomicrobiales","JG30-KF-CM45","uncultured","uncultured bacterium"
"ASV3191","Bin97",6.08766233766234e-05,"Bacteria","Proteobacteria","Alphaproteobacteria","Rickettsiales","SM1B06","uncultured","uncultured bacterium"
"ASV3192","Bin41",6.08766233766234e-05,"Bacteria","Planctomycetota","Phycisphaerae","Phycisphaerales","Phycisphaeraceae","SM1A02","uncultured bacterium"
"ASV3193","Bin44",6.08766233766234e-05,"Bacteria","Hydrogenedentes","Hydrogenedentia","Hydrogenedentiales","Hydrogenedensaceae","uncultured","uncultured bacterium"
"ASV3194","Bin44",6.08766233766234e-05,"Bacteria","Verrucomicrobiota","Omnitrophia","Omnitrophales",NA,"uncultured","uncultured bacterium"
"ASV3195","Bin31",6.08766233766234e-05,"Bacteria","Planctomycetota","Planctomycetes","Planctomycetales",NA,"uncultured","uncultured bacterium"
"ASV3196","Bin103",6.08766233766234e-05,"Bacteria","Verrucomicrobiota","Verrucomicrobiae","Opitutales","Opitutaceae","Alterococcus","uncultured bacterium"
"ASV3197","Bin97",6.08766233766234e-05,"Bacteria","Proteobacteria","Magnetococcia","Magnetococcales","Magnetococcaceae","Magnetococcus","uncultured bacterium"
"ASV3229","Bin95",5.58110461222485e-05,"Bacteria","Proteobacteria","Alphaproteobacteria","Micavibrionales",NA,"uncultured","uncultured bacterium"
"ASV3230","Bin95",5.58110461222485e-05,"Bacteria","Proteobacteria","Alphaproteobacteria","Micavibrionales","Micavibrionaceae","uncultured","uncultured bacterium"
"ASV3231","Bin51",5.58110461222485e-05,"Bacteria","Patescibacteria","Microgenomatia","Candidatus Gottesmanbacteria",NA,"uncultured","uncultured bacterium"
"ASV3232","Bin35",5.58110461222485e-05,"Bacteria","Planctomycetota","Planctomycetes","Pirellulales","Pirellulaceae","Rhodopirellula","uncultured bacterium"
"ASV3233","Bin105",5.58110461222485e-05,"Bacteria","Actinobacteriota","Thermoleophilia","Gaiellales","Gaiellaceae","Gaiella","uncultured bacterium"
"ASV3234","Bin35",5.58110461222485e-05,"Bacteria","Planctomycetota","Planctomycetes","Pirellulales","Pirellulaceae","Pirellula","uncultured bacterium"
"ASV3235","Bin35",5.58110461222485e-05,"Bacteria","Planctomycetota","Planctomycetes","Pirellulales","Pirellulaceae","Pirellula","uncultured bacterium"
"ASV3236","Bin1",5.58110461222485e-05,"Bacteria","Chloroflexi","Anaerolineae","SBR1031","A4b","OLB15","uncultured bacterium"
"ASV3237","Bin59",5.58110461222485e-05,"Bacteria","Proteobacteria","Gammaproteobacteria","R7C24",NA,"uncultured","uncultured bacterium"
"ASV3238","Bin17",5.58110461222485e-05,"Bacteria","Bacteroidota","Bacteroidia","Cytophagales","Microscillaceae","uncultured","uncultured bacterium"
"ASV3239","Bin7",5.58110461222485e-05,"Bacteria","Armatimonadota",NA,NA,NA,"uncultured","uncultured bacterium"
"ASV3240","Bin55",5.58110461222485e-05,"Bacteria","Firmicutes","Bacilli","Alicyclobacillales","Alicyclobacillaceae","Tumebacillus","ginsengisoli"
"ASV3241","Bin56",5.58110461222485e-05,"Bacteria","Firmicutes","Bacilli","Entomoplasmatales","type III","uncultured","uncultured bacterium"
"ASV3242","Bin107",5.58110461222485e-05,"Bacteria","Actinobacteriota","Actinobacteria","Micromonosporales","Micromonosporaceae","Micromonospora","uncultured bacterium"
"ASV3243","Bin93",5.58110461222485e-05,"Bacteria","Proteobacteria","Alphaproteobacteria","Rhizobiales","Rhizobiales Incertae Sedis","uncultured","uncultured bacterium"
"ASV3244","Bin44",5.58110461222485e-05,"Bacteria","Verrucomicrobiota","Omnitrophia","Omnitrophales","Omnitrophaceae","Candidatus Omnitrophus","uncultured bacterium"
"ASV3245","Bin81",5.58110461222485e-05,"Bacteria","Proteobacteria","Alphaproteobacteria","Rhodobacterales","Rhodobacteraceae","Defluviimonas","uncultured bacterium"
"ASV3246","Bin23",5.58110461222485e-05,"Bacteria","Bacteroidota","Bacteroidia","Sphingobacteriales","NS11-12 marine group","uncultured","uncultured bacterium"
"ASV3247","Bin44",5.58110461222485e-05,"Bacteria","Hydrogenedentes","Hydrogenedentia","Hydrogenedentiales","Hydrogenedensaceae","uncultured","uncultured bacterium"
"ASV3248","Bin14",5.58110461222485e-05,"Bacteria","Bacteroidota","Kapabacteria","Kapabacteriales",NA,"uncultured","uncultured bacterium"
"ASV3249","Bin105",5.58110461222485e-05,"Bacteria","Actinobacteriota","Thermoleophilia","Gaiellales","Gaiellaceae","Gaiella","uncultured bacterium"
"ASV3250","Bin81",5.58110461222485e-05,"Bacteria","Proteobacteria","Alphaproteobacteria","Rhodobacterales","Rhodobacteraceae","Paracoccus","uncultured bacterium"
"ASV3251","Bin50",5.58110461222485e-05,"Bacteria","Proteobacteria","Alphaproteobacteria","Rickettsiales","Mitochondria","uncultured","uncultured bacterium"
"ASV3252","Bin12",5.58110461222485e-05,"Bacteria","WPS-2",NA,NA,NA,"uncultured","uncultured bacterium"
"ASV3253","Bin41",5.28988573846805e-05,"Bacteria","Planctomycetota","Phycisphaerae","Tepidisphaerales","WD2101 soil group","uncultured","uncultured bacterium"
"ASV3254","Bin52",5.28988573846805e-05,"Bacteria",NA,NA,NA,NA,"uncultured","uncultured bacterium"
"ASV3255","Bin17",5.28988573846805e-05,"Bacteria","Bacteroidota","Bacteroidia","Cytophagales","Microscillaceae","uncultured","uncultured bacterium"
"ASV3256","Bin21",5.28988573846805e-05,"Bacteria","Bacteroidota","Bacteroidia","Flavobacteriales",NA,"uncultured","uncultured bacterium"
"ASV3257","Bin64",5.28988573846805e-05,"Bacteria","Proteobacteria","Gammaproteobacteria","Burkholderiales","Rhodocyclaceae","Denitratisoma","uncultured bacterium"
"ASV3258","Bin102",5.28988573846805e-05,"Bacteria","Bdellovibrionota","Oligoflexia","0319-6G20",NA,"uncultured","uncultured bacterium"
"ASV3259","Bin47",5.28988573846805e-05,"Bacteria","Acidobacteriota","Blastocatellia","DS-100",NA,"uncultured","uncultured bacterium"
"ASV3260","Bin85",5.28988573846805e-05,"Bacteria","Proteobacteria","Alphaproteobacteria","Sphingomonadales","Sphingomonadaceae","Novosphingobium","uncultured bacterium"
"ASV3261","Bin41",5.28988573846805e-05,"Bacteria","Planctomycetota","Phycisphaerae","CCM11a",NA,"uncultured","uncultured bacterium"
"ASV3262","Bin48",5.28988573846805e-05,"Bacteria","Cyanobacteria","Vampirivibrionia","Gastranaerophilales",NA,"uncultured","uncultured bacterium"
"ASV3263","Bin92",5.28988573846805e-05,"Bacteria","Proteobacteria","Alphaproteobacteria","Rhizobiales","Rhizobiales Incertae Sedis","uncultured","uncultured bacterium"
"ASV3264","Bin64",5.28988573846805e-05,"Bacteria","Proteobacteria","Gammaproteobacteria","Burkholderiales","Rhodocyclaceae","Denitratisoma","uncultured bacterium"
"ASV3265","Bin95",5.28988573846805e-05,"Bacteria","Proteobacteria","Alphaproteobacteria","Micavibrionales",NA,"uncultured","uncultured bacterium"
"ASV3266","Bin81",5.28988573846805e-05,"Bacteria","Proteobacteria","Alphaproteobacteria","Rhodobacterales","Rhodobacteraceae","Defluviimonas","uncultured bacterium"
"ASV3267","Bin61",5.28988573846805e-05,"Bacteria","Bdellovibrionota","Bdellovibrionia","Bacteriovoracales","Bacteriovoracaceae","uncultured","uncultured bacterium"
"ASV3268","Bin85",5.28988573846805e-05,"Bacteria","Proteobacteria","Alphaproteobacteria","Sphingomonadales","Sphingomonadaceae","uncultured","uncultured bacterium"
"ASV3269","Bin97",5.28988573846805e-05,"Bacteria","Proteobacteria","Alphaproteobacteria","Rickettsiales","Candidatus Jidaibacter","uncultured","uncultured bacterium"
"ASV3270","Bin97",5.28988573846805e-05,"Bacteria","Proteobacteria","Alphaproteobacteria",NA,NA,"uncultured","uncultured bacterium"
"ASV3271","Bin41",5.28988573846805e-05,"Bacteria","Planctomycetota","Phycisphaerae","Phycisphaerales","Phycisphaeraceae","SM1A02","uncultured bacterium"
"ASV3272","Bin5",5.28988573846805e-05,"Bacteria","Chloroflexi","Anaerolineae","SBR1031",NA,"uncultured","uncultured bacterium"
"ASV3273","Bin31",5.28988573846805e-05,"Bacteria","Planctomycetota","Planctomycetes","Planctomycetales","Gimesiaceae","uncultured","uncultured bacterium"
"ASV3274","Bin95",5.28988573846805e-05,"Bacteria","Proteobacteria","Alphaproteobacteria","Rhodospirillales",NA,"uncultured","uncultured bacterium"
"ASV3275","Bin58",5.28988573846805e-05,"Bacteria","Firmicutes","Clostridia","Oscillospirales","Ruminococcaceae","Caproiciproducens","uncultured bacterium"
"ASV3276","Bin51",5.28988573846805e-05,"Bacteria","Patescibacteria","Berkelbacteria",NA,NA,"uncultured","uncultured bacterium"
"ASV3277","Bin107",5.28988573846805e-05,"Bacteria","Actinobacteriota","Actinobacteria","Micromonosporales","Micromonosporaceae","Actinoplanes","uncultured bacterium"
"ASV3278","Bin45",5.28988573846805e-05,"Bacteria","Acidobacteriota","Vicinamibacteria","Subgroup 17",NA,"uncultured","uncultured bacterium"
"ASV3279","Bin107",5.28988573846805e-05,"Bacteria","Actinobacteriota","Actinobacteria","Pseudonocardiales","Pseudonocardiaceae","Pseudonocardia","uncultured bacterium"
"ASV3280","Bin76",5.28988573846805e-05,"Bacteria","Proteobacteria","Alphaproteobacteria","Rhodospirillales",NA,"uncultured","uncultured bacterium"
"ASV3281","Bin37",5.28988573846805e-05,"Bacteria","Planctomycetota","Planctomycetes","Pirellulales","Pirellulaceae","Pir4 lineage","uncultured bacterium"
"ASV3282","Bin8",5.28988573846805e-05,"Bacteria","Chloroflexi","Anaerolineae","RBG-13-54-9",NA,"uncultured","uncultured bacterium"
"ASV3283","Bin17",5.28988573846805e-05,"Bacteria","Bacteroidota","Bacteroidia","Cytophagales","Cytophagaceae","Sporocytophaga","uncultured bacterium"
"ASV3284","Bin107",5.28988573846805e-05,"Bacteria","Actinobacteriota","Actinobacteria","Micromonosporales","Micromonosporaceae","uncultured","uncultured bacterium"
"ASV3285","Bin95",5.28988573846805e-05,"Bacteria","Proteobacteria","Alphaproteobacteria","Micavibrionales",NA,"uncultured","uncultured bacterium"
"ASV3286","Bin23",5.4525627044711e-05,"Bacteria","Bacteroidota","Bacteroidia","Sphingobacteriales","AKYH767","uncultured","uncultured bacterium"
"ASV3287","Bin49",5.4525627044711e-05,"Archaea","Thermoplasmatota","Thermoplasmata","Methanomassiliicoccales","Methanomassiliicoccaceae","Methanomassiliicoccus","uncultured bacterium"
"ASV3288","Bin95",5.4525627044711e-05,"Bacteria","Proteobacteria","Alphaproteobacteria","Rhodospirillales",NA,"uncultured","uncultured bacterium"
"ASV3289","Bin73",5.4525627044711e-05,"Bacteria","Proteobacteria","Gammaproteobacteria","Gammaproteobacteria Incertae Sedis","Unknown Family","Candidatus Berkiella","uncultured bacterium"
"ASV3290","Bin68",5.4525627044711e-05,"Bacteria","Proteobacteria","Gammaproteobacteria","Burkholderiales","Comamonadaceae","uncultured","uncultured bacterium"
"ASV3291","Bin103",5.4525627044711e-05,"Bacteria","Verrucomicrobiota","Lentisphaeria","Victivallales",NA,"uncultured","uncultured bacterium"
"ASV3292","Bin8",5.4525627044711e-05,"Bacteria","Chloroflexi","Dehalococcoidia","Dehalococcoidales",NA,"uncultured","uncultured bacterium"
"ASV3293","Bin49",5.4525627044711e-05,"Archaea","Nanoarchaeota","Nanoarchaeia","Woesearchaeales","SCGC AAA011-D5","uncultured","uncultured bacterium"
"ASV3294","Bin65",5.4525627044711e-05,"Bacteria","Proteobacteria","Gammaproteobacteria","Burkholderiales","Rhodocyclaceae","Thauera","uncultured bacterium"
"ASV3295","Bin103",5.4525627044711e-05,"Bacteria",NA,NA,NA,NA,"uncultured","uncultured bacterium"
"ASV3296","Bin3",5.4525627044711e-05,"Bacteria","Chloroflexi","Anaerolineae","SBR1031","A4b","uncultured","uncultured bacterium"
"ASV3297","Bin65",5.4525627044711e-05,"Bacteria","Proteobacteria","Gammaproteobacteria","Burkholderiales","Rhodocyclaceae","Denitratisoma","uncultured bacterium"
"ASV3298","Bin101",5.4525627044711e-05,"Bacteria","Desulfobacterota","Syntrophia","Syntrophales","Smithellaceae","Smithella","uncultured bacterium"
"ASV3299","Bin44",5.4525627044711e-05,"Bacteria","Verrucomicrobiota","Omnitrophia","Omnitrophales",NA,"uncultured","uncultured bacterium"
"ASV3300","Bin101",5.4525627044711e-05,"Bacteria","SAR324 clade(Marine group B)",NA,NA,NA,"uncultured","uncultured bacterium"
"ASV3301","Bin108",5.4525627044711e-05,"Bacteria","Actinobacteriota","Actinobacteria","Micrococcales","Bogoriellaceae","Georgenia","uncultured bacterium"
"ASV3302","Bin29",5.4525627044711e-05,"Bacteria","Bacteroidota","Bacteroidia","Bacteroidales","Dysgonomonadaceae","Petrimonas","sulfuriphila"
"ASV3303","Bin73",5.4525627044711e-05,"Bacteria","Proteobacteria","Gammaproteobacteria",NA,NA,"uncultured","uncultured bacterium"
"ASV3304","Bin73",5.4525627044711e-05,"Bacteria","Proteobacteria","Gammaproteobacteria","Piscirickettsiales","Piscirickettsiaceae","Candidatus Endoecteinascidia","uncultured bacterium"
"ASV3305","Bin69",5.4525627044711e-05,"Bacteria","Proteobacteria","Gammaproteobacteria","Burkholderiales","Comamonadaceae","Rubrivivax","uncultured bacterium"
"ASV3306","Bin42",5.4525627044711e-05,"Bacteria","Planctomycetota","vadinHA49",NA,NA,"uncultured","uncultured bacterium"
"ASV3307","Bin51",5.4525627044711e-05,"Bacteria","Patescibacteria","Microgenomatia","Candidatus Amesbacteria",NA,"uncultured","uncultured bacterium"
"ASV3308","Bin42",5.4525627044711e-05,"Bacteria","Planctomycetota","vadinHA49",NA,NA,"uncultured","uncultured bacterium"
"ASV3309","Bin57",5.4525627044711e-05,"Bacteria","Firmicutes","Clostridia",NA,NA,"uncultured","uncultured bacterium"
"ASV3310","Bin40",5.4525627044711e-05,"Bacteria","Planctomycetota","Planctomycetes","Gemmatales","Gemmataceae","uncultured","uncultured bacterium"
"ASV3311","Bin61",5.4525627044711e-05,"Bacteria","Bdellovibrionota","Oligoflexia","Oligoflexales","Oligoflexaceae","Oligoflexus","uncultured bacterium"
"ASV3312","Bin102",5.4525627044711e-05,"Bacteria","Bdellovibrionota","Oligoflexia","0319-6G20",NA,"uncultured","uncultured bacterium"
"ASV3313","Bin4",5.4525627044711e-05,"Bacteria","Chloroflexi","Anaerolineae","SBR1031","A4b","uncultured","uncultured bacterium"
"ASV3314","Bin8",5.4525627044711e-05,"Bacteria","Chloroflexi","Anaerolineae","SJA-15",NA,"uncultured","uncultured bacterium"
"ASV3315","Bin42",5.4525627044711e-05,"Bacteria","Planctomycetota","vadinHA49",NA,NA,"uncultured","uncultured bacterium"
"ASV3316","Bin94",5.4525627044711e-05,"Bacteria","Proteobacteria","Alphaproteobacteria","Caulobacterales","Caulobacteraceae","uncultured","uncultured bacterium"
"ASV3317","Bin51",5.4525627044711e-05,"Bacteria","Patescibacteria","Microgenomatia","Candidatus Gottesmanbacteria",NA,"uncultured","uncultured bacterium"
"ASV3318","Bin44",5.4525627044711e-05,"Bacteria","Verrucomicrobiota","Omnitrophia","Omnitrophales","Omnitrophaceae","Candidatus Omnitrophus","uncultured bacterium"
"ASV3319","Bin57",5.4525627044711e-05,"Bacteria","Firmicutes","Clostridia",NA,NA,"uncultured","uncultured bacterium"
"ASV3320","Bin88",5.4525627044711e-05,"Bacteria","Proteobacteria","Alphaproteobacteria","Rhizobiales","Rhodomicrobiaceae","Rhodomicrobium","uncultured bacterium"
"ASV3321","Bin33",5.4525627044711e-05,"Bacteria","Planctomycetota","Planctomycetes","Pirellulales","Pirellulaceae","uncultured","uncultured bacterium"
"ASV3322","Bin59",5.4525627044711e-05,"Bacteria","Proteobacteria","Gammaproteobacteria","R7C24",NA,"uncultured","uncultured bacterium"
"ASV3323","Bin89",5.07305194805195e-05,"Bacteria","Proteobacteria","Alphaproteobacteria","Rhizobiales","Rhizobiales Incertae Sedis","Bauldia","uncultured bacterium"
"ASV3324","Bin3",5.07305194805195e-05,"Bacteria","Chloroflexi","Anaerolineae","SBR1031","A4b","OLB13","uncultured bacterium"
"ASV3325","Bin44",5.07305194805195e-05,"Bacteria","Sumerlaeota","Sumerlaeia",NA,NA,"uncultured","uncultured bacterium"
"ASV3326","Bin52",5.07305194805195e-05,"Bacteria","Patescibacteria",NA,NA,NA,"uncultured","uncultured bacterium"
"ASV3327","Bin71",5.07305194805195e-05,"Bacteria","Proteobacteria","Gammaproteobacteria","Burkholderiales","Comamonadaceae","Curvibacter","uncultured bacterium"
"ASV3328","Bin70",5.07305194805195e-05,"Bacteria","Proteobacteria","Gammaproteobacteria","Burkholderiales","Comamonadaceae","uncultured","uncultured bacterium"
"ASV3329","Bin68",5.07305194805195e-05,"Bacteria","Proteobacteria","Gammaproteobacteria","Burkholderiales","Comamonadaceae","Rivibacter","uncultured bacterium"
"ASV3330","Bin95",5.07305194805195e-05,"Bacteria","Proteobacteria","Alphaproteobacteria","Micavibrionales",NA,"uncultured","uncultured bacterium"
"ASV3331","Bin81",5.07305194805195e-05,"Bacteria","Proteobacteria","Alphaproteobacteria","Rhodobacterales","Rhodobacteraceae","Paracoccus","uncultured bacterium"
"ASV3332","Bin74",5.07305194805195e-05,"Bacteria","Desulfobacterota","Desulfovibrionia","Desulfovibrionales","Desulfovibrionaceae","Desulfovibrio","uncultured bacterium"
"ASV3333","Bin44",5.07305194805195e-05,"Bacteria","Verrucomicrobiota","Omnitrophia","Omnitrophales","Omnitrophaceae","Candidatus Omnitrophus","uncultured bacterium"
"ASV3334","Bin28",5.07305194805195e-05,"Bacteria","Bacteroidota","Bacteroidia","Chitinophagales","Saprospiraceae","uncultured","uncultured bacterium"
"ASV3335","Bin102",5.07305194805195e-05,"Bacteria","Bdellovibrionota","Oligoflexia","0319-6G20",NA,"uncultured","uncultured bacterium"
"ASV3336","Bin21",5.07305194805195e-05,"Bacteria","Bacteroidota","Bacteroidia","Bacteroidetes VC2.1 Bac22",NA,"uncultured","uncultured bacterium"
"ASV3337","Bin34",5.07305194805195e-05,"Bacteria","Planctomycetota","Planctomycetes","Pirellulales","Pirellulaceae","uncultured","uncultured bacterium"
"ASV3338","Bin14",5.07305194805195e-05,"Bacteria","Bacteroidota","Kryptonia","Kryptoniales","MSB-3C8","uncultured","uncultured bacterium"
"ASV3339","Bin48",5.07305194805195e-05,"Bacteria","Cyanobacteria","Vampirivibrionia","Gastranaerophilales",NA,"uncultured","uncultured bacterium"
"ASV3340","Bin54",5.07305194805195e-05,"Bacteria","Spirochaetota","Leptospirae","Leptospirales","Leptospiraceae","uncultured","uncultured bacterium"
"ASV3341","Bin37",5.07305194805195e-05,"Bacteria","Planctomycetota","Planctomycetes","Pirellulales","Pirellulaceae","Pir4 lineage","uncultured bacterium"
"ASV3342","Bin14",5.07305194805195e-05,"Bacteria","Bacteroidota","Kryptonia","Kryptoniales","BSV26","uncultured","uncultured bacterium"
"ASV3378","Bin16",4.46488368977988e-05,"Bacteria","Bacteroidota","Bacteroidia","Cytophagales","Microscillaceae","Hassallia","uncultured bacterium"
"ASV3379","Bin7",4.46488368977988e-05,"Bacteria","Chloroflexi","JG30-KF-CM66",NA,NA,"uncultured","uncultured bacterium"
"ASV3380","Bin75",4.46488368977988e-05,"Bacteria","SAR324 clade(Marine group B)",NA,NA,NA,"uncultured","uncultured bacterium"
"ASV3381","Bin1",4.46488368977988e-05,"Bacteria","Chloroflexi","Anaerolineae","SBR1031","A4b","OLB15","uncultured bacterium"
"ASV3382","Bin48",4.46488368977988e-05,"Bacteria","Verrucomicrobiota","Chlamydiae","Chlamydiales","Simkaniaceae","uncultured","uncultured bacterium"
"ASV3383","Bin91",4.46488368977988e-05,"Bacteria","Proteobacteria","Alphaproteobacteria","Rhizobiales","Pleomorphomonadaceae","Chthonobacter","uncultured bacterium"
"ASV3384","Bin86",4.46488368977988e-05,"Bacteria","Proteobacteria","Alphaproteobacteria","Rhizobiales","Rhizobiaceae","Mesorhizobium","uncultured bacterium"
"ASV3385","Bin61",4.46488368977988e-05,"Bacteria","Proteobacteria","Gammaproteobacteria","Enterobacterales","Aeromonadaceae","Aeromonas","uncultured bacterium"
"ASV3386","Bin73",4.46488368977988e-05,"Bacteria","Proteobacteria","Gammaproteobacteria","Diplorickettsiales","Diplorickettsiaceae","uncultured","uncultured bacterium"
"ASV3387","Bin65",4.46488368977988e-05,"Bacteria","Proteobacteria","Gammaproteobacteria","Burkholderiales","Gallionellaceae","Sideroxydans","uncultured bacterium"
"ASV3388","Bin48",4.46488368977988e-05,"Bacteria","Cyanobacteria","Vampirivibrionia","Vampirovibrionales",NA,"uncultured","uncultured bacterium"
"ASV3389","Bin61",4.46488368977988e-05,"Bacteria","Proteobacteria","Gammaproteobacteria","Enterobacterales","Enterobacteriaceae","uncultured","uncultured bacterium"
"ASV3390","Bin17",4.46488368977988e-05,"Bacteria","Bacteroidota","Bacteroidia","Cytophagales","Microscillaceae","uncultured","uncultured bacterium"
"ASV3391","Bin45",4.46488368977988e-05,"Bacteria","Acidobacteriota","Vicinamibacteria","Vicinamibacterales","Vicinamibacteraceae","uncultured","uncultured bacterium"
"ASV3392","Bin26",4.46488368977988e-05,"Bacteria","Bacteroidota","Bacteroidia","Chitinophagales","Chitinophagaceae","uncultured","uncultured bacterium"
"ASV3393","Bin103",4.46488368977988e-05,"Bacteria","Verrucomicrobiota","Verrucomicrobiae","Verrucomicrobiales","Rubritaleaceae","Luteolibacter","uncultured bacterium"
"ASV3394","Bin11",4.46488368977988e-05,"Bacteria","Elusimicrobiota","Lineage IIb",NA,NA,"uncultured","uncultured bacterium"
"ASV3395","Bin95",4.46488368977988e-05,"Bacteria","Proteobacteria","Alphaproteobacteria","Micavibrionales","Micavibrionaceae","uncultured","uncultured bacterium"
"ASV3396","Bin16",4.46488368977988e-05,"Bacteria","Bacteroidota","Bacteroidia","Cytophagales","Microscillaceae","Ohtaekwangia","uncultured bacterium"
"ASV3397","Bin105",4.46488368977988e-05,"Bacteria","Actinobacteriota","Thermoleophilia","Gaiellales","Gaiellaceae","Gaiella","uncultured bacterium"
"ASV3398","Bin2",4.46488368977988e-05,"Bacteria","Chloroflexi","Anaerolineae","SBR1031","A4b","uncultured","uncultured bacterium"
"ASV3399","Bin97",4.46488368977988e-05,"Bacteria","Proteobacteria","Alphaproteobacteria","Rickettsiales","SM2D12","uncultured","uncultured bacterium"
"ASV3400","Bin103",4.46488368977988e-05,"Bacteria","Verrucomicrobiota","Verrucomicrobiae","Pedosphaerales","Pedosphaeraceae","uncultured","uncultured bacterium"
"ASV3401","Bin59",4.46488368977988e-05,"Bacteria","Proteobacteria","Gammaproteobacteria","R7C24",NA,"uncultured","uncultured bacterium"
"ASV3402","Bin89",4.23190859077444e-05,"Bacteria","Proteobacteria","Alphaproteobacteria","Rhizobiales","Ancalomicrobiaceae","Ancalomicrobium","uncultured bacterium"
"ASV3403","Bin103",4.23190859077444e-05,"Bacteria","Verrucomicrobiota","Verrucomicrobiae","Verrucomicrobiales",NA,"uncultured","uncultured bacterium"
"ASV3404","Bin102",4.23190859077444e-05,"Bacteria","Myxococcota","bacteriap25",NA,NA,"uncultured","uncultured bacterium"
"ASV3405","Bin107",4.23190859077444e-05,"Bacteria","Actinobacteriota","Actinobacteria","Micromonosporales","Micromonosporaceae","Actinoplanes","uncultured bacterium"
"ASV3406","Bin87",4.23190859077444e-05,"Bacteria","Proteobacteria","Alphaproteobacteria","Rhizobiales","Devosiaceae","uncultured","uncultured bacterium"
"ASV3407","Bin89",4.23190859077444e-05,"Bacteria","Proteobacteria","Alphaproteobacteria","Rhizobiales","Ancalomicrobiaceae","Ancalomicrobium","uncultured bacterium"
"ASV3408","Bin97",4.23190859077444e-05,"Bacteria","Proteobacteria","Alphaproteobacteria","Rickettsiales",NA,"uncultured","uncultured bacterium"
"ASV3409","Bin61",4.23190859077444e-05,"Bacteria","Myxococcota","Myxococcia","Myxococcales","Myxococcaceae","KD3-10","uncultured bacterium"
"ASV3410","Bin49",4.23190859077444e-05,"Archaea","Halobacterota","Methanomicrobia","Methanomicrobiales","Methanoregulaceae","Methanolinea","uncultured bacterium"
"ASV3411","Bin95",4.23190859077444e-05,"Bacteria","Proteobacteria","Alphaproteobacteria","Micavibrionales",NA,"uncultured","uncultured bacterium"
"ASV3412","Bin50",4.23190859077444e-05,"Bacteria","Planctomycetota","BD7-11",NA,NA,"uncultured","uncultured bacterium"
"ASV3413","Bin47",4.23190859077444e-05,"Bacteria","Acidobacteriota","Blastocatellia","Blastocatellales","Blastocatellaceae","Stenotrophobacter","uncultured bacterium"
"ASV3414","Bin31",4.23190859077444e-05,"Bacteria","Planctomycetota","Planctomycetes","Planctomycetales","Schlesneriaceae","Planctopirus","uncultured bacterium"
"ASV3415","Bin3",4.23190859077444e-05,"Bacteria","Chloroflexi","Anaerolineae","SBR1031","A4b","uncultured","uncultured bacterium"
"ASV3416","Bin100",4.23190859077444e-05,"Bacteria","Desulfobacterota","Desulfuromonadia","PB19",NA,"uncultured","uncultured bacterium"
"ASV3417","Bin52",4.23190859077444e-05,"Bacteria","Patescibacteria","Saccharimonadia","Saccharimonadales",NA,"uncultured","uncultured bacterium"
"ASV3418","Bin107",4.23190859077444e-05,"Bacteria","Actinobacteriota","Actinobacteria","Micromonosporales","Micromonosporaceae","uncultured","uncultured bacterium"
"ASV3419","Bin48",4.23190859077444e-05,"Bacteria","Cyanobacteria","Cyanobacteriia","Cyanobacteriales","Xenococcaceae","Pleurocapsa PCC-7319","uncultured bacterium"
"ASV3420","Bin95",4.23190859077444e-05,"Bacteria","Proteobacteria","Alphaproteobacteria","Rhodospirillales",NA,"uncultured","uncultured bacterium"
"ASV3421","Bin86",4.23190859077444e-05,"Bacteria","Proteobacteria","Alphaproteobacteria","Rhizobiales","Rhizobiaceae","Pseudaminobacter","uncultured bacterium"
"ASV3422","Bin48",4.23190859077444e-05,"Bacteria","Cyanobacteria","Cyanobacteriia","Chloroplast",NA,"uncultured","uncultured bacterium"
"ASV3423","Bin92",4.23190859077444e-05,"Bacteria","Proteobacteria","Alphaproteobacteria","Rhizobiales","Rhizobiales Incertae Sedis","uncultured","uncultured bacterium"
"ASV3424","Bin107",4.23190859077444e-05,"Bacteria","Actinobacteriota","Actinobacteria","Micromonosporales","Micromonosporaceae","Actinoplanes","uncultured bacterium"
"ASV3425","Bin87",4.23190859077444e-05,"Bacteria","Proteobacteria","Alphaproteobacteria","Rhizobiales","Devosiaceae","uncultured","uncultured bacterium"
"ASV3426","Bin7",4.23190859077444e-05,"Bacteria","Chloroflexi","Anaerolineae","Caldilineales","Caldilineaceae","uncultured","uncultured bacterium"
"ASV3427","Bin34",4.23190859077444e-05,"Bacteria","Planctomycetota","Planctomycetes","Pirellulales","Pirellulaceae","uncultured","uncultured bacterium"
"ASV3428","Bin48",4.23190859077444e-05,"Bacteria","Verrucomicrobiota","Chlamydiae","Chlamydiales","Parachlamydiaceae","Neochlamydia","uncultured bacterium"
"ASV3429","Bin60",4.23190859077444e-05,"Bacteria","Proteobacteria","Gammaproteobacteria","Coxiellales","Coxiellaceae","Coxiella","uncultured bacterium"
"ASV3430","Bin21",4.23190859077444e-05,"Bacteria","Bacteroidota","Bacteroidia","Flavobacteriales","NS9 marine group","uncultured","uncultured bacterium"
"ASV3431","Bin61",4.23190859077444e-05,"Bacteria","Dependentiae","Babeliae","Babeliales","Vermiphilaceae","uncultured","uncultured bacterium"
"ASV3432","Bin48",4.23190859077444e-05,"Bacteria","Acidobacteriota","Aminicenantia","Aminicenantales",NA,"uncultured","uncultured bacterium"
"ASV3433","Bin5",4.23190859077444e-05,"Bacteria","Chloroflexi","Anaerolineae","SBR1031",NA,"uncultured","uncultured bacterium"
"ASV3434","Bin57",4.23190859077444e-05,"Bacteria","Firmicutes","Clostridia","Clostridiales","Clostridiaceae","Clostridium sensu stricto 11","senegalense"
"ASV3435","Bin70",4.36205016357688e-05,"Bacteria","Proteobacteria","Gammaproteobacteria","Burkholderiales","Comamonadaceae","uncultured","uncultured bacterium"
"ASV3436","Bin14",4.36205016357688e-05,"Bacteria","Bacteroidota","Kapabacteria","Kapabacteriales",NA,"uncultured","uncultured bacterium"
"ASV3437","Bin51",4.36205016357688e-05,"Bacteria","Patescibacteria","WWE3",NA,NA,"uncultured","uncultured bacterium"
"ASV3438","Bin69",4.36205016357688e-05,"Bacteria","Proteobacteria","Gammaproteobacteria","Burkholderiales","Comamonadaceae","Rubrivivax","uncultured bacterium"
"ASV3439","Bin40",4.36205016357688e-05,"Bacteria","Planctomycetota","Planctomycetes","Isosphaerales","Isosphaeraceae","uncultured","uncultured bacterium"
"ASV3440","Bin65",4.36205016357688e-05,"Bacteria","Proteobacteria","Gammaproteobacteria","Burkholderiales","Rhodocyclaceae","Denitratisoma","uncultured bacterium"
"ASV3441","Bin101",4.36205016357688e-05,"Bacteria","Desulfobacterota",NA,NA,NA,"uncultured","uncultured bacterium"
"ASV3442","Bin48",4.36205016357688e-05,"Bacteria",NA,NA,NA,NA,"uncultured","uncultured bacterium"
"ASV3443","Bin90",4.36205016357688e-05,"Bacteria","Proteobacteria","Alphaproteobacteria","Rhizobiales","Xanthobacteraceae","Afipia","uncultured bacterium"
"ASV3444","Bin43",4.36205016357688e-05,"Bacteria","Acidobacteriota","Acidobacteriae","Bryobacterales","Bryobacteraceae","Bryobacter","uncultured bacterium"
"ASV3445","Bin52",4.36205016357688e-05,"Bacteria","Elusimicrobiota","Rs-M47",NA,NA,"uncultured","uncultured bacterium"
"ASV3446","Bin103",4.36205016357688e-05,"Bacteria","Verrucomicrobiota","Verrucomicrobiae","Opitutales","Opitutaceae","Alterococcus","uncultured bacterium"
"ASV3447","Bin22",4.36205016357688e-05,"Bacteria","Bacteroidota","Bacteroidia","Bacteroidales","M2PB4-65 termite group","uncultured","uncultured bacterium"
"ASV3448","Bin49",4.36205016357688e-05,"Bacteria","Margulisbacteria",NA,NA,NA,"uncultured","uncultured bacterium"
"ASV3449","Bin41",4.36205016357688e-05,"Bacteria","Planctomycetota","Phycisphaerae","MSBL9","SM23-30","uncultured","uncultured bacterium"
"ASV3450","Bin51",4.36205016357688e-05,"Bacteria","Patescibacteria","Microgenomatia","Candidatus Collierbacteria",NA,"uncultured","uncultured bacterium"
"ASV3451","Bin69",4.36205016357688e-05,"Bacteria","Proteobacteria","Gammaproteobacteria","Burkholderiales","Comamonadaceae","uncultured","uncultured bacterium"
"ASV3452","Bin92",4.36205016357688e-05,"Bacteria","Proteobacteria","Alphaproteobacteria","Rhizobiales","Hyphomicrobiaceae","Hyphomicrobium","denitrificans"
"ASV3453","Bin11",4.36205016357688e-05,"Bacteria","Armatimonadota","Chthonomonadetes","Chthonomonadales","Chthonomonadaceae","Chthonomonas","uncultured bacterium"
"ASV3454","Bin11",4.36205016357688e-05,"Bacteria","WS2",NA,NA,NA,"uncultured","uncultured bacterium"
"ASV3455","Bin67",4.36205016357688e-05,"Bacteria","Proteobacteria","Gammaproteobacteria","Burkholderiales","Oxalobacteraceae","uncultured","uncultured bacterium"
"ASV3456","Bin49",4.36205016357688e-05,"Archaea","Iainarchaeota","Iainarchaeia","Iainarchaeales","Candidatus Iainarchaeum","uncultured","uncultured bacterium"
"ASV3457","Bin31",4.05844155844156e-05,"Bacteria","Planctomycetota","Planctomycetes","Planctomycetales",NA,"uncultured","uncultured bacterium"
"ASV3458","Bin17",4.05844155844156e-05,"Bacteria","Bacteroidota","Bacteroidia","Cytophagales","Spirosomaceae","Lacihabitans","uncultured bacterium"
"ASV3459","Bin49",4.05844155844156e-05,"Bacteria","Margulisbacteria",NA,NA,NA,"uncultured","uncultured bacterium"
"ASV3460","Bin47",4.05844155844156e-05,"Bacteria","Acidobacteriota","Blastocatellia","Blastocatellales","Blastocatellaceae","JGI 0001001-H03","uncultured bacterium"
"ASV3461","Bin11",4.05844155844156e-05,"Bacteria","Elusimicrobiota","Elusimicrobia","MVP-88",NA,"uncultured","uncultured bacterium"
"ASV3462","Bin71",4.05844155844156e-05,"Bacteria","Proteobacteria","Gammaproteobacteria","Burkholderiales","Comamonadaceae","Curvibacter","uncultured bacterium"
"ASV3463","Bin49",4.05844155844156e-05,"Bacteria","Margulisbacteria",NA,NA,NA,"uncultured","uncultured bacterium"
"ASV3464","Bin44",4.05844155844156e-05,"Bacteria",NA,NA,NA,NA,"uncultured","uncultured bacterium"
"ASV3465","Bin52",4.05844155844156e-05,"Bacteria","Patescibacteria","Berkelbacteria",NA,NA,"uncultured","uncultured bacterium"
"ASV3466","Bin105",4.05844155844156e-05,"Bacteria","Actinobacteriota","Thermoleophilia","Gaiellales",NA,"uncultured","uncultured bacterium"
"ASV3467","Bin32",4.05844155844156e-05,"Bacteria","Planctomycetota","Planctomycetes","Planctomycetales",NA,"uncultured","uncultured bacterium"
"ASV3468","Bin71",4.05844155844156e-05,"Bacteria","Proteobacteria","Gammaproteobacteria","Burkholderiales","Comamonadaceae","Curvibacter","uncultured bacterium"
"ASV3469","Bin103",4.05844155844156e-05,"Bacteria","Verrucomicrobiota","Verrucomicrobiae","Verrucomicrobiales","Verrucomicrobiaceae","uncultured","uncultured bacterium"
"ASV3470","Bin50",4.05844155844156e-05,"Bacteria","Proteobacteria","Alphaproteobacteria","Rickettsiales","Mitochondria","uncultured","uncultured bacterium"
"ASV3471","Bin8",4.05844155844156e-05,"Bacteria","Chloroflexi","Anaerolineae","RBG-13-54-9",NA,"uncultured","uncultured bacterium"
"ASV3472","Bin1",4.05844155844156e-05,"Bacteria","Chloroflexi","Anaerolineae","SBR1031","A4b","uncultured","uncultured bacterium"
"ASV3473","Bin44",4.05844155844156e-05,"Bacteria","Verrucomicrobiota","Omnitrophia","Omnitrophales","Omnitrophaceae","Candidatus Omnitrophus","uncultured bacterium"
"ASV3474","Bin3",4.05844155844156e-05,"Bacteria","Chloroflexi","Anaerolineae","SBR1031","A4b","uncultured","uncultured bacterium"
"ASV3475","Bin45",4.05844155844156e-05,"Bacteria","Acidobacteriota","Subgroup 22",NA,NA,"uncultured","uncultured bacterium"
"ASV3476","Bin47",4.05844155844156e-05,"Bacteria","Acidobacteriota","Blastocatellia","Blastocatellales","Blastocatellaceae","JGI 0001001-H03","uncultured bacterium"
"ASV3477","Bin71",4.05844155844156e-05,"Bacteria","Proteobacteria","Gammaproteobacteria","Burkholderiales","Comamonadaceae","Curvibacter","uncultured bacterium"
"ASV3478","Bin61",4.05844155844156e-05,"Bacteria","Proteobacteria","Gammaproteobacteria","Pseudomonadales","Moraxellaceae","Acinetobacter","uncultured bacterium"
"ASV3479","Bin75",4.05844155844156e-05,"Bacteria","SAR324 clade(Marine group B)",NA,NA,NA,"uncultured","uncultured bacterium"
"ASV3480","Bin23",4.05844155844156e-05,"Bacteria","Bacteroidota","Bacteroidia","Sphingobacteriales","env.OPS 17","uncultured","uncultured bacterium"
"ASV3481","Bin37",4.05844155844156e-05,"Bacteria","Planctomycetota","Planctomycetes","Pirellulales","Pirellulaceae","Pir4 lineage","uncultured bacterium"
"ASV3482","Bin3",4.05844155844156e-05,"Bacteria","Chloroflexi","Anaerolineae","SBR1031","A4b","uncultured","uncultured bacterium"
"ASV3483","Bin99",4.05844155844156e-05,"Bacteria","Desulfobacterota","Syntrophobacteria","Syntrophobacterales","Syntrophobacteraceae","Desulforhabdus","uncultured bacterium"
"ASV3520","Bin50",3.34866276733491e-05,"Bacteria","Proteobacteria","Alphaproteobacteria","Rickettsiales","Mitochondria","uncultured","uncultured bacterium"
"ASV3521","Bin47",3.34866276733491e-05,"Bacteria","Acidobacteriota","Blastocatellia","Blastocatellales","Blastocatellaceae","Stenotrophobacter","uncultured bacterium"
"ASV3522","Bin39",3.34866276733491e-05,"Bacteria","Planctomycetota","Planctomycetes","Gemmatales","Gemmataceae","Fimbriiglobus","uncultured bacterium"
"ASV3523","Bin21",3.34866276733491e-05,"Bacteria","Bacteroidota","Bacteroidia",NA,NA,"uncultured","uncultured bacterium"
"ASV3524","Bin39",3.34866276733491e-05,"Bacteria","Planctomycetota","Planctomycetes","Gemmatales","Gemmataceae","Fimbriiglobus","uncultured bacterium"
"ASV3525","Bin48",3.34866276733491e-05,"Bacteria","Bdellovibrionota","Oligoflexia","0319-6G20",NA,"uncultured","uncultured bacterium"
"ASV3526","Bin62",3.34866276733491e-05,"Bacteria","Proteobacteria","Gammaproteobacteria","HOC36",NA,"uncultured","uncultured bacterium"
"ASV3527","Bin103",3.34866276733491e-05,"Bacteria","Verrucomicrobiota","Verrucomicrobiae","Verrucomicrobiales","Verrucomicrobiaceae","uncultured","uncultured bacterium"
"ASV3528","Bin51",3.34866276733491e-05,"Bacteria","Patescibacteria","Berkelbacteria",NA,NA,"uncultured","uncultured bacterium"
"ASV3529","Bin102",3.34866276733491e-05,"Bacteria","Dadabacteria","Dadabacteriia","Dadabacteriales",NA,"uncultured","uncultured bacterium"
"ASV3530","Bin107",3.34866276733491e-05,"Bacteria","Actinobacteriota","Actinobacteria","Micromonosporales","Micromonosporaceae","Actinoplanes","uncultured bacterium"
"ASV3531","Bin65",3.34866276733491e-05,"Bacteria","Proteobacteria","Gammaproteobacteria","Burkholderiales","Gallionellaceae","Sideroxydans","uncultured bacterium"
"ASV3532","Bin23",3.34866276733491e-05,"Bacteria","Bacteroidota","Bacteroidia","Sphingobacteriales","env.OPS 17","uncultured","uncultured bacterium"
"ASV3533","Bin52",3.34866276733491e-05,"Bacteria","Patescibacteria","Saccharimonadia","Saccharimonadales",NA,"uncultured","uncultured bacterium"
"ASV3534","Bin101",3.34866276733491e-05,"Bacteria","Myxococcota","bacteriap25",NA,NA,"uncultured","uncultured bacterium"
"ASV3535","Bin20",3.34866276733491e-05,"Bacteria","Bacteroidota","Bacteroidia","Flavobacteriales","NS9 marine group","uncultured","uncultured bacterium"
"ASV3536","Bin81",3.34866276733491e-05,"Bacteria","Proteobacteria","Alphaproteobacteria","Rhodobacterales","Rhodobacteraceae","Oceanicella","uncultured bacterium"
"ASV3537","Bin12",3.34866276733491e-05,"Bacteria","Firmicutes","Negativicutes","Veillonellales-Selenomonadales","Sporomusaceae","uncultured","uncultured bacterium"
"ASV3538","Bin90",3.34866276733491e-05,"Bacteria","Proteobacteria","Alphaproteobacteria","Rhizobiales","Xanthobacteraceae","Pseudolabrys","uncultured bacterium"
"ASV3539","Bin102",3.34866276733491e-05,"Bacteria","Proteobacteria",NA,NA,NA,"uncultured","uncultured bacterium"
"ASV3540","Bin48",3.34866276733491e-05,"Bacteria","Cyanobacteria","Sericytochromatia",NA,NA,"uncultured","uncultured bacterium"
"ASV3541","Bin18",3.34866276733491e-05,"Bacteria","Bacteroidota","Bacteroidia","Bacteroidales","Paludibacteraceae","uncultured","uncultured bacterium"
"ASV3542","Bin50",3.34866276733491e-05,"Bacteria","Proteobacteria","Alphaproteobacteria","Rickettsiales","Mitochondria","uncultured","uncultured bacterium"
"ASV3543","Bin65",3.34866276733491e-05,"Bacteria","Proteobacteria","Gammaproteobacteria","Burkholderiales","Gallionellaceae","Sideroxydans","uncultured bacterium"
"ASV3544","Bin49",3.34866276733491e-05,"Bacteria",NA,NA,NA,NA,"uncultured","uncultured bacterium"
"ASV3545","Bin90",3.34866276733491e-05,"Bacteria","Proteobacteria","Alphaproteobacteria","Rhizobiales","Xanthobacteraceae","Pseudolabrys","uncultured bacterium"
"ASV3546","Bin41",3.17393144308083e-05,"Bacteria","Planctomycetota","Phycisphaerae","Tepidisphaerales","CPla-3 termite group","uncultured","uncultured bacterium"
"ASV3547","Bin58",3.17393144308083e-05,"Bacteria","Firmicutes","Clostridia","Clostridia vadinBB60 group",NA,"uncultured","uncultured bacterium"
"ASV3548","Bin107",3.17393144308083e-05,"Bacteria","Actinobacteriota","Actinobacteria","Micromonosporales","Micromonosporaceae","uncultured","uncultured bacterium"
"ASV3549","Bin41",3.17393144308083e-05,"Bacteria","Planctomycetota","Phycisphaerae","Phycisphaerales","Phycisphaeraceae","SM1A02","uncultured bacterium"
"ASV3550","Bin54",3.17393144308083e-05,"Bacteria",NA,NA,NA,NA,"uncultured","uncultured bacterium"
"ASV3551","Bin48",3.17393144308083e-05,"Bacteria","Acidobacteriota","Aminicenantia","Aminicenantales",NA,"uncultured","uncultured bacterium"
"ASV3552","Bin82",3.17393144308083e-05,"Bacteria","Proteobacteria","Alphaproteobacteria","Rhizobiales","Rhizobiaceae","Allorhizobium-Neorhizobium-Pararhizobium-Rhizobium","uncultured bacterium"
"ASV3553","Bin103",3.17393144308083e-05,"Bacteria",NA,NA,NA,NA,"uncultured","uncultured bacterium"
"ASV3554","Bin41",3.17393144308083e-05,"Bacteria","Planctomycetota","Phycisphaerae","MSBL9","SM23-30","uncultured","uncultured bacterium"
"ASV3555","Bin74",3.17393144308083e-05,"Bacteria","SAR324 clade(Marine group B)",NA,NA,NA,"uncultured","uncultured bacterium"
"ASV3556","Bin39",3.17393144308083e-05,"Bacteria","Planctomycetota","Planctomycetes","Gemmatales","Gemmataceae","Gemmata","uncultured bacterium"
"ASV3557","Bin22",3.17393144308083e-05,"Bacteria","Bacteroidota","Bacteroidia","Sphingobacteriales","Lentimicrobiaceae","uncultured","uncultured bacterium"
"ASV3558","Bin24",3.17393144308083e-05,"Bacteria","Bacteroidota","Bacteroidia","Chitinophagales","Chitinophagaceae","uncultured","uncultured bacterium"
"ASV3559","Bin54",3.17393144308083e-05,"Bacteria","Spirochaetota","Spirochaetia","Spirochaetales","Spirochaetaceae","Spirochaeta 2","uncultured bacterium"
"ASV3560","Bin70",3.17393144308083e-05,"Bacteria","Proteobacteria","Gammaproteobacteria","Burkholderiales","Comamonadaceae","Ideonella","uncultured bacterium"
"ASV3561","Bin19",3.17393144308083e-05,"Bacteria","Bacteroidota","Bacteroidia","Bacteroidales","SB-5","uncultured","uncultured bacterium"
"ASV3562","Bin50",3.17393144308083e-05,"Bacteria","Proteobacteria","Alphaproteobacteria","Rickettsiales","Mitochondria","uncultured","uncultured bacterium"
"ASV3563","Bin61",3.17393144308083e-05,"Bacteria","Dependentiae","Babeliae","Babeliales","UBA12409","uncultured","uncultured bacterium"
"ASV3564","Bin51",3.17393144308083e-05,"Bacteria","Patescibacteria","Microgenomatia","Candidatus Woesebacteria",NA,"uncultured","uncultured bacterium"
"ASV3565","Bin48",3.27153762268266e-05,"Bacteria","Bdellovibrionota","Oligoflexia","0319-6G20",NA,"uncultured","uncultured bacterium"
"ASV3566","Bin48",3.27153762268266e-05,"Bacteria","Cyanobacteria","Vampirivibrionia","Obscuribacterales","Obscuribacteraceae","uncultured","uncultured bacterium"
"ASV3567","Bin100",3.27153762268266e-05,"Bacteria","Myxococcota","Polyangia","mle1-27",NA,"uncultured","uncultured bacterium"
"ASV3568","Bin68",3.27153762268266e-05,"Bacteria","Proteobacteria","Gammaproteobacteria","Burkholderiales","Comamonadaceae","Rivibacter","uncultured bacterium"
"ASV3569","Bin99",3.27153762268266e-05,"Bacteria","Desulfobacterota","Syntrophobacteria","Syntrophobacterales","Syntrophobacteraceae","Syntrophobacter","uncultured bacterium"
"ASV3570","Bin5",3.27153762268266e-05,"Bacteria","Chloroflexi","Anaerolineae","SBR1031",NA,"uncultured","uncultured bacterium"
"ASV3571","Bin40",3.27153762268266e-05,"Bacteria","Planctomycetota","Planctomycetes","Gemmatales","Gemmataceae","uncultured","uncultured bacterium"
"ASV3572","Bin48",3.27153762268266e-05,"Bacteria","Spirochaetota","Brevinematia","Brevinematales","Brevinemataceae","Brevinema","uncultured bacterium"
"ASV3573","Bin41",3.27153762268266e-05,"Bacteria","Planctomycetota","Phycisphaerae","S-70",NA,"uncultured","uncultured bacterium"
"ASV3574","Bin95",3.27153762268266e-05,"Bacteria","Proteobacteria","Alphaproteobacteria","Rhodospirillales",NA,"uncultured","uncultured bacterium"
"ASV3575","Bin72",3.27153762268266e-05,"Bacteria","Proteobacteria","Gammaproteobacteria","Xanthomonadales","Rhodanobacteraceae","Ahniella","uncultured bacterium"
"ASV3576","Bin95",3.27153762268266e-05,"Bacteria","Proteobacteria","Alphaproteobacteria","Micavibrionales",NA,"uncultured","uncultured bacterium"
"ASV3577","Bin3",3.27153762268266e-05,"Bacteria","Chloroflexi","Anaerolineae","SBR1031","A4b","uncultured","uncultured bacterium"
"ASV3578","Bin87",3.27153762268266e-05,"Bacteria","Proteobacteria","Alphaproteobacteria","Rhizobiales","Devosiaceae","uncultured","uncultured bacterium"
"ASV3579","Bin24",3.27153762268266e-05,"Bacteria","Bacteroidota","Bacteroidia","Bacteroidales",NA,"uncultured","uncultured bacterium"
"ASV3580","Bin56",3.27153762268266e-05,"Bacteria","Firmicutes","Bacilli","RF39",NA,"uncultured","uncultured bacterium"
"ASV3581","Bin73",3.27153762268266e-05,"Bacteria","Proteobacteria","Gammaproteobacteria","Diplorickettsiales","Diplorickettsiaceae","uncultured","uncultured bacterium"
"ASV3582","Bin57",3.27153762268266e-05,"Bacteria","Firmicutes","Clostridia","Clostridiales","Clostridiaceae","Sarcina","uncultured bacterium"
"ASV3583","Bin98",3.27153762268266e-05,"Bacteria","Desulfobacterota","Desulfuromonadia","Geobacterales","Geobacteraceae","Trichlorobacter","uncultured bacterium"
"ASV3584","Bin61",3.27153762268266e-05,"Bacteria","Bdellovibrionota","Bdellovibrionia","Bacteriovoracales","Bacteriovoracaceae","Peredibacter","uncultured bacterium"
"ASV3585","Bin98",3.27153762268266e-05,"Bacteria","Desulfobacterota","Desulfuromonadia","Geobacterales","Geobacteraceae","Trichlorobacter","uncultured bacterium"
"ASV3586","Bin98",3.27153762268266e-05,"Bacteria","Desulfobacterota","Desulfuromonadia","Geobacterales","Geobacteraceae","uncultured","uncultured bacterium"
"ASV3587","Bin97",3.27153762268266e-05,"Bacteria","Proteobacteria","Alphaproteobacteria","Rickettsiales","Anaplasmataceae","uncultured","uncultured bacterium"
"ASV3588","Bin101",3.27153762268266e-05,"Bacteria","SAR324 clade(Marine group B)",NA,NA,NA,"uncultured","uncultured bacterium"
"ASV3589","Bin50",3.27153762268266e-05,"Bacteria","Proteobacteria","Alphaproteobacteria","Rickettsiales","Mitochondria","uncultured","uncultured bacterium"
"ASV3590","Bin40",3.04383116883117e-05,"Bacteria","Planctomycetota","Pla3 lineage",NA,NA,"uncultured","uncultured bacterium"
"ASV3591","Bin41",3.04383116883117e-05,"Bacteria","Planctomycetota","Phycisphaerae","Phycisphaerales","Phycisphaeraceae","SM1A02","uncultured bacterium"
"ASV3592","Bin48",3.04383116883117e-05,"Bacteria","Deinococcota","Deinococci","Deinococcales","Trueperaceae","Truepera","uncultured bacterium"
"ASV3593","Bin51",3.04383116883117e-05,"Bacteria","Patescibacteria","Microgenomatia","Candidatus Woesebacteria",NA,"uncultured","uncultured bacterium"
"ASV3594","Bin19",3.04383116883117e-05,"Bacteria","Bacteroidota","Bacteroidia","Bacteroidales","Bacteroidetes BD2-2","uncultured","uncultured bacterium"
"ASV3595","Bin102",3.04383116883117e-05,"Bacteria","Bdellovibrionota","Bdellovibrionia","Bdellovibrionales","Bdellovibrionaceae","Bdellovibrio","uncultured bacterium"
"ASV3596","Bin17",3.04383116883117e-05,"Bacteria","Bacteroidota","Bacteroidia","Cytophagales","Spirosomaceae","Emticicia","uncultured bacterium"
"ASV3597","Bin67",3.04383116883117e-05,"Bacteria","Proteobacteria","Gammaproteobacteria","Burkholderiales","Oxalobacteraceae","uncultured","uncultured bacterium"
"ASV3598","Bin12",3.04383116883117e-05,"Bacteria","FCPU426",NA,NA,NA,"uncultured","uncultured bacterium"
"ASV3599","Bin52",3.04383116883117e-05,"Bacteria","Patescibacteria","Berkelbacteria",NA,NA,"uncultured","uncultured bacterium"
"ASV3600","Bin51",3.04383116883117e-05,"Bacteria","Patescibacteria","Microgenomatia","Candidatus Gottesmanbacteria",NA,"uncultured","uncultured bacterium"
"ASV3601","Bin52",3.04383116883117e-05,"Bacteria","Patescibacteria","CPR2",NA,NA,"uncultured","uncultured bacterium"
"ASV3602","Bin103",3.04383116883117e-05,"Bacteria","Verrucomicrobiota","Verrucomicrobiae","Verrucomicrobiales","Rubritaleaceae","uncultured","uncultured bacterium"
"ASV3603","Bin54",3.04383116883117e-05,"Bacteria","Spirochaetota","Spirochaetia","Spirochaetales","Spirochaetaceae","uncultured","uncultured bacterium"
"ASV3604","Bin48",3.04383116883117e-05,"Bacteria","Cyanobacteria","Sericytochromatia",NA,NA,"uncultured","uncultured bacterium"
"ASV3605","Bin67",3.04383116883117e-05,"Bacteria","Proteobacteria","Gammaproteobacteria","Burkholderiales","Oxalobacteraceae","uncultured","uncultured bacterium"
"ASV3606","Bin39",3.04383116883117e-05,"Bacteria","Planctomycetota","Planctomycetes","Gemmatales","Gemmataceae","uncultured","uncultured bacterium"
"ASV3607","Bin81",3.04383116883117e-05,"Bacteria","Proteobacteria","Alphaproteobacteria","Rhodobacterales","Rhodobacteraceae","Rhodobaculum","uncultured bacterium"
"ASV3608","Bin65",3.04383116883117e-05,"Bacteria","Proteobacteria","Gammaproteobacteria","Burkholderiales","Rhodocyclaceae","Sulfuritalea","uncultured bacterium"
"ASV3609","Bin71",3.04383116883117e-05,"Bacteria","Proteobacteria","Gammaproteobacteria","Burkholderiales","Comamonadaceae","Curvibacter","uncultured bacterium"
"ASV3610","Bin34",3.04383116883117e-05,"Bacteria","Planctomycetota","Planctomycetes","Pirellulales","Pirellulaceae","uncultured","uncultured bacterium"
"ASV3645","Bin7",2.23244184488994e-05,"Bacteria","Chloroflexi","TK10",NA,NA,"uncultured","uncultured bacterium"
"ASV3646","Bin107",2.23244184488994e-05,"Bacteria","Actinobacteriota","Actinobacteria","Micromonosporales","Micromonosporaceae","Actinoplanes","uncultured bacterium"
"ASV3647","Bin50",2.23244184488994e-05,"Bacteria","Proteobacteria","Alphaproteobacteria","Rickettsiales","Mitochondria","uncultured","uncultured bacterium"
"ASV3648","Bin107",2.23244184488994e-05,"Bacteria","Actinobacteriota","Actinobacteria","Micromonosporales","Micromonosporaceae","uncultured","uncultured bacterium"
"ASV3649","Bin70",2.23244184488994e-05,"Bacteria","Proteobacteria","Gammaproteobacteria","Burkholderiales","Comamonadaceae","uncultured","uncultured bacterium"
"ASV3650","Bin8",2.23244184488994e-05,"Bacteria","Chloroflexi","Anaerolineae","Anaerolineales","Anaerolineaceae","uncultured","uncultured bacterium"
"ASV3651","Bin61",2.23244184488994e-05,"Bacteria","Dependentiae","Babeliae","Babeliales",NA,"uncultured","uncultured bacterium"
"ASV3652","Bin44",2.23244184488994e-05,"Bacteria","Latescibacterota",NA,NA,NA,"uncultured","uncultured bacterium"
"ASV3653","Bin97",2.23244184488994e-05,"Bacteria","Proteobacteria","Alphaproteobacteria",NA,NA,"uncultured","uncultured bacterium"
"ASV3654","Bin47",2.23244184488994e-05,"Bacteria","Acidobacteriota","Blastocatellia","Blastocatellales","Blastocatellaceae","uncultured","uncultured bacterium"
"ASV3655","Bin51",2.23244184488994e-05,"Bacteria","Patescibacteria","Parcubacteria","Candidatus Azambacteria",NA,"uncultured","uncultured bacterium"
"ASV3656","Bin65",2.11595429538722e-05,"Bacteria","Proteobacteria","Gammaproteobacteria","Burkholderiales","Rhodocyclaceae","Denitratisoma","uncultured bacterium"
"ASV3657","Bin54",2.11595429538722e-05,"Bacteria","Spirochaetota","Spirochaetia","Spirochaetales","Spirochaetaceae","Spirochaeta","uncultured bacterium"
"ASV3658","Bin82",2.11595429538722e-05,"Bacteria","Proteobacteria","Alphaproteobacteria","Rhizobiales","Rhizobiaceae","Allorhizobium-Neorhizobium-Pararhizobium-Rhizobium","uncultured bacterium"
"ASV3659","Bin22",2.11595429538722e-05,"Bacteria","Bacteroidota","Bacteroidia","Flavobacteriales","Cryomorphaceae","uncultured","uncultured bacterium"
"ASV3660","Bin41",2.11595429538722e-05,"Bacteria","Planctomycetota",NA,NA,NA,"uncultured","uncultured bacterium"
"ASV3661","Bin37",2.11595429538722e-05,"Bacteria","Planctomycetota","Planctomycetes","Pirellulales","Pirellulaceae","Bythopirellula","uncultured bacterium"
"ASV3662","Bin95",2.11595429538722e-05,"Bacteria","Proteobacteria","Alphaproteobacteria","Rhodospirillales",NA,"uncultured","uncultured bacterium"
"ASV3663","Bin92",2.11595429538722e-05,"Bacteria","Proteobacteria","Alphaproteobacteria","Rhizobiales","Hyphomicrobiaceae","Hyphomicrobium","uncultured bacterium"
"ASV3664","Bin82",2.11595429538722e-05,"Bacteria","Proteobacteria","Alphaproteobacteria","Rhizobiales","Rhizobiaceae","Allorhizobium-Neorhizobium-Pararhizobium-Rhizobium","uncultured bacterium"
"ASV3665","Bin83",2.11595429538722e-05,"Bacteria","Proteobacteria","Alphaproteobacteria","Rhizobiales","Rhizobiaceae","[Rhizobium] sphaerophysae group","uncultured bacterium"
"ASV3666","Bin98",2.11595429538722e-05,"Bacteria","Desulfobacterota","Desulfomonilia","Desulfomonilales","Desulfomonilaceae","Desulfomonile","uncultured bacterium"
"ASV3667","Bin12",2.11595429538722e-05,"Bacteria","Spirochaetota","Spirochaetia","Spirochaetales","Spirochaetaceae","uncultured","uncultured bacterium"
"ASV3668","Bin39",2.11595429538722e-05,"Bacteria","Planctomycetota","Planctomycetes","Gemmatales","Gemmataceae","Gemmata","uncultured bacterium"
"ASV3669","Bin98",2.18102508178844e-05,"Bacteria","Desulfobacterota","Desulfuromonadia","Geobacterales","Geobacteraceae","uncultured","uncultured bacterium"
"ASV3670","Bin98",2.18102508178844e-05,"Bacteria","Desulfobacterota","Desulfuromonadia","Geobacterales","Geobacteraceae","uncultured","uncultured bacterium"
"ASV3671","Bin56",2.18102508178844e-05,"Bacteria","Firmicutes","Bacilli","Lactobacillales","Lactobacillaceae","Leuconostoc","uncultured bacterium"
"ASV3672","Bin7",2.18102508178844e-05,"Bacteria","Chloroflexi","Anaerolineae","Caldilineales","Caldilineaceae","uncultured","uncultured bacterium"
"ASV3673","Bin72",2.18102508178844e-05,"Bacteria","Proteobacteria","Gammaproteobacteria","Xanthomonadales","Rhodanobacteraceae","Ahniella","uncultured bacterium"
"ASV3674","Bin41",2.18102508178844e-05,"Bacteria","Planctomycetota","Phycisphaerae","MSBL9","SG8-4","uncultured","uncultured bacterium"
"ASV3675","Bin75",2.18102508178844e-05,"Bacteria","Campylobacterota","Campylobacteria","Campylobacterales",NA,"uncultured","uncultured bacterium"
"ASV3676","Bin13",2.18102508178844e-05,"Bacteria","Fibrobacterota","Fibrobacteria","Fibrobacterales","BBMC-4","uncultured","uncultured bacterium"
"ASV3677","Bin41",2.18102508178844e-05,"Bacteria","Planctomycetota","Phycisphaerae","Phycisphaerales","AKAU3564 sediment group","uncultured","uncultured bacterium"
"ASV3678","Bin24",2.18102508178844e-05,"Bacteria","Bacteroidota","Bacteroidia","Sphingobacteriales","Sphingobacteriaceae","Mucilaginibacter","uncultured bacterium"
"ASV3679","Bin41",2.18102508178844e-05,"Bacteria","Planctomycetota","Phycisphaerae","CCM11a",NA,"uncultured","uncultured bacterium"
"ASV3680","Bin40",2.18102508178844e-05,"Bacteria","Planctomycetota",NA,NA,NA,"uncultured","uncultured bacterium"
"ASV3681","Bin103",2.02922077922078e-05,"Bacteria","Verrucomicrobiota","Verrucomicrobiae","Opitutales","Opitutaceae","uncultured","uncultured bacterium"
"ASV3682","Bin73",2.02922077922078e-05,"Bacteria","Proteobacteria","Gammaproteobacteria","Diplorickettsiales","Diplorickettsiaceae","uncultured","uncultured bacterium"
"ASV3683","Bin102",2.02922077922078e-05,"Bacteria","Chloroflexi","Chloroflexia","Chloroflexales","Roseiflexaceae","uncultured","uncultured bacterium"
"ASV3684","Bin40",2.02922077922078e-05,"Bacteria","Planctomycetota","BD7-11",NA,NA,"uncultured","uncultured bacterium"
"ASV3685","Bin56",2.02922077922078e-05,"Bacteria","Spirochaetota","MVP-15",NA,NA,"uncultured","uncultured bacterium"
"ASV3686","Bin65",2.02922077922078e-05,"Bacteria","Proteobacteria","Gammaproteobacteria","Burkholderiales","Rhodocyclaceae","Sulfuritalea","uncultured bacterium"
"ASV3687","Bin17",2.02922077922078e-05,"Bacteria","Bacteroidota","Bacteroidia","Cytophagales","Microscillaceae","OLB12","uncultured bacterium"
"ASV3688","Bin73",2.02922077922078e-05,"Bacteria","Proteobacteria","Gammaproteobacteria",NA,NA,"uncultured","uncultured bacterium"
"ASV3689","Bin52",2.02922077922078e-05,"Bacteria","Patescibacteria","Saccharimonadia","Saccharimonadales",NA,"uncultured","uncultured bacterium"
"ASV3690","Bin48",2.02922077922078e-05,"Bacteria",NA,NA,NA,NA,"uncultured","uncultured bacterium"
"ASV3691","Bin48",2.02922077922078e-05,"Bacteria","Cyanobacteria","Cyanobacteriia","Chloroplast",NA,"uncultured","uncultured bacterium"
"ASV3692","Bin31",2.02922077922078e-05,"Bacteria","Planctomycetota","Planctomycetes","Planctomycetales",NA,"uncultured","uncultured bacterium"
"ASV3714","Bin79",1.11622092244497e-05,"Bacteria","Proteobacteria","Alphaproteobacteria","Tistrellales","Geminicoccaceae","Arboricoccus","uncultured bacterium"
"ASV3715","Bin37",1.11622092244497e-05,"Bacteria","Planctomycetota","Planctomycetes","Pirellulales","Pirellulaceae","Pir4 lineage","uncultured bacterium"
"ASV3716","Bin70",1.11622092244497e-05,"Bacteria","Proteobacteria","Gammaproteobacteria","Burkholderiales","Comamonadaceae","Rubrivivax","uncultured bacterium"
"ASV3717","Bin92",1.11622092244497e-05,"Bacteria","Proteobacteria","Alphaproteobacteria","Rhizobiales","Hyphomicrobiaceae","Hyphomicrobium","uncultured bacterium"
"ASV3718","Bin81",1.11622092244497e-05,"Bacteria","Proteobacteria","Alphaproteobacteria","Rhodobacterales","Rhodobacteraceae","uncultured","uncultured bacterium"
"ASV3719","Bin63",1.05797714769361e-05,"Bacteria","Proteobacteria","Gammaproteobacteria","Burkholderiales","SC-I-84","uncultured","uncultured bacterium"
"ASV3720","Bin90",1.05797714769361e-05,"Bacteria","Proteobacteria","Alphaproteobacteria","Rhizobiales","Xanthobacteraceae","uncultured","uncultured bacterium"
"ASV3721","Bin69",1.05797714769361e-05,"Bacteria","Proteobacteria","Gammaproteobacteria","Burkholderiales","Comamonadaceae","uncultured","uncultured bacterium"
"ASV3722","Bin107",1.05797714769361e-05,"Bacteria","Actinobacteriota","Actinobacteria","Frankiales",NA,"uncultured","uncultured bacterium"
"ASV3723","Bin41",1.05797714769361e-05,"Bacteria","Planctomycetota","Phycisphaerae","Tepidisphaerales",NA,"uncultured","uncultured bacterium"
"ASV3724","Bin65",1.09051254089422e-05,"Bacteria","Proteobacteria","Gammaproteobacteria","Burkholderiales","Rhodocyclaceae","uncultured","uncultured bacterium"
"ASV3725","Bin107",1.09051254089422e-05,"Bacteria","Actinobacteriota","Actinobacteria","Frankiales",NA,"uncultured","uncultured bacterium"
"ASV3726","Bin69",1.09051254089422e-05,"Bacteria","Proteobacteria","Gammaproteobacteria","Burkholderiales","Comamonadaceae","Rubrivivax","uncultured bacterium"
"ASV3727","Bin63",1.09051254089422e-05,"Bacteria","Proteobacteria","Gammaproteobacteria","Burkholderiales","Nitrosomonadaceae","IS-44","uncultured bacterium"
"ASV3728","Bin107",1.01461038961039e-05,"Bacteria","Actinobacteriota","Actinobacteria","Frankiales",NA,"uncultured","uncultured bacterium"
"ASV3729","Bin63",1.01461038961039e-05,"Bacteria","Proteobacteria","Gammaproteobacteria","Burkholderiales","Nitrosomonadaceae","IS-44","uncultured bacterium"
"ASV3730","Bin81",1.01461038961039e-05,"Bacteria","Proteobacteria","Alphaproteobacteria","Rhodobacterales","Rhodobacteraceae","uncultured","uncultured bacterium"
